"dbh","df_status","agb","species","family","species.id","plot","subplot"
33.5,"alive",0.897612519,"grandifolia","Fagaceae",43,1,1
2.8,"alive",0.000935954,"canadensis","Pinaceae",63,1,1
44.5,"dead",1.843573978,"grandifolia","Fagaceae",43,1,1
2.8,"alive",0.000935954,"canadensis","Pinaceae",63,1,1
8.6,"alive",0.017011206,"canadensis","Pinaceae",63,1,1
10.5,"alive",0.02888571,"canadensis","Pinaceae",63,1,1
2,"alive",0.000411639,"canadensis","Pinaceae",63,1,1
5.3,"alive",0.0077052,"canadensis","Pinaceae",63,1,1
34.3,"alive",0.953517841,"grandifolia","Fagaceae",43,1,1
1.8,"alive",0.000320393,"canadensis","Pinaceae",63,1,1
1.5,"alive",0.000209405,"canadensis","Pinaceae",63,1,1
9.4,"alive",0.021534014,"canadensis","Pinaceae",63,1,1
6.5,"alive",0.011974548,"grandifolia","Fagaceae",43,1,1
4.7,"alive",0.003487506,"canadensis","Pinaceae",63,1,1
6.7,"alive",0.008799471,"canadensis","Pinaceae",63,1,1
3.3,"alive",0.002081258,"grandifolia","Fagaceae",43,1,1
8.4,"alive",0.015983644,"canadensis","Pinaceae",63,1,1
29.4,"alive",0.80661281,"rubrum","Sapindaceae",31,2,1
1.1,"alive",0.000120827,"pennsylvanicum","Sapindaceae",30,2,1
3,"alive",0.001287133,"pennsylvanicum","Sapindaceae",30,2,1
9.1,"alive",0.019759262,"canadensis","Pinaceae",63,2,1
11.7,"alive",0.049649894,"rubrum","Sapindaceae",31,2,1
2.3,"alive",0.000743866,"rubrum","Sapindaceae",31,2,1
29.9,"alive",0.490561992,"resinosa","Pinaceae",50,2,1
1.3,"alive",0.00015118,"canadensis","Pinaceae",63,2,1
4.2,"alive",0.003841641,"rubrum","Sapindaceae",31,2,1
1.1,"alive",0.00010435,"canadensis","Pinaceae",63,2,1
38.6,"dead",0.943110937,"resinosa","Pinaceae",50,2,1
30.1,"alive",0.499075672,"resinosa","Pinaceae",50,2,1
32.7,"alive",0.617683382,"resinosa","Pinaceae",50,2,1
2.8,"alive",0.001083736,"pennsylvanicum","Sapindaceae",30,2,1
2.1,"alive",0.000682041,"grandifolia","Fagaceae",43,2,1
1.4,"alive",0.000263498,"grandifolia","Fagaceae",43,2,1
2.6,"alive",0.001148088,"grandifolia","Fagaceae",43,2,1
1.2,"alive",0.000146366,"pennsylvanicum","Sapindaceae",30,2,1
7.3,"alive",0.014222975,"rubrum","Sapindaceae",31,2,1
27.8,"alive",0.554981391,"rubra","Fagaceae",58,2,1
7,"alive",0.009615075,"abies","Pinaceae",47,2,1
26,"alive",0.570598783,"rubrum","Sapindaceae",31,3,1
6.6,"alive",0.01246483,"grandifolia","Fagaceae",43,3,1
26.6,"alive",0.490933313,"canadensis","Pinaceae",63,3,1
39.3,"alive",0.91482363,"canadensis","Pinaceae",63,3,1
17.9,"alive",0.225847847,"canadensis","Pinaceae",63,3,1
28,"alive",0.389416821,"canadensis","Pinaceae",63,3,1
21.1,"alive",0.270161211,"rubra","Fagaceae",58,3,1
14.9,"alive",0.207209496,"rubrum","Sapindaceae",31,3,1
1.3,"alive",0.000175051,"pennsylvanicum","Sapindaceae",30,4,1
16.5,"alive",0.121067935,"papyrifera","Betulaceae",36,4,1
1.3,"alive",0.00015118,"canadensis","Pinaceae",63,4,1
1.3,"alive",0.000222792,"grandifolia","Fagaceae",43,4,1
16,"alive",0.130197292,"rubra","Fagaceae",58,4,1
13.2,"alive",0.078170809,"rubra","Fagaceae",58,4,1
25.8,"alive",0.627186462,"rubra","Fagaceae",58,4,1
25.9,"alive",0.461758615,"grandifolia","Fagaceae",43,4,1
11.5,"alive",0.054202577,"rubra","Fagaceae",58,4,1
3.2,"alive",0.001926037,"grandifolia","Fagaceae",43,4,1
13.4,"alive",0.071185398,"rubrum","Sapindaceae",31,4,1
8.8,"alive",0.026643336,"grandifolia","Fagaceae",43,4,1
16.8,"alive",0.100524946,"canadensis","Pinaceae",63,4,1
24.2,"alive",0.385927211,"rubrum","Sapindaceae",31,4,1
2.3,"alive",0.000667961,"pennsylvanicum","Sapindaceae",30,4,1
5,"dead",0.006033322,"rubra","Fagaceae",58,4,1
24.4,"alive",0.609630459,"rubrum","Sapindaceae",31,4,1
6,"alive",0.009706496,"rubra","Fagaceae",58,4,1
1.6,"alive",0.00035828,"grandifolia","Fagaceae",43,4,1
8,"alive",0.018114427,"rubrum","Sapindaceae",31,4,1
2,"alive",0.000649957,"lenta","Betulaceae",35,4,1
2.8,"alive",0.0013793,"grandifolia","Fagaceae",43,4,1
4,"alive",0.003393606,"grandifolia","Fagaceae",43,4,1
5.4,"alive",0.007370564,"grandifolia","Fagaceae",43,4,1
22.1,"alive",0.30506688,"rubra","Fagaceae",58,4,1
5,"alive",0.005279157,"rubrum","Sapindaceae",31,4,1
23.2,"alive",0.346454476,"rubra","Fagaceae",58,4,1
26.7,"alive",0.428374771,"papyrifera","Betulaceae",36,5,1
1.4,"alive",0.000263498,"grandifolia","Fagaceae",43,5,1
14.2,"alive",0.094889175,"rubra","Fagaceae",58,5,1
6.7,"alive",0.012967642,"grandifolia","Fagaceae",43,5,1
4.3,"alive",0.005028848,"grandifolia","Fagaceae",43,5,1
1,"alive",0.000138256,"corymbosum","Ericaceae",24,5,1
12.7,"alive",0.070552745,"grandifolia","Fagaceae",43,5,1
30.3,"alive",0.594352016,"papyrifera","Betulaceae",36,5,1
2.5,"alive",0.000912123,"rubrum","Sapindaceae",31,5,1
16.8,"alive",0.131925608,"rubrum","Sapindaceae",31,6,1
56.2,"alive",3.286795564,"rubra","Fagaceae",58,6,1
1.8,"alive",0.000396275,"serotina","Rosaceae",55,6,1
22.4,"alive",0.537872078,"alleghaniensis","Betulaceae",34,6,1
23.8,"dead",0.355588535,"unknown","Betulaceae",68,6,1
1,"alive",0.000147413,"spp.","Rosaceae",4,6,1
7.8,"alive",0.019016228,"alleghaniensis","Betulaceae",34,6,1
11.1,"alive",0.043170714,"rubrum","Sapindaceae",31,6,1
47.2,"alive",2.135840974,"rubra","Fagaceae",58,7,1
2.5,"alive",0.000912123,"rubrum","Sapindaceae",31,7,1
1.7,"alive",0.000394737,"virginiana","Hamamelidaceae",8,7,1
1,"alive",0.000140936,"cassinoides","Adoxaceae",28,7,1
1.3,"alive",0.000218813,"alleghaniensis","Betulaceae",34,7,1
41.6,"alive",1.556433496,"rubra","Fagaceae",58,7,1
1.8,"alive",0.000413138,"rubrum","Sapindaceae",31,7,1
2.5,"alive",0.000912123,"rubrum","Sapindaceae",31,7,1
25.9,"alive",0.280353445,"strobus","Pinaceae",51,7,1
6.2,"alive",0.009648935,"rubrum","Sapindaceae",31,7,1
44.6,"alive",1.853968053,"rubra","Fagaceae",58,7,1
4.4,"alive",0.00715809,"rubrum","Sapindaceae",31,7,1
2.8,"alive",0.000985215,"dentata","Fagaceae",41,7,1
33.3,"alive",0.599818267,"canadensis","Pinaceae",63,8,1
26.3,"alive",0.326081334,"canadensis","Pinaceae",63,8,1
34.3,"alive",0.685533963,"canadensis","Pinaceae",63,8,1
2.3,"alive",0.000576876,"canadensis","Pinaceae",63,8,1
56.8,"alive",2.289022858,"canadensis","Pinaceae",63,8,1
3.3,"alive",0.001412282,"canadensis","Pinaceae",63,8,1
4.1,"alive",0.002453199,"canadensis","Pinaceae",63,8,1
11.5,"dead",0.03678032,"canadensis","Pinaceae",63,8,1
43.2,"alive",1.161339528,"canadensis","Pinaceae",63,8,1
2.1,"alive",0.000462813,"canadensis","Pinaceae",63,8,1
47.7,"alive",1.493099661,"canadensis","Pinaceae",63,8,1
34,"alive",0.932322941,"rubra","Fagaceae",58,9,1
1,"alive",0.0000849,"canadensis","Pinaceae",63,9,1
40.5,"alive",0.883206734,"strobus","Pinaceae",51,9,1
4.3,"alive",0.004012723,"alleghaniensis","Betulaceae",34,9,1
20.9,"alive",0.230550007,"rubrum","Sapindaceae",31,9,1
7.9,"alive",0.019667425,"alleghaniensis","Betulaceae",34,9,1
27.9,"alive",0.380116244,"canadensis","Pinaceae",63,9,1
2.9,"alive",0.001021381,"canadensis","Pinaceae",63,9,1
47.4,"alive",1.310490331,"strobus","Pinaceae",51,9,1
5.7,"alive",0.007426614,"rubrum","Sapindaceae",31,10,1
1.4,"alive",0.000291259,"corymbosum","Ericaceae",24,10,1
20.2,"alive",0.240912225,"grandifolia","Fagaceae",43,10,1
2,"alive",0.000411639,"canadensis","Pinaceae",63,10,1
27,"alive",0.514488065,"rubra","Fagaceae",58,10,1
39.8,"alive",1.391986504,"rubra","Fagaceae",58,10,1
7.9,"alive",0.017521888,"rubrum","Sapindaceae",31,10,1
1.1,"alive",0.000134557,"rubrum","Sapindaceae",31,10,1
29.8,"alive",0.664265797,"rubra","Fagaceae",58,11,1
9.4,"alive",0.031734336,"grandifolia","Fagaceae",43,11,1
10.3,"alive",0.045310847,"grandifolia","Fagaceae",43,11,1
5.9,"alive",0.009288628,"grandifolia","Fagaceae",43,11,1
30,"alive",0.675835392,"rubra","Fagaceae",58,11,1
12.4,"alive",0.066212662,"grandifolia","Fagaceae",43,11,1
8.6,"alive",0.025069145,"grandifolia","Fagaceae",43,11,1
10,"alive",0.037396622,"grandifolia","Fagaceae",43,11,1
16,"alive",0.11392263,"rubrum","Sapindaceae",31,11,1
5.2,"alive",0.006680686,"grandifolia","Fagaceae",43,11,1
9.6,"alive",0.033557122,"grandifolia","Fagaceae",43,11,1
11.7,"alive",0.06885075,"grandifolia","Fagaceae",43,11,1
10.7,"alive",0.044755682,"grandifolia","Fagaceae",43,11,1
5.4,"dead",0.007049112,"unk_hardwood","Unknown",71,12,1
1.7,"alive",0.000412738,"grandifolia","Fagaceae",43,12,1
5.8,"alive",0.008882361,"grandifolia","Fagaceae",43,12,1
25.6,"alive",0.457719456,"alleghaniensis","Betulaceae",34,12,1
2.5,"alive",0.001042427,"grandifolia","Fagaceae",43,12,1
27.3,"alive",0.52135996,"alleghaniensis","Betulaceae",34,12,1
1.2,"alive",0.000209903,"cassinoides","Adoxaceae",28,13,1
1.9,"alive",0.000536726,"grandifolia","Fagaceae",43,13,1
12.8,"alive",0.06303295,"rubrum","Sapindaceae",31,13,1
16.8,"dead",0.124333486,"serotina","Rosaceae",55,13,1
2.1,"alive",0.000768514,"cassinoides","Adoxaceae",28,13,1
1.4,"alive",0.000252006,"virginiana","Hamamelidaceae",8,13,1
1.3,"alive",0.00053291,"cassinoides","Adoxaceae",28,13,1
1.3,"alive",0.00015118,"canadensis","Pinaceae",63,13,1
17.8,"alive",0.271009282,"rubrum","Sapindaceae",31,13,1
1.2,"alive",0.000383179,"cassinoides","Adoxaceae",28,13,1
18.6,"dead",0.117689189,"strobus","Pinaceae",51,13,1
8.2,"alive",0.014996095,"canadensis","Pinaceae",63,13,1
1.7,"alive",0.000606003,"cassinoides","Adoxaceae",28,13,1
1.1,"alive",0.000134557,"rubrum","Sapindaceae",31,13,1
1.1,"alive",0.000173276,"cassinoides","Adoxaceae",28,13,1
1.7,"alive",0.000405367,"alleghaniensis","Betulaceae",34,13,1
1.3,"alive",0.000416245,"corymbosum","Ericaceae",24,13,1
1.1,"alive",0.000173276,"cassinoides","Adoxaceae",28,13,1
2,"alive",0.001107852,"cassinoides","Adoxaceae",28,13,1
30.7,"alive",0.717258264,"rubra","Fagaceae",58,13,1
5.2,"alive",0.006680686,"grandifolia","Fagaceae",43,13,1
38.9,"alive",1.313678043,"rubra","Fagaceae",58,13,1
4.3,"alive",0.004085682,"grandifolia","Fagaceae",43,13,1
3.8,"alive",0.005220959,"grandifolia","Fagaceae",43,13,1
1.5,"alive",0.001820267,"cassinoides","Adoxaceae",28,13,1
3.6,"alive",0.002952309,"grandifolia","Fagaceae",43,13,1
1.8,"alive",0.000451566,"virginiana","Hamamelidaceae",8,14,1
1,"alive",0.000119623,"virginiana","Hamamelidaceae",8,14,1
3.4,"alive",0.003988382,"virginiana","Hamamelidaceae",8,14,1
2.4,"alive",0.000739375,"incana","Betulaceae",1,14,1
1,"alive",0.000140936,"cassinoides","Adoxaceae",28,14,1
1.3,"alive",0.000213075,"virginiana","Hamamelidaceae",8,14,1
10.5,"alive",0.043090868,"alleghaniensis","Betulaceae",34,14,1
4.3,"alive",0.002772427,"canadensis","Pinaceae",63,14,1
22.5,"alive",0.279781905,"rubrum","Sapindaceae",31,14,1
1.2,"alive",0.000205911,"corymbosum","Ericaceae",24,14,1
1,"alive",0.000140936,"alnifolium","Adoxaceae",27,14,1
2,"alive",0.001281129,"cassinoides","Adoxaceae",28,14,1
2.2,"alive",0.001194947,"virginiana","Hamamelidaceae",8,14,1
65.9,"alive",2.936319318,"strobus","Pinaceae",51,15,1
10.5,"dead",0.02888571,"canadensis","Pinaceae",63,15,1
23.7,"alive",0.248575423,"canadensis","Pinaceae",63,15,1
16.6,"alive",0.097390086,"canadensis","Pinaceae",63,15,1
36.9,"alive",0.779615937,"canadensis","Pinaceae",63,15,1
41.2,"alive",0.92223983,"strobus","Pinaceae",51,15,1
11.6,"dead",0.037636006,"canadensis","Pinaceae",63,15,1
33.3,"alive",0.599818267,"canadensis","Pinaceae",63,15,1
15.5,"dead",0.081222688,"canadensis","Pinaceae",63,15,1
24.6,"dead",0.245146525,"strobus","Pinaceae",51,15,1
9.3,"alive",0.02093176,"canadensis","Pinaceae",63,16,1
18.3,"dead",0.126011046,"canadensis","Pinaceae",63,16,1
33.5,"dead",0.609094209,"canadensis","Pinaceae",63,16,1
16.8,"alive",0.100524946,"canadensis","Pinaceae",63,16,1
16.4,"alive",0.094315938,"canadensis","Pinaceae",63,16,1
14.4,"dead",0.066822925,"canadensis","Pinaceae",63,16,1
25.9,"alive",0.313336203,"canadensis","Pinaceae",63,16,1
34.7,"alive",0.666499239,"canadensis","Pinaceae",63,16,1
33.7,"alive",0.797479114,"rubrum","Sapindaceae",31,16,1
2.7,"alive",0.000855218,"canadensis","Pinaceae",63,16,1
1.4,"alive",0.000178802,"canadensis","Pinaceae",63,16,1
5.8,"alive",0.006027317,"canadensis","Pinaceae",63,16,1
24.2,"alive",0.26251017,"canadensis","Pinaceae",63,16,1
8.4,"alive",0.020610489,"rubrum","Sapindaceae",31,17,1
13,"alive",0.049596751,"abies","Pinaceae",47,17,1
1.3,"alive",0.000222792,"grandifolia","Fagaceae",43,17,1
11.8,"alive",0.050785104,"rubrum","Sapindaceae",31,17,1
3.9,"alive",0.002272016,"dentata","Fagaceae",41,17,1
29,"alive",0.619159218,"rubra","Fagaceae",58,17,1
6.4,"alive",0.007801308,"canadensis","Pinaceae",63,17,1
2.5,"alive",0.001152254,"corymbosum","Ericaceae",24,17,1
19.2,"alive",0.18441982,"rubrum","Sapindaceae",31,17,1
27.9,"alive",0.560171307,"rubra","Fagaceae",58,17,1
13.4,"alive",0.097413552,"rubrum","Sapindaceae",31,17,1
2.5,"alive",0.000707361,"canadensis","Pinaceae",63,17,1
20.1,"dead",0.189746424,"unknown","Pinaceae",67,18,1
27.5,"dead",0.430569934,"unknown","Pinaceae",67,18,1
10.6,"dead",0.028842476,"abies","Pinaceae",47,18,1
13.5,"dead",0.069640868,"serotina","Rosaceae",55,18,1
16.6,"alive",0.094827189,"abies","Pinaceae",47,18,1
12.7,"dead",0.061733652,"rubrum","Sapindaceae",31,18,1
28.3,"alive",0.352882204,"strobus","Pinaceae",51,18,1
43.8,"alive",1.075698306,"strobus","Pinaceae",51,18,1
26,"alive",0.283178961,"strobus","Pinaceae",51,18,1
23.6,"alive",0.245843023,"canadensis","Pinaceae",63,18,1
35.9,"alive",0.726927244,"canadensis","Pinaceae",63,19,1
57.1,"alive",3.417008296,"rubra","Fagaceae",58,19,1
16.5,"alive",0.138723675,"alleghaniensis","Betulaceae",34,19,1
2.9,"alive",0.001505194,"grandifolia","Fagaceae",43,19,1
16.9,"alive",0.150485657,"grandifolia","Fagaceae",43,19,1
1.4,"alive",0.000263498,"grandifolia","Fagaceae",43,19,1
3.9,"alive",0.003180822,"grandifolia","Fagaceae",43,19,1
1.8,"alive",0.000472158,"grandifolia","Fagaceae",43,19,1
1.3,"alive",0.000222792,"grandifolia","Fagaceae",43,19,1
2.7,"alive",0.001260322,"grandifolia","Fagaceae",43,19,1
40.8,"alive",1.085073791,"resinosa","Pinaceae",50,20,1
7.3,"alive",0.011030063,"canadensis","Pinaceae",63,20,1
1.2,"alive",0.000126407,"canadensis","Pinaceae",63,20,1
11.2,"alive",0.034286447,"canadensis","Pinaceae",63,20,1
7.5,"alive",0.011845529,"canadensis","Pinaceae",63,20,1
3,"alive",0.001111615,"canadensis","Pinaceae",63,20,1
5.2,"alive",0.004533323,"canadensis","Pinaceae",63,20,1
8.2,"alive",0.014996095,"canadensis","Pinaceae",63,20,1
7.8,"alive",0.013138485,"canadensis","Pinaceae",63,20,1
3.5,"alive",0.001638813,"canadensis","Pinaceae",63,20,1
2.6,"alive",0.000779059,"canadensis","Pinaceae",63,20,1
3.4,"alive",0.002204147,"alleghaniensis","Betulaceae",34,20,1
7.5,"alive",0.011845529,"canadensis","Pinaceae",63,20,1
3.2,"alive",0.001306953,"canadensis","Pinaceae",63,20,1
3.6,"alive",0.001760234,"canadensis","Pinaceae",63,20,1
7.6,"alive",0.01226713,"canadensis","Pinaceae",63,20,1
10.4,"alive",0.02816098,"canadensis","Pinaceae",63,20,1
14.7,"alive",0.104011019,"rubra","Fagaceae",58,20,1
4.7,"alive",0.005047706,"alleghaniensis","Betulaceae",34,20,1
36.1,"alive",0.795502202,"resinosa","Pinaceae",50,20,1
5.6,"alive",0.0054992,"canadensis","Pinaceae",63,20,1
9.5,"alive",0.022147037,"canadensis","Pinaceae",63,20,1
3.2,"alive",0.001891643,"alleghaniensis","Betulaceae",34,20,1
3.5,"alive",0.001638813,"canadensis","Pinaceae",63,20,1
9.8,"alive",0.024051465,"canadensis","Pinaceae",63,20,1
2.6,"alive",0.001127586,"alleghaniensis","Betulaceae",34,20,1
4.6,"alive",0.003298904,"canadensis","Pinaceae",63,20,1
2.3,"alive",0.000576876,"canadensis","Pinaceae",63,20,1
1.7,"alive",0.000280072,"canadensis","Pinaceae",63,20,1
1.7,"alive",0.000405367,"alleghaniensis","Betulaceae",34,20,1
1.1,"alive",0.00010435,"canadensis","Pinaceae",63,20,1
4.2,"alive",0.002609706,"canadensis","Pinaceae",63,20,1
10.7,"alive",0.030369927,"canadensis","Pinaceae",63,20,1
37.3,"alive",0.864548895,"resinosa","Pinaceae",50,20,1
9.5,"alive",0.028558022,"rubrum","Sapindaceae",31,20,1
3.3,"alive",0.001412282,"canadensis","Pinaceae",63,20,1
7.3,"alive",0.011030063,"canadensis","Pinaceae",63,20,1
42.7,"alive",1.216900015,"resinosa","Pinaceae",50,20,1
6.7,"alive",0.012736077,"alleghaniensis","Betulaceae",34,20,1
24.5,"alive",0.292492311,"resinosa","Pinaceae",50,20,1
9.8,"alive",0.024051465,"canadensis","Pinaceae",63,20,1
3.1,"alive",0.001206768,"canadensis","Pinaceae",63,20,1
6.2,"alive",0.007177639,"canadensis","Pinaceae",63,20,1
21.4,"alive",0.205266844,"resinosa","Pinaceae",50,20,1
8.1,"alive",0.014517127,"canadensis","Pinaceae",63,20,1
1.5,"alive",0.000209405,"canadensis","Pinaceae",63,20,1
1.5,"alive",0.000209405,"canadensis","Pinaceae",63,20,1
26.5,"alive",0.491819236,"canadensis","Pinaceae",63,21,1
12.7,"alive",0.047875077,"canadensis","Pinaceae",63,21,1
6.3,"alive",0.006697424,"strobus","Pinaceae",51,21,1
57.4,"alive",3.461027119,"rubra","Fagaceae",58,21,1
8.6,"alive",0.017011206,"canadensis","Pinaceae",63,21,1
5.8,"alive",0.005392862,"strobus","Pinaceae",51,21,1
8.1,"alive",0.014517127,"canadensis","Pinaceae",63,21,1
4.9,"alive",0.00347603,"strobus","Pinaceae",51,21,1
8.5,"alive",0.016492384,"canadensis","Pinaceae",63,21,1
6,"alive",0.008493184,"rubrum","Sapindaceae",31,21,1
5.8,"alive",0.008882361,"grandifolia","Fagaceae",43,21,1
9.6,"alive",0.022770904,"canadensis","Pinaceae",63,21,1
2.1,"alive",0.000669861,"alleghaniensis","Betulaceae",34,21,1
1.9,"alive",0.000325869,"strobus","Pinaceae",51,21,1
1.6,"alive",0.000243118,"canadensis","Pinaceae",63,22,1
3.2,"alive",0.001306953,"canadensis","Pinaceae",63,22,1
46.6,"alive",1.403828648,"canadensis","Pinaceae",63,22,1
1,"alive",0.0000849,"canadensis","Pinaceae",63,22,1
2.6,"alive",0.000779059,"canadensis","Pinaceae",63,22,1
9.9,"alive",0.024708304,"canadensis","Pinaceae",63,23,1
6.5,"alive",0.008125586,"canadensis","Pinaceae",63,23,1
3.9,"alive",0.002158415,"canadensis","Pinaceae",63,23,1
3.4,"alive",0.001522865,"canadensis","Pinaceae",63,23,1
26.9,"alive",0.445859772,"rubrum","Sapindaceae",31,23,1
6.2,"alive",0.007177639,"canadensis","Pinaceae",63,23,1
1.3,"alive",0.00015118,"canadensis","Pinaceae",63,23,1
8.2,"alive",0.014996095,"canadensis","Pinaceae",63,23,1
8.2,"dead",0.014996095,"canadensis","Pinaceae",63,23,1
28.4,"alive",0.513232344,"rubrum","Sapindaceae",31,23,1
10.7,"alive",0.030369927,"canadensis","Pinaceae",63,23,1
4.1,"alive",0.002453199,"canadensis","Pinaceae",63,23,1
4.5,"alive",0.003116924,"canadensis","Pinaceae",63,23,1
7.1,"alive",0.010251018,"canadensis","Pinaceae",63,23,1
6.3,"alive",0.007485356,"canadensis","Pinaceae",63,23,1
18,"alive",0.155550541,"rubrum","Sapindaceae",31,23,1
4.6,"alive",0.003298904,"canadensis","Pinaceae",63,23,1
19.7,"alive",0.197341334,"rubrum","Sapindaceae",31,23,1
5.6,"dead",0.0054992,"canadensis","Pinaceae",63,23,1
7.5,"alive",0.011845529,"canadensis","Pinaceae",63,23,1
17.5,"alive",0.109033901,"rubens","Pinaceae",49,23,1
2.6,"alive",0.000779059,"canadensis","Pinaceae",63,23,1
2.7,"alive",0.000855218,"canadensis","Pinaceae",63,23,1
15.7,"alive",0.108352765,"rubrum","Sapindaceae",31,23,1
5.5,"alive",0.005246577,"canadensis","Pinaceae",63,23,1
28.7,"alive",0.862243541,"rubrum","Sapindaceae",31,23,1
7.8,"alive",0.013138485,"canadensis","Pinaceae",63,23,1
3.4,"alive",0.001522865,"canadensis","Pinaceae",63,23,1
6.7,"dead",0.008799471,"canadensis","Pinaceae",63,23,1
5.7,"alive",0.007426614,"rubrum","Sapindaceae",31,24,1
12.2,"alive",0.05322238,"serotina","Rosaceae",55,24,1
25.4,"alive",0.384042292,"rubrum","Sapindaceae",31,24,1
29.1,"alive",0.423900449,"canadensis","Pinaceae",63,24,1
15.6,"alive",0.106534188,"rubrum","Sapindaceae",31,24,1
11.3,"alive",0.035105607,"canadensis","Pinaceae",63,24,1
5.9,"alive",0.006302998,"canadensis","Pinaceae",63,24,1
15.7,"alive",0.084028675,"canadensis","Pinaceae",63,24,1
30.3,"alive",0.798787674,"rubrum","Sapindaceae",31,24,1
29.3,"alive",0.635855123,"rubra","Fagaceae",58,25,1
1.4,"alive",0.000291259,"corymbosum","Ericaceae",24,25,1
1,"alive",0.000134012,"lenta","Betulaceae",35,25,1
3.4,"alive",0.001522865,"canadensis","Pinaceae",63,25,1
31.6,"alive",0.469112286,"strobus","Pinaceae",51,25,1
2,"alive",0.000411639,"canadensis","Pinaceae",63,25,1
18.7,"alive",0.264943453,"canadensis","Pinaceae",63,25,1
16.7,"alive",0.127593295,"rubrum","Sapindaceae",31,25,1
5.7,"alive",0.007426614,"rubrum","Sapindaceae",31,25,1
1.8,"alive",0.000521903,"corymbosum","Ericaceae",24,26,1
1.6,"alive",0.000396027,"corymbosum","Ericaceae",24,26,1
2.4,"alive",0.002770414,"cassinoides","Adoxaceae",28,26,1
32.2,"dead",0.77556812,"unk_hardwood","Unknown",71,26,1
3,"alive",0.002853298,"corymbosum","Ericaceae",24,26,1
1.7,"alive",0.000411586,"mucronatus","Aquifoliaceae",16,26,1
12.5,"alive",0.059185297,"rubrum","Sapindaceae",31,26,1
3.9,"alive",0.005701992,"virginiana","Hamamelidaceae",8,26,1
22.5,"dead",0.216973722,"canadensis","Pinaceae",63,26,1
18.3,"dead",0.216048248,"alleghaniensis","Betulaceae",34,26,1
23,"alive",0.229827572,"canadensis","Pinaceae",63,26,1
42.6,"alive",1.121228979,"canadensis","Pinaceae",63,27,1
14.7,"alive",0.102153679,"alleghaniensis","Betulaceae",34,27,1
2.8,"alive",0.000935954,"canadensis","Pinaceae",63,27,1
15.1,"dead",0.08327098,"canadensis","Pinaceae",63,27,1
38.8,"alive",0.885628854,"canadensis","Pinaceae",63,27,1
19.3,"alive",0.186961625,"rubrum","Sapindaceae",31,28,1
12.9,"alive",0.064349101,"rubrum","Sapindaceae",31,28,1
25.2,"alive",0.291756816,"canadensis","Pinaceae",63,28,1
18,"dead",0.120631032,"canadensis","Pinaceae",63,28,1
23.7,"alive",0.248575423,"canadensis","Pinaceae",63,28,1
28.1,"alive",0.499307456,"rubrum","Sapindaceae",31,28,1
34.8,"alive",0.671418996,"canadensis","Pinaceae",63,28,1
40.6,"alive",1.463780635,"rubra","Fagaceae",58,28,1
20.1,"alive",0.20806367,"rubrum","Sapindaceae",31,28,1
32.4,"alive",0.500247124,"strobus","Pinaceae",51,28,1
21,"alive",0.181050211,"canadensis","Pinaceae",63,28,1
55.9,"alive",2.201289436,"canadensis","Pinaceae",63,29,1
18.5,"alive",0.129677599,"canadensis","Pinaceae",63,29,1
12.1,"alive",0.042100354,"canadensis","Pinaceae",63,29,1
1.5,"alive",0.000209405,"canadensis","Pinaceae",63,29,1
1.5,"alive",0.000209405,"canadensis","Pinaceae",63,29,1
1.8,"alive",0.000320393,"canadensis","Pinaceae",63,29,1
2.9,"alive",0.001021381,"canadensis","Pinaceae",63,29,1
4.1,"alive",0.002453199,"canadensis","Pinaceae",63,29,1
1.8,"alive",0.000320393,"canadensis","Pinaceae",63,29,1
5.1,"alive",0.004310124,"canadensis","Pinaceae",63,29,1
2.1,"alive",0.000462813,"canadensis","Pinaceae",63,29,1
1.7,"alive",0.000280072,"canadensis","Pinaceae",63,29,1
1,"alive",0.0000849,"canadensis","Pinaceae",63,29,1
3.5,"alive",0.001638813,"canadensis","Pinaceae",63,29,1
32.3,"alive",0.554678379,"canadensis","Pinaceae",63,30,1
33.6,"alive",0.61376331,"canadensis","Pinaceae",63,30,1
3.8,"alive",0.002019928,"canadensis","Pinaceae",63,30,1
1.6,"alive",0.000243118,"canadensis","Pinaceae",63,30,1
34.5,"alive",0.656722689,"canadensis","Pinaceae",63,30,1
9.5,"dead",0.022147037,"canadensis","Pinaceae",63,30,1
30.7,"alive",0.486710965,"canadensis","Pinaceae",63,30,1
6.9,"dead",0.009507717,"canadensis","Pinaceae",63,30,1
3.5,"alive",0.001638813,"canadensis","Pinaceae",63,30,1
17.5,"alive",0.111980763,"canadensis","Pinaceae",63,30,1
44.8,"alive",1.272223198,"canadensis","Pinaceae",63,30,1
32.6,"alive",0.568004034,"canadensis","Pinaceae",63,30,1
27.5,"alive",0.366145644,"canadensis","Pinaceae",63,30,1
3.6,"alive",0.001760234,"canadensis","Pinaceae",63,31,1
11.8,"alive",0.039384366,"canadensis","Pinaceae",63,31,1
5.6,"alive",0.007091073,"rubrum","Sapindaceae",31,31,1
12.3,"dead",0.067181124,"rubrum","Sapindaceae",31,31,1
8.9,"alive",0.024021529,"rubrum","Sapindaceae",31,31,1
38.7,"alive",1.296628426,"rubra","Fagaceae",58,31,1
8.5,"dead",0.023244575,"unk_hardwood","Unknown",71,31,1
40.1,"alive",0.962667246,"canadensis","Pinaceae",63,31,1
20.2,"dead",0.240912225,"rubra","Fagaceae",58,31,1
1.1,"alive",0.000173276,"acerfolium","Adoxaceae",26,32,1
1.3,"alive",0.000251038,"acerfolium","Adoxaceae",26,32,1
4,"alive",0.007697961,"verticillata","Aquifoliaceae",9,32,1
1.7,"alive",0.000702487,"corymbosum","Ericaceae",24,32,1
2.8,"alive",0.00173053,"ligustrina","Ericaceae",14,32,1
1.3,"alive",0.000251038,"acerfolium","Adoxaceae",26,32,1
1.1,"alive",0.000173276,"acerfolium","Adoxaceae",26,32,1
2.4,"alive",0.000926324,"alleghaniensis","Betulaceae",34,32,1
1.7,"alive",0.001400981,"vernix","Anacardiaceae",87,32,1
1.6,"alive",0.001004288,"laevis","Rosaceae",82,32,1
1.3,"alive",0.000246264,"corymbosum","Ericaceae",24,32,1
1.9,"alive",0.001195212,"corymbosum","Ericaceae",24,32,1
1.2,"alive",0.000185547,"vernix","Anacardiaceae",87,32,1
11.6,"alive",0.055463587,"rubra","Fagaceae",58,32,1
1.7,"alive",0.001370413,"cassinoides","Adoxaceae",28,32,1
1.3,"alive",0.000246264,"corymbosum","Ericaceae",24,32,1
1.8,"alive",0.000521903,"ligustrina","Ericaceae",14,32,1
7.8,"alive",0.016941731,"rubrum","Sapindaceae",31,32,1
10.2,"alive",0.04163479,"alleghaniensis","Betulaceae",34,32,1
35.4,"alive",0.701379462,"canadensis","Pinaceae",63,32,1
17,"alive",0.13374539,"rubrum","Sapindaceae",31,32,1
1,"alive",0.000138256,"corymbosum","Ericaceae",24,33,1
1.9,"alive",0.00199684,"verticillata","Aquifoliaceae",9,33,1
1.7,"alive",0.000456223,"corymbosum","Ericaceae",24,33,1
2.9,"alive",0.008021981,"corymbosum","Ericaceae",24,33,1
1.4,"alive",0.000897055,"verticillata","Aquifoliaceae",9,33,1
2.5,"alive",0.002440413,"corymbosum","Ericaceae",24,33,1
25.2,"dead",0.411205744,"unk_hardwood","Unknown",71,33,1
1.6,"alive",0.00035728,"verticillata","Aquifoliaceae",9,33,1
1.5,"alive",0.000614436,"verticillata","Aquifoliaceae",9,33,1
1.3,"alive",0.000246264,"corymbosum","Ericaceae",24,33,1
1.4,"alive",0.000291259,"corymbosum","Ericaceae",24,33,1
1.7,"alive",0.000908397,"corymbosum","Ericaceae",24,33,1
10.7,"dead",0.039161222,"rubrum","Sapindaceae",31,33,1
1.9,"alive",0.001254551,"verticillata","Aquifoliaceae",9,33,1
1.5,"alive",0.000529906,"verticillata","Aquifoliaceae",9,33,1
1.9,"alive",0.001701297,"verticillata","Aquifoliaceae",9,33,1
1.3,"alive",0.000630784,"ligustrina","Ericaceae",14,33,1
1.2,"alive",0.000185765,"verticillata","Aquifoliaceae",9,33,1
2,"alive",0.001925946,"corymbosum","Ericaceae",24,33,1
1.1,"alive",0.00015335,"verticillata","Aquifoliaceae",9,33,1
2.4,"alive",0.001042536,"ligustrina","Ericaceae",14,33,1
1.8,"alive",0.001127446,"verticillata","Aquifoliaceae",9,33,1
1.2,"alive",0.000205911,"corymbosum","Ericaceae",24,33,1
1.2,"alive",0.000185765,"verticillata","Aquifoliaceae",9,33,1
1.3,"alive",0.000246264,"corymbosum","Ericaceae",24,33,1
1.8,"alive",0.00139568,"corymbosum","Ericaceae",24,33,1
1.5,"alive",0.000270022,"rubrum","Sapindaceae",31,33,1
2.3,"alive",0.00138299,"verticillata","Aquifoliaceae",9,33,1
1.5,"alive",0.000768822,"verticillata","Aquifoliaceae",9,33,1
2.7,"alive",0.001668393,"verticillata","Aquifoliaceae",9,33,1
1.2,"alive",0.000205911,"ligustrina","Ericaceae",14,33,1
1.3,"alive",0.00022217,"verticillata","Aquifoliaceae",9,33,1
2.5,"alive",0.0087187,"corymbosum","Ericaceae",24,33,1
1.3,"alive",0.00022217,"verticillata","Aquifoliaceae",9,33,1
2.3,"alive",0.000847761,"verticillata","Aquifoliaceae",9,33,1
32.7,"dead",0.738206969,"rubrum","Sapindaceae",31,33,1
1.2,"alive",0.000411821,"corymbosum","Ericaceae",24,33,1
3,"alive",0.006071797,"verticillata","Aquifoliaceae",9,33,1
1.4,"alive",0.000262763,"verticillata","Aquifoliaceae",9,33,1
1.6,"alive",0.00035728,"verticillata","Aquifoliaceae",9,33,1
1.2,"alive",0.000185765,"verticillata","Aquifoliaceae",9,33,1
2.1,"alive",0.001593437,"ligustrina","Ericaceae",14,33,1
1.2,"alive",0.000182958,"alleghaniensis","Betulaceae",34,33,1
1.2,"alive",0.000514148,"corymbosum","Ericaceae",24,33,1
21.5,"alive",0.248339403,"rubrum","Sapindaceae",31,33,1
2.9,"alive",0.00507946,"corymbosum","Ericaceae",24,33,1
27.8,"dead",0.530777069,"unknown","Unknown",65,33,1
1.7,"alive",0.00135489,"corymbosum","Ericaceae",24,33,1
18.2,"alive",0.150349522,"sylvatica","Nyssaceae",45,34,1
7.5,"alive",0.014339325,"sylvatica","Nyssaceae",45,34,1
4.4,"alive",0.003560722,"sylvatica","Nyssaceae",45,34,1
19,"alive",0.168415918,"sylvatica","Nyssaceae",45,34,1
25.4,"alive",0.521988107,"rubrum","Sapindaceae",31,34,1
1.7,"alive",0.000627215,"latifolia","Ericaceae",11,34,1
20.1,"alive",0.14437071,"strobus","Pinaceae",51,34,1
12,"alive",0.049852474,"sylvatica","Nyssaceae",45,34,1
10.6,"alive",0.038196792,"rubrum","Sapindaceae",31,34,1
1.8,"alive",0.000521903,"corymbosum","Ericaceae",24,34,1
15.9,"alive",0.112046919,"rubrum","Sapindaceae",31,35,1
29.6,"alive",0.571211969,"rubrum","Sapindaceae",31,35,1
15.8,"alive",0.085453718,"canadensis","Pinaceae",63,35,1
15,"alive",0.074462485,"canadensis","Pinaceae",63,35,1
24.6,"alive",0.273987293,"canadensis","Pinaceae",63,35,1
25.1,"alive",0.288748832,"canadensis","Pinaceae",63,35,1
30.1,"alive",0.46255794,"canadensis","Pinaceae",63,35,1
4.2,"alive",0.002609706,"canadensis","Pinaceae",63,35,1
21.6,"alive",0.28156327,"rubrum","Sapindaceae",31,35,1
11.4,"alive",0.035936876,"canadensis","Pinaceae",63,35,1
11.2,"alive",0.034286447,"canadensis","Pinaceae",63,35,1
8.9,"alive",0.026962941,"alleghaniensis","Betulaceae",34,35,1
7.6,"alive",0.01226713,"canadensis","Pinaceae",63,35,1
10.7,"alive",0.030369927,"canadensis","Pinaceae",63,35,1
3.4,"alive",0.002484675,"latifolia","Ericaceae",11,36,1
12.6,"alive",0.074021789,"lenta","Betulaceae",35,36,1
3.4,"alive",0.002484675,"latifolia","Ericaceae",11,36,1
3,"alive",0.001813688,"latifolia","Ericaceae",11,36,1
6.6,"alive",0.014741566,"latifolia","Ericaceae",11,36,1
3.6,"alive",0.002871961,"latifolia","Ericaceae",11,36,1
16.4,"alive",0.333264118,"rubrum","Sapindaceae",31,36,1
3.6,"alive",0.002871961,"latifolia","Ericaceae",11,36,1
4.9,"alive",0.010095849,"latifolia","Ericaceae",11,36,1
2.1,"alive",0.000755116,"latifolia","Ericaceae",11,36,1
3.3,"alive",0.00230425,"latifolia","Ericaceae",11,36,1
5.6,"alive",0.018275029,"virginiana","Hamamelidaceae",8,36,1
3,"alive",0.001813688,"latifolia","Ericaceae",11,36,1
3.6,"alive",0.002871961,"latifolia","Ericaceae",11,36,1
2.6,"alive",0.001271097,"latifolia","Ericaceae",11,36,1
3.9,"alive",0.004115857,"latifolia","Ericaceae",11,36,1
2,"alive",0.000671622,"latifolia","Ericaceae",11,36,1
4.9,"alive",0.006338643,"latifolia","Ericaceae",11,36,1
1.8,"alive",0.000522746,"latifolia","Ericaceae",11,36,1
4.7,"alive",0.013710591,"virginiana","Hamamelidaceae",8,36,1
5.8,"alive",0.015216465,"latifolia","Ericaceae",11,36,1
4,"alive",0.006836381,"latifolia","Ericaceae",11,36,1
22.6,"alive",0.412675252,"rubrum","Sapindaceae",31,36,1
4,"alive",0.006836381,"latifolia","Ericaceae",11,36,1
3.8,"alive",0.003295672,"latifolia","Ericaceae",11,36,1
2.5,"alive",0.001154115,"latifolia","Ericaceae",11,36,1
4.5,"alive",0.005085508,"latifolia","Ericaceae",11,36,1
5.1,"alive",0.007032307,"latifolia","Ericaceae",11,36,1
4.3,"alive",0.00579453,"latifolia","Ericaceae",11,36,1
3.7,"alive",0.003079175,"latifolia","Ericaceae",11,36,1
2.3,"alive",0.000941218,"latifolia","Ericaceae",11,36,1
2.5,"alive",0.001495775,"latifolia","Ericaceae",11,36,1
3,"alive",0.001813688,"latifolia","Ericaceae",11,36,1
2.2,"alive",0.000844916,"latifolia","Ericaceae",11,36,1
2.9,"alive",0.003332929,"latifolia","Ericaceae",11,36,1
2.1,"alive",0.000755116,"latifolia","Ericaceae",11,36,1
3.4,"alive",0.002484675,"latifolia","Ericaceae",11,36,1
19.6,"alive",0.190740659,"papyrifera","Betulaceae",36,36,1
3,"alive",0.002155348,"latifolia","Ericaceae",11,36,1
2.8,"alive",0.001527083,"latifolia","Ericaceae",11,36,1
3.5,"alive",0.002673853,"latifolia","Ericaceae",11,36,1
3.6,"alive",0.002871961,"latifolia","Ericaceae",11,36,1
1.6,"alive",0.000935058,"latifolia","Ericaceae",11,36,1
2.6,"alive",0.003696309,"latifolia","Ericaceae",11,36,1
54.1,"alive",1.817605973,"strobus","Pinaceae",51,36,1
3.2,"alive",0.002132398,"latifolia","Ericaceae",11,36,1
2.1,"alive",0.000755116,"latifolia","Ericaceae",11,36,1
20.8,"alive",0.222453457,"canadensis","Pinaceae",63,37,1
22,"alive",0.204562658,"canadensis","Pinaceae",63,37,1
1,"alive",0.0000849,"canadensis","Pinaceae",63,37,1
43.3,"alive",1.721414103,"rubra","Fagaceae",58,37,1
42.4,"alive",1.10803637,"canadensis","Pinaceae",63,37,1
7.2,"alive",0.015984656,"rubrum","Sapindaceae",31,37,1
7,"alive",0.009874942,"canadensis","Pinaceae",63,37,1
10.1,"alive",0.026055463,"canadensis","Pinaceae",63,37,1
1.6,"alive",0.000243118,"canadensis","Pinaceae",63,37,1
3.6,"alive",0.001760234,"canadensis","Pinaceae",63,37,1
1.2,"alive",0.000126407,"canadensis","Pinaceae",63,37,1
2.7,"alive",0.000855218,"canadensis","Pinaceae",63,37,1
1.5,"alive",0.000209405,"canadensis","Pinaceae",63,37,1
1.2,"alive",0.000126407,"canadensis","Pinaceae",63,37,1
1.4,"alive",0.000178802,"canadensis","Pinaceae",63,37,1
2.6,"alive",0.001230094,"lenta","Betulaceae",35,38,1
1.4,"alive",0.000188213,"dentata","Fagaceae",41,38,1
3.1,"alive",0.001700834,"virginiana","Hamamelidaceae",8,38,1
13.7,"alive",0.088712817,"rubrum","Sapindaceae",31,38,1
55.3,"alive",2.143841771,"canadensis","Pinaceae",63,38,1
4.3,"alive",0.002918344,"dentata","Fagaceae",41,38,1
2.2,"alive",0.000667756,"rubrum","Sapindaceae",31,38,1
2,"alive",0.000411639,"canadensis","Pinaceae",63,38,1
9.5,"alive",0.028558022,"rubrum","Sapindaceae",31,38,1
1.2,"alive",0.000126407,"canadensis","Pinaceae",63,38,1
17.3,"alive",0.108630308,"canadensis","Pinaceae",63,38,1
36.5,"alive",1.117472333,"rubra","Fagaceae",58,38,1
2.1,"alive",0.001181785,"incana","Betulaceae",1,39,1
1.9,"alive",0.000593274,"ligustrina","Ericaceae",14,39,1
4.2,"alive",0.003365147,"rubrum","Sapindaceae",31,39,1
1.4,"alive",0.00023056,"rubrum","Sapindaceae",31,39,1
3.1,"alive",0.001863725,"incana","Betulaceae",1,39,1
1.9,"alive",0.001796248,"corymbosum","Ericaceae",24,39,1
1.2,"alive",0.00031013,"vernix","Anacardiaceae",87,39,1
3.5,"alive",0.005731835,"corymbosum","Ericaceae",24,39,1
3.7,"alive",0.002433542,"rubrum","Sapindaceae",31,39,1
1.5,"alive",0.000341109,"ligustrina","Ericaceae",14,39,1
1.2,"alive",0.000375892,"ligustrina","Ericaceae",14,39,1
2.8,"alive",0.00135467,"alleghaniensis","Betulaceae",34,39,1
2.1,"alive",0.001000163,"ligustrina","Ericaceae",14,39,1
2.9,"alive",0.001317044,"rubrum","Sapindaceae",31,39,1
1.9,"alive",0.000469635,"rubrum","Sapindaceae",31,39,1
4.7,"alive",0.004497047,"rubrum","Sapindaceae",31,39,1
2.7,"alive",0.00470022,"vernix","Anacardiaceae",87,39,1
1,"alive",0.000122844,"alleghaniensis","Betulaceae",34,39,1
4.1,"alive",0.003163336,"rubrum","Sapindaceae",31,39,1
3,"alive",0.002192315,"vernix","Anacardiaceae",87,39,1
4.8,"alive",0.005110057,"rubrum","Sapindaceae",31,39,1
4.7,"alive",0.004497047,"rubrum","Sapindaceae",31,39,1
2.1,"alive",0.001436117,"ligustrina","Ericaceae",14,39,1
5.5,"alive",0.008082368,"rubrum","Sapindaceae",31,39,1
2.9,"alive",0.006436563,"corymbosum","Ericaceae",24,39,1
1.2,"alive",0.000185765,"verticillata","Aquifoliaceae",9,39,1
1.2,"alive",0.000185765,"verticillata","Aquifoliaceae",9,39,1
2,"alive",0.000604934,"verticillata","Aquifoliaceae",9,39,1
1.2,"alive",0.000185765,"verticillata","Aquifoliaceae",9,39,1
1.2,"alive",0.000185765,"verticillata","Aquifoliaceae",9,39,1
1,"alive",0.000124729,"verticillata","Aquifoliaceae",9,39,1
1.4,"alive",0.000484933,"verticillata","Aquifoliaceae",9,39,1
1,"alive",0.000124729,"verticillata","Aquifoliaceae",9,39,1
1.6,"alive",0.000396027,"ligustrina","Ericaceae",14,39,1
2.5,"alive",0.006503617,"vernix","Anacardiaceae",87,39,1
1.2,"alive",0.000185765,"verticillata","Aquifoliaceae",9,39,1
1.2,"alive",0.000185765,"verticillata","Aquifoliaceae",9,39,1
1.9,"alive",0.000535229,"verticillata","Aquifoliaceae",9,39,1
1.6,"alive",0.00035728,"verticillata","Aquifoliaceae",9,39,1
1.2,"alive",0.000185765,"verticillata","Aquifoliaceae",9,39,1
2,"alive",0.000827104,"verticillata","Aquifoliaceae",9,39,1
2,"alive",0.000604934,"verticillata","Aquifoliaceae",9,39,1
2.1,"alive",0.000865903,"verticillata","Aquifoliaceae",9,39,1
1.5,"alive",0.000307736,"verticillata","Aquifoliaceae",9,39,1
2,"alive",0.000790699,"verticillata","Aquifoliaceae",9,39,1
1.5,"alive",0.000654635,"verticillata","Aquifoliaceae",9,39,1
3,"alive",0.001896363,"verticillata","Aquifoliaceae",9,39,1
1.7,"alive",0.001133667,"verticillata","Aquifoliaceae",9,39,1
1.2,"alive",0.000339115,"verticillata","Aquifoliaceae",9,39,1
2.8,"alive",0.003256741,"verticillata","Aquifoliaceae",9,39,1
1.8,"alive",0.000470841,"verticillata","Aquifoliaceae",9,39,1
2.1,"alive",0.000902308,"verticillata","Aquifoliaceae",9,39,1
1.5,"alive",0.000307736,"verticillata","Aquifoliaceae",9,39,1
1.2,"alive",0.000185765,"verticillata","Aquifoliaceae",9,39,1
1.5,"alive",0.000770624,"ligustrina","Ericaceae",14,39,1
2.3,"alive",0.000743866,"rubrum","Sapindaceae",31,39,1
2,"alive",0.001675392,"verticillata","Aquifoliaceae",9,39,1
1.3,"alive",0.00022217,"verticillata","Aquifoliaceae",9,39,1
1.8,"alive",0.000778576,"verticillata","Aquifoliaceae",9,39,1
2.8,"alive",0.001624911,"verticillata","Aquifoliaceae",9,39,1
2.1,"alive",0.000753898,"ligustrina","Ericaceae",14,39,1
1.5,"alive",0.000307736,"verticillata","Aquifoliaceae",9,39,1
1.4,"alive",0.000416113,"verticillata","Aquifoliaceae",9,39,1
1.8,"alive",0.001035778,"verticillata","Aquifoliaceae",9,39,1
3.5,"alive",0.002408356,"verticillata","Aquifoliaceae",9,39,1
2.4,"alive",0.000940536,"verticillata","Aquifoliaceae",9,39,1
1,"alive",0.000124729,"verticillata","Aquifoliaceae",9,39,1
1.4,"alive",0.000262763,"verticillata","Aquifoliaceae",9,39,1
1.3,"alive",0.00022217,"verticillata","Aquifoliaceae",9,39,1
1.7,"alive",0.000411586,"verticillata","Aquifoliaceae",9,39,1
2.1,"alive",0.000865903,"verticillata","Aquifoliaceae",9,39,1
1.5,"alive",0.000307736,"verticillata","Aquifoliaceae",9,39,1
2,"alive",0.00091267,"verticillata","Aquifoliaceae",9,39,1
2,"alive",0.000604934,"verticillata","Aquifoliaceae",9,39,1
1,"alive",0.000124729,"verticillata","Aquifoliaceae",9,39,1
1.9,"alive",0.000720994,"verticillata","Aquifoliaceae",9,39,1
1.5,"alive",0.000307736,"verticillata","Aquifoliaceae",9,39,1
1.7,"alive",0.000719322,"verticillata","Aquifoliaceae",9,39,1
1.2,"alive",0.000185765,"verticillata","Aquifoliaceae",9,39,1
1.2,"alive",0.000339115,"verticillata","Aquifoliaceae",9,39,1
1.3,"alive",0.000375521,"verticillata","Aquifoliaceae",9,39,1
1.2,"alive",0.000185765,"verticillata","Aquifoliaceae",9,39,1
1.8,"alive",0.00061476,"alleghaniensis","Betulaceae",34,39,1
1.1,"alive",0.000169981,"ligustrina","Ericaceae",14,39,1
1.1,"alive",0.000278079,"verticillata","Aquifoliaceae",9,39,1
13.1,"alive",0.083974007,"rubrum","Sapindaceae",31,40,1
2.8,"alive",0.002132201,"virginiana","Hamamelidaceae",8,40,1
1.9,"alive",0.000535229,"mucronatus","Aquifoliaceae",16,40,1
24.7,"alive",0.408066976,"rubra","Fagaceae",58,40,1
1.1,"alive",0.00015335,"mucronatus","Aquifoliaceae",16,40,1
23.8,"alive",0.3703751,"rubra","Fagaceae",58,40,1
1.7,"alive",0.000365199,"prinophyllum","Ericaceae",18,40,1
2.7,"alive",0.002107388,"virginiana","Hamamelidaceae",8,40,1
2.5,"alive",0.001292594,"latifolia","Ericaceae",11,40,1
2,"alive",0.000671622,"latifolia","Ericaceae",11,40,1
25.9,"alive",0.461758615,"rubra","Fagaceae",58,40,1
1.1,"alive",0.00015335,"verticillata","Aquifoliaceae",9,40,1
23.2,"alive",0.303147666,"rubrum","Sapindaceae",31,40,1
9.1,"alive",0.038471214,"alleghaniensis","Betulaceae",34,40,1
2.6,"alive",0.001615726,"mucronatus","Aquifoliaceae",16,40,1
6.7,"alive",0.022253413,"rubrum","Sapindaceae",31,40,1
1.1,"alive",0.00015335,"mucronatus","Aquifoliaceae",16,40,1
1.8,"alive",0.000470841,"mucronatus","Aquifoliaceae",16,40,1
1.7,"alive",0.000411586,"mucronatus","Aquifoliaceae",16,40,1
3,"alive",0.001566724,"virginiana","Hamamelidaceae",8,40,1
2.4,"alive",0.001384876,"mucronatus","Aquifoliaceae",16,40,1
21.1,"alive",0.183323679,"canadensis","Pinaceae",63,40,1
1.2,"alive",0.000185765,"verticillata","Aquifoliaceae",9,40,1
3.3,"alive",0.002506444,"corymbosum","Ericaceae",24,40,1
5.7,"alive",0.00859069,"virginiana","Hamamelidaceae",8,40,1
1.7,"alive",0.000456223,"corymbosum","Ericaceae",24,40,1
53.9,"alive",1.801133708,"strobus","Pinaceae",51,40,1
1.7,"alive",0.001534649,"latifolia","Ericaceae",11,40,1
3.1,"alive",0.003560385,"mucronatus","Aquifoliaceae",16,40,1
12,"alive",0.059606219,"alleghaniensis","Betulaceae",34,41,1
6.6,"alive",0.012242244,"alleghaniensis","Betulaceae",34,41,1
6.8,"alive",0.013425301,"alleghaniensis","Betulaceae",34,41,1
1.5,"alive",0.000209405,"canadensis","Pinaceae",63,41,1
40.8,"alive",1.005678148,"canadensis","Pinaceae",63,41,1
1.7,"alive",0.000411586,"verticillata","Aquifoliaceae",9,41,1
5.1,"alive",0.006238337,"alleghaniensis","Betulaceae",34,41,1
12.7,"alive",0.069292875,"alleghaniensis","Betulaceae",34,41,1
10.2,"alive",0.034488169,"rubrum","Sapindaceae",31,41,1
2.2,"alive",0.000517852,"canadensis","Pinaceae",63,41,1
15.5,"alive",0.104734519,"rubrum","Sapindaceae",31,41,1
8.8,"alive",0.018079406,"canadensis","Pinaceae",63,41,1
23.4,"alive",0.31003138,"rubrum","Sapindaceae",31,41,1
1.7,"alive",0.000708453,"alleghaniensis","Betulaceae",34,41,1
2.9,"alive",0.001478315,"alleghaniensis","Betulaceae",34,41,1
4.5,"alive",0.004511338,"alleghaniensis","Betulaceae",34,41,1
2.2,"alive",0.000517852,"canadensis","Pinaceae",63,41,1
6,"alive",0.009533165,"alleghaniensis","Betulaceae",34,41,1
1.8,"alive",0.000320393,"canadensis","Pinaceae",63,41,1
11.4,"alive",0.046339655,"rubrum","Sapindaceae",31,41,1
3.3,"alive",0.002229919,"lenta","Betulaceae",35,41,1
3,"alive",0.001111615,"canadensis","Pinaceae",63,42,1
8.4,"alive",0.015983644,"canadensis","Pinaceae",63,42,1
15.9,"alive",0.201423962,"rubrum","Sapindaceae",31,42,1
3.5,"alive",0.002371966,"alleghaniensis","Betulaceae",34,42,1
19.5,"alive",0.188188282,"papyrifera","Betulaceae",36,42,1
23.4,"alive",0.240432498,"canadensis","Pinaceae",63,42,1
9.2,"alive",0.029439765,"alleghaniensis","Betulaceae",34,42,1
18.9,"alive",0.330436056,"rubrum","Sapindaceae",31,42,1
14.7,"alive",0.134180356,"rubrum","Sapindaceae",31,42,1
16,"alive",0.079048356,"strobus","Pinaceae",51,42,1
5.1,"dead",0.006238337,"alleghaniensis","Betulaceae",34,42,1
4.7,"alive",0.003487506,"canadensis","Pinaceae",63,42,1
25.1,"alive",0.357136714,"serotina","Rosaceae",55,42,1
9.8,"dead",0.034029215,"unknown","Betulaceae",68,42,1
13.7,"alive",0.058546677,"canadensis","Pinaceae",63,42,1
17.3,"alive",0.108630308,"canadensis","Pinaceae",63,42,1
4.8,"alive",0.005814994,"lenta","Betulaceae",35,42,1
7.2,"dead",0.023576136,"unknown","Betulaceae",68,42,1
12,"alive",0.059606219,"alleghaniensis","Betulaceae",34,42,1
17.5,"alive",0.111980763,"canadensis","Pinaceae",63,42,1
5.3,"dead",0.004763734,"canadensis","Pinaceae",63,42,1
3.8,"alive",0.002019928,"canadensis","Pinaceae",63,42,1
6.8,"dead",0.014719057,"americana","Rosaceae",62,42,1
8.2,"alive",0.024125284,"americana","Rosaceae",62,42,1
39.4,"alive",0.823809077,"strobus","Pinaceae",51,43,1
26.1,"dead",0.403794876,"papyrifera","Betulaceae",36,43,1
28.8,"alive",0.412689518,"canadensis","Pinaceae",63,43,1
17,"dead",0.103720915,"canadensis","Pinaceae",63,43,1
19.9,"alive",0.157164476,"canadensis","Pinaceae",63,43,1
13,"dead",0.050937203,"canadensis","Pinaceae",63,43,1
5.5,"dead",0.005246577,"canadensis","Pinaceae",63,43,1
14.5,"alive",0.068060833,"canadensis","Pinaceae",63,43,1
28.8,"alive",0.43302972,"canadensis","Pinaceae",63,43,1
34.6,"alive",0.853116404,"rubrum","Sapindaceae",31,43,1
20.6,"alive",0.172127343,"canadensis","Pinaceae",63,43,1
15.9,"alive",0.086893529,"canadensis","Pinaceae",63,43,1
28.6,"alive",0.405313977,"canadensis","Pinaceae",63,43,1
11.2,"dead",0.034286447,"canadensis","Pinaceae",63,43,1
9.3,"alive",0.030295969,"alleghaniensis","Betulaceae",34,44,1
3.2,"alive",0.002132398,"latifolia","Ericaceae",11,44,1
11,"alive",0.04730606,"alleghaniensis","Betulaceae",34,44,1
6.4,"alive",0.011291367,"alleghaniensis","Betulaceae",34,44,1
1.3,"alive",0.000246264,"corymbosum","Ericaceae",24,44,1
1.5,"alive",0.000480139,"latifolia","Ericaceae",11,44,1
1,"alive",0.000138479,"latifolia","Ericaceae",11,44,1
1.3,"alive",0.000246662,"latifolia","Ericaceae",11,44,1
12.6,"alive",0.046880466,"canadensis","Pinaceae",63,44,1
22.8,"alive",0.224632606,"canadensis","Pinaceae",63,44,1
23,"alive",0.296356606,"rubrum","Sapindaceae",31,44,1
18.3,"alive",0.162487928,"rubrum","Sapindaceae",31,44,1
9.6,"alive",0.032957888,"alleghaniensis","Betulaceae",34,44,1
12.9,"alive",0.049903384,"canadensis","Pinaceae",63,44,1
18,"alive",0.120631032,"canadensis","Pinaceae",63,44,1
16.9,"alive",0.13167495,"rubrum","Sapindaceae",31,44,1
6,"alive",0.009533165,"alleghaniensis","Betulaceae",34,44,1
2.4,"alive",0.000640006,"canadensis","Pinaceae",63,44,1
11.9,"dead",0.058295905,"alleghaniensis","Betulaceae",34,44,1
19.3,"alive",0.153116234,"canadensis","Pinaceae",63,44,1
6.9,"dead",0.009507717,"canadensis","Pinaceae",63,44,1
3.9,"alive",0.003660104,"latifolia","Ericaceae",11,44,1
8,"alive",0.014047923,"canadensis","Pinaceae",63,45,1
21.5,"alive",0.248339403,"rubrum","Sapindaceae",31,45,1
43.8,"alive",1.202251048,"canadensis","Pinaceae",63,45,1
13.3,"dead",0.069783806,"rubrum","Sapindaceae",31,45,1
3.6,"alive",0.001760234,"canadensis","Pinaceae",63,45,1
3.5,"alive",0.001638813,"canadensis","Pinaceae",63,45,1
8.8,"alive",0.018079406,"canadensis","Pinaceae",63,45,1
1.4,"alive",0.000178802,"canadensis","Pinaceae",63,45,1
1.5,"alive",0.000209405,"canadensis","Pinaceae",63,45,1
5.3,"alive",0.01278881,"virginiana","Hamamelidaceae",8,45,1
4.5,"alive",0.003116924,"canadensis","Pinaceae",63,45,1
7,"alive",0.009874942,"canadensis","Pinaceae",63,45,1
5.5,"alive",0.005522713,"dentata","Fagaceae",41,45,1
1.8,"alive",0.000490141,"canadensis","Pinaceae",63,45,1
3.2,"alive",0.00137574,"dentata","Fagaceae",41,45,1
13.4,"alive",0.055205002,"canadensis","Pinaceae",63,45,1
27.8,"alive",0.554981391,"rubra","Fagaceae",58,45,1
25.5,"alive",0.47509373,"lenta","Betulaceae",35,46,1
33.5,"alive",0.609094209,"canadensis","Pinaceae",63,46,1
22.7,"alive",0.222061872,"canadensis","Pinaceae",63,46,1
39,"alive",0.897241616,"canadensis","Pinaceae",63,46,1
16.3,"alive",0.119665099,"rubrum","Sapindaceae",31,46,1
10,"dead",0.036728825,"alleghaniensis","Betulaceae",34,46,1
25,"alive",0.36847929,"rubrum","Sapindaceae",31,46,1
12,"alive",0.041182479,"canadensis","Pinaceae",63,47,1
16.7,"alive",0.098949902,"canadensis","Pinaceae",63,47,1
56.6,"alive",2.269364462,"canadensis","Pinaceae",63,47,1
13.5,"alive",0.056305383,"canadensis","Pinaceae",63,47,1
43.7,"alive",1.761607824,"rubra","Fagaceae",58,47,1
1.5,"alive",0.000209405,"canadensis","Pinaceae",63,47,1
2.5,"alive",0.000707361,"canadensis","Pinaceae",63,47,1
1.4,"alive",0.000178802,"canadensis","Pinaceae",63,47,1
11.5,"dead",0.03678032,"canadensis","Pinaceae",63,47,1
7.3,"alive",0.022716159,"rubrum","Sapindaceae",31,48,1
10.8,"alive",0.031129554,"canadensis","Pinaceae",63,48,1
6,"alive",0.009533165,"alleghaniensis","Betulaceae",34,48,1
8.9,"alive",0.018628941,"canadensis","Pinaceae",63,48,1
1,"alive",0.000119623,"virginiana","Hamamelidaceae",8,48,1
8.9,"alive",0.026962941,"alleghaniensis","Betulaceae",34,48,1
5.8,"alive",0.006027317,"canadensis","Pinaceae",63,48,1
8,"alive",0.014047923,"canadensis","Pinaceae",63,48,1
19.1,"alive",0.207884745,"rubra","Fagaceae",58,48,1
22.5,"alive",0.216973722,"canadensis","Pinaceae",63,48,1
2.4,"alive",0.000640006,"canadensis","Pinaceae",63,48,1
7.7,"alive",0.012698088,"canadensis","Pinaceae",63,48,1
8,"alive",0.014047923,"canadensis","Pinaceae",63,48,1
20,"alive",0.278013508,"papyrifera","Betulaceae",36,48,1
10,"alive",0.036728825,"alleghaniensis","Betulaceae",34,48,1
3.8,"alive",0.002019928,"canadensis","Pinaceae",63,48,1
3.9,"alive",0.002158415,"canadensis","Pinaceae",63,48,1
11.9,"alive",0.063595533,"lenta","Betulaceae",35,48,1
7.1,"alive",0.010251018,"canadensis","Pinaceae",63,48,1
9,"alive",0.030298212,"lenta","Betulaceae",35,48,1
4.7,"alive",0.004915335,"virginiana","Hamamelidaceae",8,48,1
26.4,"alive",0.701523676,"rubrum","Sapindaceae",31,48,1
4.7,"alive",0.005047706,"alleghaniensis","Betulaceae",34,48,1
27.3,"alive",0.52000529,"alleghaniensis","Betulaceae",34,48,1
8.9,"alive",0.018628941,"canadensis","Pinaceae",63,48,1
16.9,"dead",0.128987706,"papyrifera","Betulaceae",36,48,1
14.5,"alive",0.068060833,"canadensis","Pinaceae",63,48,1
9.8,"alive",0.03481133,"alleghaniensis","Betulaceae",34,48,1
30.8,"alive",0.723294297,"rubra","Fagaceae",58,48,1
7.3,"alive",0.011030063,"canadensis","Pinaceae",63,48,1
3,"alive",0.001566724,"virginiana","Hamamelidaceae",8,48,1
1.3,"alive",0.000213075,"virginiana","Hamamelidaceae",8,48,1
11.5,"alive",0.053234673,"alleghaniensis","Betulaceae",34,48,1
5.7,"alive",0.008117392,"virginiana","Hamamelidaceae",8,48,1
9,"alive",0.019188867,"canadensis","Pinaceae",63,48,1
14.1,"alive",0.063193037,"canadensis","Pinaceae",63,49,1
26.4,"alive",0.505695183,"rubrum","Sapindaceae",31,49,1
9.1,"alive",0.028598932,"alleghaniensis","Betulaceae",34,49,1
17.4,"dead",0.098687462,"strobus","Pinaceae",51,49,1
21.7,"alive",0.244061887,"serotina","Rosaceae",55,49,1
10.3,"alive",0.040449304,"rubra","Fagaceae",58,49,1
16.1,"alive",0.129999257,"alleghaniensis","Betulaceae",34,49,1
14,"alive",0.073433878,"nigra","Oleaceae",85,49,1
12,"alive",0.053103723,"rubrum","Sapindaceae",31,49,1
12.4,"alive",0.044930021,"canadensis","Pinaceae",63,49,1
18.6,"alive",0.162687996,"serotina","Rosaceae",55,49,1
12.9,"alive",0.072228582,"alleghaniensis","Betulaceae",34,49,1
5,"alive",0.005279157,"rubrum","Sapindaceae",31,49,1
5.3,"dead",0.00614271,"rubrum","Sapindaceae",31,49,1
10.5,"alive",0.041808264,"alleghaniensis","Betulaceae",34,49,1
6.6,"alive",0.008458278,"canadensis","Pinaceae",63,49,1
11.2,"alive",0.034286447,"canadensis","Pinaceae",63,49,1
6,"dead",0.009283168,"unk_hardwood","Unknown",71,49,1
20.8,"alive",0.176554655,"canadensis","Pinaceae",63,49,1
14,"alive",0.088471088,"nigra","Oleaceae",85,49,1
25,"alive",0.36847929,"rubrum","Sapindaceae",31,49,1
22.5,"alive",0.319750748,"rubra","Fagaceae",58,49,1
5.9,"alive",0.006302998,"canadensis","Pinaceae",63,49,1
1.1,"alive",0.00010435,"canadensis","Pinaceae",63,49,1
4.6,"alive",0.005208796,"lenta","Betulaceae",35,1,2
46.9,"alive",1.426472905,"canadensis","Pinaceae",63,1,2
59.6,"alive",2.57398001,"canadensis","Pinaceae",63,1,2
7.7,"alive",0.012698088,"canadensis","Pinaceae",63,1,2
2,"alive",0.000411639,"canadensis","Pinaceae",63,1,2
2.3,"alive",0.000576876,"canadensis","Pinaceae",63,1,2
26,"alive",0.453378611,"rubrum","Sapindaceae",31,1,2
3,"alive",0.001111615,"canadensis","Pinaceae",63,1,2
1.1,"alive",0.00010435,"canadensis","Pinaceae",63,1,2
7.2,"alive",0.01063603,"canadensis","Pinaceae",63,1,2
1.3,"alive",0.00015118,"canadensis","Pinaceae",63,1,2
5.8,"dead",0.00579306,"unknown","Pinaceae",66,1,2
11.3,"dead",0.045267756,"rubrum","Sapindaceae",31,1,2
4.9,"alive",0.003884975,"canadensis","Pinaceae",63,2,2
4.2,"alive",0.002609706,"canadensis","Pinaceae",63,2,2
3.3,"alive",0.001412282,"canadensis","Pinaceae",63,2,2
1.8,"alive",0.000490141,"canadensis","Pinaceae",63,2,2
19.6,"alive",0.421122543,"rubrum","Sapindaceae",31,2,2
2.2,"alive",0.000669032,"canadensis","Pinaceae",63,2,2
20.1,"alive",0.237787051,"rubra","Fagaceae",58,2,2
15.6,"alive",0.106534188,"rubrum","Sapindaceae",31,2,2
8.3,"alive",0.022412367,"alleghaniensis","Betulaceae",34,2,2
35.1,"alive",0.68630442,"canadensis","Pinaceae",63,2,2
6.9,"alive",0.013761169,"alleghaniensis","Betulaceae",34,2,2
16.2,"alive",0.259045048,"rubrum","Sapindaceae",31,3,2
39.8,"alive",0.94456227,"canadensis","Pinaceae",63,3,2
15.1,"alive",0.109689719,"alleghaniensis","Betulaceae",34,3,2
18.2,"alive",0.281919411,"alleghaniensis","Betulaceae",34,3,2
41.6,"alive",1.028357845,"abies","Pinaceae",47,3,2
15.4,"alive",0.117661362,"rubra","Fagaceae",58,3,2
27.7,"alive",0.54982007,"rubra","Fagaceae",58,3,2
25.7,"alive",0.311170909,"canadensis","Pinaceae",63,3,2
18,"alive",0.387131134,"rubra","Fagaceae",58,4,2
7.8,"alive",0.025965712,"rubrum","Sapindaceae",31,4,2
9,"alive",0.032745174,"pennsylvanicum","Sapindaceae",30,4,2
6.3,"alive",0.009652169,"rubrum","Sapindaceae",31,4,2
3.7,"alive",0.00278119,"grandifolia","Fagaceae",43,4,2
9.8,"alive",0.035444264,"rubra","Fagaceae",58,4,2
4.4,"alive",0.004334792,"grandifolia","Fagaceae",43,4,2
4.9,"alive",0.005725226,"rubra","Fagaceae",58,4,2
2,"alive",0.000530798,"rubrum","Sapindaceae",31,4,2
4.4,"alive",0.004334792,"grandifolia","Fagaceae",43,4,2
4.4,"alive",0.004334792,"grandifolia","Fagaceae",43,4,2
3,"alive",0.001638169,"grandifolia","Fagaceae",43,4,2
2.7,"alive",0.001102782,"rubrum","Sapindaceae",31,4,2
8.1,"alive",0.021393661,"rubra","Fagaceae",58,4,2
5,"alive",0.004740468,"pennsylvanicum","Sapindaceae",30,4,2
7,"alive",0.012733478,"rubrum","Sapindaceae",31,4,2
14.4,"alive",0.086166403,"rubrum","Sapindaceae",31,4,2
51.8,"alive",2.68989523,"rubra","Fagaceae",58,5,2
1.1,"alive",0.000153779,"grandifolia","Fagaceae",43,5,2
22.5,"alive",0.319750748,"rubra","Fagaceae",58,5,2
33,"alive",0.898159514,"rubra","Fagaceae",58,5,2
6.6,"alive",0.010906726,"rubrum","Sapindaceae",31,5,2
29,"alive",0.619159218,"rubra","Fagaceae",58,5,2
11,"dead",0.031824076,"abies","Pinaceae",47,5,2
20.1,"alive",0.157109302,"abies","Pinaceae",47,5,2
18.4,"alive",0.124472191,"abies","Pinaceae",47,5,2
14.5,"alive",0.087762654,"rubrum","Sapindaceae",31,5,2
12.2,"alive",0.055487162,"rubrum","Sapindaceae",31,5,2
13.3,"alive",0.052693894,"abies","Pinaceae",47,5,2
26.3,"alive",0.480540914,"rubra","Fagaceae",58,5,2
2.7,"alive",0.001237816,"alleghaniensis","Betulaceae",34,6,2
12.3,"alive",0.06480388,"rubra","Fagaceae",58,6,2
4.7,"alive",0.005047706,"americana","Oleaceae",44,6,2
4.9,"alive",0.005725226,"grandifolia","Fagaceae",43,6,2
3.4,"alive",0.002204147,"alleghaniensis","Betulaceae",34,6,2
3.1,"alive",0.001746638,"alleghaniensis","Betulaceae",34,6,2
1,"alive",0.000122844,"alleghaniensis","Betulaceae",34,6,2
1.1,"alive",0.000153779,"grandifolia","Fagaceae",43,6,2
17.1,"alive",0.152468595,"alleghaniensis","Betulaceae",34,6,2
1.9,"alive",0.000604775,"cassinoides","Adoxaceae",28,6,2
3.7,"alive",0.003003982,"grandifolia","Fagaceae",43,6,2
7.4,"alive",0.01951164,"alleghaniensis","Betulaceae",34,6,2
11.7,"alive",0.055729473,"alleghaniensis","Betulaceae",34,6,2
5.7,"dead",0.008117392,"unk_hardwood","Unknown",71,6,2
1.5,"alive",0.000363703,"spp.","Rosaceae",4,6,2
1.6,"alive",0.000396027,"corymbosum","Ericaceae",24,6,2
12.4,"alive",0.065030293,"alleghaniensis","Betulaceae",34,6,2
2.3,"alive",0.003034322,"corymbosum","Ericaceae",24,6,2
2,"alive",0.000606626,"grandifolia","Fagaceae",43,7,2
31.5,"alive",0.766380742,"rubra","Fagaceae",58,7,2
1.2,"alive",0.000186284,"grandifolia","Fagaceae",43,7,2
2.4,"alive",0.000806751,"dentata","Fagaceae",41,7,2
13.6,"alive",0.084617849,"grandifolia","Fagaceae",43,7,2
3.6,"alive",0.002594029,"grandifolia","Fagaceae",43,7,2
1.2,"alive",0.000297783,"virginiana","Hamamelidaceae",8,7,2
1.1,"alive",0.000153779,"grandifolia","Fagaceae",43,7,2
1.3,"alive",0.000222792,"grandifolia","Fagaceae",43,7,2
2.7,"alive",0.001260322,"grandifolia","Fagaceae",43,7,2
7.2,"alive",0.009516448,"strobus","Pinaceae",51,7,2
5.7,"alive",0.009093813,"lenta","Betulaceae",35,7,2
43.2,"alive",1.711447725,"rubra","Fagaceae",58,7,2
3.9,"alive",0.006597383,"lenta","Betulaceae",35,7,2
1.3,"alive",0.0003295,"rubrum","Sapindaceae",31,7,2
36.8,"alive",1.141001648,"rubra","Fagaceae",58,7,2
36.7,"alive",1.133127087,"rubra","Fagaceae",58,7,2
1.1,"alive",0.000151033,"alleghaniensis","Betulaceae",34,7,2
3.1,"alive",0.001206768,"canadensis","Pinaceae",63,8,2
36.1,"alive",0.737294724,"canadensis","Pinaceae",63,8,2
3.1,"alive",0.001206768,"canadensis","Pinaceae",63,8,2
27,"alive",0.349116901,"canadensis","Pinaceae",63,8,2
13.7,"alive",0.058546677,"canadensis","Pinaceae",63,8,2
22.4,"alive",0.214456233,"canadensis","Pinaceae",63,9,2
29.1,"alive",0.518216387,"canadensis","Pinaceae",63,9,2
16.4,"dead",0.094315938,"canadensis","Pinaceae",63,9,2
28.7,"alive",0.408991924,"canadensis","Pinaceae",63,9,2
33.8,"alive",0.557567674,"strobus","Pinaceae",51,10,2
11.6,"dead",0.036645585,"abies","Pinaceae",47,10,2
5.4,"alive",0.006449243,"rubrum","Sapindaceae",31,10,2
11.1,"alive",0.043170714,"rubrum","Sapindaceae",31,10,2
15.4,"alive",0.077740543,"abies","Pinaceae",47,10,2
9.3,"alive",0.026990954,"rubrum","Sapindaceae",31,10,2
15.9,"alive",0.128053622,"rubra","Fagaceae",58,10,2
19.1,"alive",0.193696876,"rubrum","Sapindaceae",31,10,2
12.5,"alive",0.044690938,"abies","Pinaceae",47,10,2
29.7,"alive",0.658525072,"rubra","Fagaceae",58,10,2
9,"alive",0.027773361,"alleghaniensis","Betulaceae",34,10,2
11.7,"alive",0.049649894,"rubrum","Sapindaceae",31,10,2
17.1,"alive",0.102569782,"abies","Pinaceae",47,10,2
12.7,"dead",0.075592227,"lenta","Betulaceae",35,10,2
15.5,"alive",0.079085249,"abies","Pinaceae",47,10,2
8.6,"alive",0.021935502,"rubrum","Sapindaceae",31,11,2
21.9,"alive",0.297880466,"rubra","Fagaceae",58,11,2
9.2,"alive",0.032607332,"canadensis","Pinaceae",63,11,2
7.2,"alive",0.01371488,"rubrum","Sapindaceae",31,11,2
22.9,"alive",0.334852237,"rubra","Fagaceae",58,11,2
5.3,"alive",0.00614271,"rubrum","Sapindaceae",31,11,2
5,"alive",0.005279157,"rubrum","Sapindaceae",31,11,2
1,"alive",0.000122844,"alleghaniensis","Betulaceae",34,11,2
6.4,"alive",0.010059582,"rubrum","Sapindaceae",31,11,2
9.4,"alive",0.027767544,"rubrum","Sapindaceae",31,11,2
16.3,"dead",0.136760113,"rubra","Fagaceae",58,11,2
19.3,"alive",0.213670428,"grandifolia","Fagaceae",43,11,2
15.7,"alive",0.108352765,"rubrum","Sapindaceae",31,11,2
1.4,"alive",0.000310551,"spp.","Rosaceae",4,12,2
2,"alive",0.000947675,"alleghaniensis","Betulaceae",34,12,2
1.8,"alive",0.000286667,"strobus","Pinaceae",51,12,2
8.9,"dead",0.026255865,"unk_hardwood","Unknown",71,12,2
1.1,"alive",0.00018124,"spp.","Rosaceae",4,12,2
29.6,"alive",0.652813679,"rubra","Fagaceae",58,12,2
9.8,"dead",0.040612505,"unk_hardwood","Unknown",71,12,2
1.2,"alive",0.000400789,"spp.","Rosaceae",4,12,2
1.1,"alive",0.000346553,"dentatum","Adoxaceae",29,12,2
6.7,"alive",0.014046049,"canadensis","Pinaceae",63,12,2
22.4,"alive",0.310397179,"americana","Oleaceae",44,12,2
10.5,"dead",0.040711884,"unk_hardwood","Unknown",71,12,2
16.7,"alive",0.143216964,"alleghaniensis","Betulaceae",34,12,2
35.1,"alive",1.90215832,"rubra","Fagaceae",58,12,2
1.8,"alive",0.001042912,"spp.","Rosaceae",4,12,2
1.3,"alive",0.000246264,"corymbosum","Ericaceae",24,13,2
9,"alive",0.027773361,"alleghaniensis","Betulaceae",34,13,2
18.3,"alive",0.247076148,"rubrum","Sapindaceae",31,13,2
16.6,"alive",0.125581953,"rubrum","Sapindaceae",31,13,2
1.6,"alive",0.000403704,"cassinoides","Adoxaceae",28,13,2
28.9,"alive",0.536945593,"rubrum","Sapindaceae",31,13,2
1.3,"alive",0.000460941,"cassinoides","Adoxaceae",28,13,2
6.8,"alive",0.013483113,"grandifolia","Fagaceae",43,13,2
1.6,"alive",0.000403704,"cassinoides","Adoxaceae",28,13,2
2.2,"alive",0.001072521,"virginiana","Hamamelidaceae",8,13,2
14.9,"alive",0.094329757,"rubrum","Sapindaceae",31,13,2
2.5,"alive",0.001042427,"grandifolia","Fagaceae",43,14,2
9.6,"alive",0.033557122,"grandifolia","Fagaceae",43,14,2
6.4,"alive",0.011496665,"grandifolia","Fagaceae",43,14,2
1.9,"alive",0.000535229,"verticillata","Aquifoliaceae",9,14,2
2.5,"alive",0.001302282,"verticillata","Aquifoliaceae",9,14,2
9.5,"alive",0.032637739,"grandifolia","Fagaceae",43,14,2
6.5,"alive",0.011974548,"grandifolia","Fagaceae",43,14,2
38.9,"alive",1.102551215,"serotina","Rosaceae",55,14,2
4,"alive",0.003393606,"grandifolia","Fagaceae",43,14,2
2.4,"alive",0.001301446,"grandifolia","Fagaceae",43,14,2
22.4,"alive",0.276535669,"rubrum","Sapindaceae",31,14,2
1.1,"alive",0.000169981,"corymbosum","Ericaceae",24,14,2
1.7,"alive",0.000823173,"verticillata","Aquifoliaceae",9,14,2
1.3,"alive",0.000375521,"verticillata","Aquifoliaceae",9,14,2
51.3,"alive",2.626220825,"rubra","Fagaceae",58,14,2
3.1,"alive",0.001206768,"canadensis","Pinaceae",63,14,2
2.7,"alive",0.003831564,"corymbosum","Ericaceae",24,14,2
1,"alive",0.000138256,"corymbosum","Ericaceae",24,14,2
22.8,"alive",0.322379878,"rubrum","Sapindaceae",31,14,2
1.4,"alive",0.000262763,"verticillata","Aquifoliaceae",9,14,2
1.2,"alive",0.000185765,"verticillata","Aquifoliaceae",9,14,2
1.4,"alive",0.000680084,"cassinoides","Adoxaceae",28,14,2
27.7,"alive",0.37309219,"canadensis","Pinaceae",63,15,2
32.9,"alive",0.581514847,"canadensis","Pinaceae",63,15,2
17,"dead",0.10710408,"strobus","Pinaceae",51,15,2
53.9,"alive",2.013031792,"canadensis","Pinaceae",63,15,2
13.9,"dead",0.060842407,"canadensis","Pinaceae",63,15,2
19.4,"dead",0.146978279,"canadensis","Pinaceae",63,16,2
21.8,"alive",0.199721177,"canadensis","Pinaceae",63,16,2
36.6,"alive",0.763585565,"canadensis","Pinaceae",63,16,2
20.7,"alive",0.174332489,"canadensis","Pinaceae",63,16,2
1.8,"alive",0.000320393,"canadensis","Pinaceae",63,16,2
23.8,"alive",0.324078212,"rubrum","Sapindaceae",31,16,2
24.1,"alive",0.38269625,"rubra","Fagaceae",58,17,2
18.7,"dead",0.196601968,"rubra","Fagaceae",58,17,2
5.7,"alive",0.007426614,"rubrum","Sapindaceae",31,17,2
17.5,"alive",0.109033901,"abies","Pinaceae",47,17,2
26.3,"alive",0.480540914,"rubra","Fagaceae",58,17,2
25.3,"alive",0.372358022,"papyrifera","Betulaceae",36,17,2
25.1,"alive",0.518920606,"rubrum","Sapindaceae",31,17,2
7.3,"dead",0.010739798,"abies","Pinaceae",47,17,2
21.9,"alive",0.396491488,"rubrum","Sapindaceae",31,17,2
11.8,"alive",0.082344684,"grandifolia","Fagaceae",43,17,2
25.5,"alive",0.443420815,"rubra","Fagaceae",58,17,2
3.1,"alive",0.001206768,"canadensis","Pinaceae",63,17,2
30.5,"alive",0.705275234,"rubra","Fagaceae",58,17,2
22.4,"dead",0.208812648,"abies","Pinaceae",47,18,2
29.1,"alive",0.412745174,"abies","Pinaceae",47,18,2
13.3,"alive",0.069783806,"rubrum","Sapindaceae",31,18,2
35.3,"alive",0.678008786,"abies","Pinaceae",47,18,2
37.3,"alive",1.725534576,"rubra","Fagaceae",58,18,2
19.6,"alive",0.135107967,"strobus","Pinaceae",51,18,2
9.1,"alive",0.025479049,"rubrum","Sapindaceae",31,18,2
20.8,"alive",0.17190848,"abies","Pinaceae",47,18,2
12.9,"alive",0.048590137,"abies","Pinaceae",47,18,2
10.9,"dead",0.031061452,"abies","Pinaceae",47,18,2
53.4,"alive",1.760314004,"strobus","Pinaceae",51,19,2
3.1,"alive",0.001778395,"grandifolia","Fagaceae",43,19,2
31.2,"alive",0.654269018,"rubrum","Sapindaceae",31,19,2
1.4,"alive",0.000263498,"grandifolia","Fagaceae",43,19,2
12.8,"alive",0.073482796,"alleghaniensis","Betulaceae",34,19,2
33.6,"alive",1.077774577,"rubrum","Sapindaceae",31,19,2
14.9,"alive",0.107805436,"grandifolia","Fagaceae",43,19,2
9.3,"alive",0.030295969,"alleghaniensis","Betulaceae",34,19,2
31.8,"alive",0.687133236,"rubrum","Sapindaceae",31,19,2
15.5,"alive",0.104734519,"rubrum","Sapindaceae",31,19,2
1.7,"alive",0.000708453,"alleghaniensis","Betulaceae",34,19,2
2,"alive",0.000580169,"virginiana","Hamamelidaceae",8,19,2
27.7,"alive",0.481092561,"rubrum","Sapindaceae",31,19,2
3.6,"alive",0.002547707,"alleghaniensis","Betulaceae",34,19,2
1,"alive",0.000125078,"grandifolia","Fagaceae",43,19,2
2.7,"alive",0.001205355,"virginiana","Hamamelidaceae",8,19,2
52.5,"alive",2.780460258,"rubra","Fagaceae",58,20,2
18.1,"alive",0.122408456,"canadensis","Pinaceae",63,20,2
42.3,"alive",1.101473308,"canadensis","Pinaceae",63,20,2
32.8,"alive",0.740466787,"canadensis","Pinaceae",63,20,2
14.1,"alive",0.063193037,"canadensis","Pinaceae",63,20,2
31.6,"alive",0.545233727,"canadensis","Pinaceae",63,20,2
29,"alive",0.420143755,"canadensis","Pinaceae",63,20,2
6,"alive",0.006586551,"canadensis","Pinaceae",63,20,2
21,"alive",0.300162191,"alba","Fagaceae",57,20,2
6.6,"alive",0.008458278,"canadensis","Pinaceae",63,20,2
2.1,"alive",0.000414096,"strobus","Pinaceae",51,21,2
5.5,"alive",0.005522713,"dentata","Fagaceae",41,21,2
9.5,"alive",0.022147037,"canadensis","Pinaceae",63,21,2
4.1,"alive",0.002453199,"canadensis","Pinaceae",63,21,2
4.8,"alive",0.00368283,"canadensis","Pinaceae",63,21,2
8.7,"alive",0.018463355,"dentata","Fagaceae",41,21,2
11.2,"alive",0.034286447,"canadensis","Pinaceae",63,21,2
4.2,"alive",0.003678152,"virginiana","Hamamelidaceae",8,21,2
3.1,"alive",0.001778395,"grandifolia","Fagaceae",43,21,2
12.3,"dead",0.056703395,"rubrum","Sapindaceae",31,21,2
7.6,"alive",0.01226713,"canadensis","Pinaceae",63,21,2
8.1,"alive",0.014517127,"canadensis","Pinaceae",63,21,2
8.6,"alive",0.017011206,"canadensis","Pinaceae",63,21,2
1.9,"alive",0.000364207,"canadensis","Pinaceae",63,21,2
7.5,"alive",0.011845529,"canadensis","Pinaceae",63,21,2
5.8,"alive",0.006027317,"canadensis","Pinaceae",63,21,2
2.6,"alive",0.000779059,"canadensis","Pinaceae",63,21,2
43.5,"alive",1.741445289,"rubra","Fagaceae",58,21,2
4.2,"alive",0.002609706,"canadensis","Pinaceae",63,21,2
3.4,"alive",0.002146346,"virginiana","Hamamelidaceae",8,21,2
4.2,"alive",0.004120588,"lenta","Betulaceae",35,21,2
1.9,"alive",0.000383376,"dentata","Fagaceae",41,21,2
69.5,"alive",5.493436799,"rubra","Fagaceae",58,21,2
7,"dead",0.009874942,"canadensis","Pinaceae",63,22,2
1.1,"alive",0.000189225,"canadensis","Pinaceae",63,22,2
1.2,"alive",0.000126407,"canadensis","Pinaceae",63,22,2
1,"alive",0.0000849,"canadensis","Pinaceae",63,22,2
2.8,"alive",0.000935954,"canadensis","Pinaceae",63,22,2
13.3,"alive",0.085449559,"lenta","Betulaceae",35,22,2
1.9,"alive",0.000364207,"canadensis","Pinaceae",63,22,2
12.5,"alive",0.045898802,"canadensis","Pinaceae",63,22,2
7,"alive",0.009874942,"canadensis","Pinaceae",63,22,2
2.8,"alive",0.000935954,"canadensis","Pinaceae",63,22,2
4.2,"alive",0.002609706,"canadensis","Pinaceae",63,22,2
1.9,"alive",0.000364207,"canadensis","Pinaceae",63,22,2
1.3,"alive",0.00015118,"canadensis","Pinaceae",63,22,2
1.9,"alive",0.000364207,"canadensis","Pinaceae",63,22,2
1.9,"alive",0.000364207,"canadensis","Pinaceae",63,22,2
2.6,"alive",0.000779059,"canadensis","Pinaceae",63,22,2
6.8,"dead",0.009149255,"canadensis","Pinaceae",63,22,2
2,"alive",0.000411639,"canadensis","Pinaceae",63,22,2
16,"alive",0.139497098,"lenta","Betulaceae",35,22,2
2.5,"alive",0.000707361,"canadensis","Pinaceae",63,22,2
4.9,"alive",0.003884975,"canadensis","Pinaceae",63,22,2
11.9,"alive",0.040277171,"canadensis","Pinaceae",63,22,2
1.6,"alive",0.000243118,"canadensis","Pinaceae",63,22,2
1.4,"alive",0.000178802,"canadensis","Pinaceae",63,22,2
5,"alive",0.00409404,"canadensis","Pinaceae",63,22,2
1.7,"alive",0.000280072,"canadensis","Pinaceae",63,22,2
52.7,"alive",1.904506247,"canadensis","Pinaceae",63,23,2
58,"alive",2.408919971,"canadensis","Pinaceae",63,23,2
3.5,"alive",0.002494031,"canadensis","Pinaceae",63,23,2
10.6,"alive",0.051911673,"rubrum","Sapindaceae",31,24,2
42.6,"alive",1.121228979,"canadensis","Pinaceae",63,24,2
15.9,"alive",0.087213922,"canadensis","Pinaceae",63,24,2
16.3,"alive",0.119665099,"rubrum","Sapindaceae",31,24,2
27.2,"alive",0.524440975,"rubra","Fagaceae",58,24,2
26.1,"alive",0.516941789,"rubrum","Sapindaceae",31,24,2
13.2,"dead",0.067003551,"papyrifera","Betulaceae",36,24,2
25.5,"alive",0.47509373,"lenta","Betulaceae",35,25,2
1.6,"alive",0.000544055,"rubrum","Sapindaceae",31,25,2
12,"dead",0.053103723,"rubrum","Sapindaceae",31,25,2
1.4,"alive",0.000263498,"grandifolia","Fagaceae",43,25,2
48.4,"alive",2.27352796,"rubra","Fagaceae",58,25,2
5.4,"alive",0.005001454,"canadensis","Pinaceae",63,25,2
1.8,"alive",0.000320393,"canadensis","Pinaceae",63,25,2
4.5,"alive",0.004511338,"alleghaniensis","Betulaceae",34,25,2
1.1,"alive",0.000169981,"corymbosum","Ericaceae",24,25,2
5.6,"alive",0.007091073,"rubrum","Sapindaceae",31,25,2
12.3,"alive",0.062261186,"rubrum","Sapindaceae",31,25,2
41,"alive",1.500452828,"velutina","Fagaceae",59,25,2
1.2,"alive",0.000126407,"canadensis","Pinaceae",63,25,2
4.4,"alive",0.004797519,"rubrum","Sapindaceae",31,25,2
16.9,"alive",0.13167495,"rubrum","Sapindaceae",31,25,2
4,"alive",0.00515951,"virginiana","Hamamelidaceae",8,25,2
5.6,"alive",0.007091073,"rubrum","Sapindaceae",31,25,2
2.5,"alive",0.001358164,"ligustrina","Ericaceae",14,26,2
17.9,"dead",0.167536119,"unk_hardwood","Unknown",71,26,2
3,"alive",0.002118999,"corymbosum","Ericaceae",24,26,2
2.7,"alive",0.003655041,"corymbosum","Ericaceae",24,26,2
2.7,"alive",0.003026798,"verticillata","Aquifoliaceae",9,26,2
3.5,"alive",0.005644567,"corymbosum","Ericaceae",24,26,2
1,"alive",0.000138256,"corymbosum","Ericaceae",24,26,2
13.3,"dead",0.076568928,"unknown","Betulaceae",68,26,2
1.4,"alive",0.000448527,"verticillata","Aquifoliaceae",9,26,2
2.5,"alive",0.006183183,"verticillata","Aquifoliaceae",9,26,2
2.2,"alive",0.003567294,"verticillata","Aquifoliaceae",9,26,2
14,"dead",0.087736023,"unknown","Betulaceae",68,26,2
1.3,"alive",0.000452175,"ligustrina","Ericaceae",14,26,2
1,"alive",0.000276512,"corymbosum","Ericaceae",24,26,2
1.5,"alive",0.000618229,"verticillata","Aquifoliaceae",9,26,2
2.2,"alive",0.00173675,"corymbosum","Ericaceae",24,26,2
1.2,"alive",0.000858314,"corymbosum","Ericaceae",24,26,2
1.7,"alive",0.000872672,"verticillata","Aquifoliaceae",9,26,2
1,"alive",0.000124729,"verticillata","Aquifoliaceae",9,26,2
2.3,"alive",0.001358392,"verticillata","Aquifoliaceae",9,26,2
2.1,"alive",0.00192434,"verticillata","Aquifoliaceae",9,26,2
2,"alive",0.000604934,"verticillata","Aquifoliaceae",9,26,2
1.4,"alive",0.000262763,"verticillata","Aquifoliaceae",9,26,2
2,"alive",0.000604934,"verticillata","Aquifoliaceae",9,26,2
2.8,"alive",0.001900978,"verticillata","Aquifoliaceae",9,26,2
3.2,"alive",0.001920664,"verticillata","Aquifoliaceae",9,26,2
1.9,"alive",0.000842964,"verticillata","Aquifoliaceae",9,26,2
1.2,"alive",0.000463844,"verticillata","Aquifoliaceae",9,26,2
3.8,"alive",0.010260399,"corymbosum","Ericaceae",24,26,2
2.5,"alive",0.001039519,"verticillata","Aquifoliaceae",9,26,2
2,"alive",0.001263812,"corymbosum","Ericaceae",24,26,2
2.6,"alive",0.003253715,"corymbosum","Ericaceae",24,26,2
1.2,"alive",0.000185765,"verticillata","Aquifoliaceae",9,26,2
2.7,"alive",0.001689271,"verticillata","Aquifoliaceae",9,26,2
1.6,"alive",0.00035728,"verticillata","Aquifoliaceae",9,26,2
2.5,"alive",0.001574748,"verticillata","Aquifoliaceae",9,26,2
1.4,"alive",0.000448527,"verticillata","Aquifoliaceae",9,26,2
1.2,"alive",0.000185765,"verticillata","Aquifoliaceae",9,26,2
7,"alive",0.013146616,"rubrum","Sapindaceae",31,26,2
1.7,"alive",0.001082284,"verticillata","Aquifoliaceae",9,26,2
1.6,"alive",0.001737967,"verticillata","Aquifoliaceae",9,26,2
1.8,"alive",0.001239708,"verticillata","Aquifoliaceae",9,26,2
1.9,"alive",0.000946815,"verticillata","Aquifoliaceae",9,26,2
1.1,"alive",0.000169981,"ligustrina","Ericaceae",14,26,2
1.1,"alive",0.000169981,"corymbosum","Ericaceae",24,26,2
1.4,"alive",0.000429515,"ligustrina","Ericaceae",14,26,2
1.2,"alive",0.000185765,"verticillata","Aquifoliaceae",9,26,2
1.8,"alive",0.001040304,"verticillata","Aquifoliaceae",9,26,2
1.4,"alive",0.000262763,"verticillata","Aquifoliaceae",9,26,2
1.2,"alive",0.000185765,"verticillata","Aquifoliaceae",9,26,2
1.7,"alive",0.000597351,"verticillata","Aquifoliaceae",9,26,2
2.4,"alive",0.001248271,"verticillata","Aquifoliaceae",9,26,2
2.2,"alive",0.001067722,"verticillata","Aquifoliaceae",9,26,2
1.5,"alive",0.000848578,"verticillata","Aquifoliaceae",9,26,2
1.3,"alive",0.00050025,"verticillata","Aquifoliaceae",9,26,2
10.1,"alive",0.033597834,"rubrum","Sapindaceae",31,26,2
1.2,"alive",0.000338718,"vernix","Anacardiaceae",87,26,2
7.3,"alive",0.014222975,"rubrum","Sapindaceae",31,26,2
1.2,"alive",0.000339115,"verticillata","Aquifoliaceae",9,26,2
2.2,"alive",0.000761021,"verticillata","Aquifoliaceae",9,26,2
1.6,"alive",0.000543045,"verticillata","Aquifoliaceae",9,26,2
1.8,"alive",0.000828121,"verticillata","Aquifoliaceae",9,26,2
1.5,"alive",0.001100404,"verticillata","Aquifoliaceae",9,26,2
2.2,"alive",0.000761021,"verticillata","Aquifoliaceae",9,26,2
1,"alive",0.000124583,"vernix","Anacardiaceae",87,26,2
2.5,"alive",0.006056575,"verticillata","Aquifoliaceae",9,26,2
1.9,"alive",0.000659958,"verticillata","Aquifoliaceae",9,26,2
18.8,"dead",0.201581873,"unknown","Betulaceae",68,26,2
1.5,"alive",0.000529906,"verticillata","Aquifoliaceae",9,26,2
1.4,"alive",0.000262763,"verticillata","Aquifoliaceae",9,26,2
13.2,"dead",0.047460849,"strobus","Pinaceae",51,26,2
9.9,"dead",0.034824196,"unk_hardwood","Unknown",71,26,2
13,"dead",0.065682183,"rubrum","Sapindaceae",31,26,2
1.4,"alive",0.000747695,"verticillata","Aquifoliaceae",9,26,2
2.4,"alive",0.001637014,"corymbosum","Ericaceae",24,26,2
1.5,"alive",0.000308596,"grandifolia","Fagaceae",43,27,2
18.8,"dead",0.195826273,"alleghaniensis","Betulaceae",34,27,2
4.7,"alive",0.003487506,"canadensis","Pinaceae",63,27,2
3.3,"alive",0.001412282,"canadensis","Pinaceae",63,27,2
11.6,"alive",0.048530639,"rubrum","Sapindaceae",31,27,2
23.2,"alive",0.235094108,"canadensis","Pinaceae",63,27,2
17.2,"alive",0.137945815,"rubrum","Sapindaceae",31,27,2
1.5,"alive",0.00041476,"virginiana","Hamamelidaceae",8,27,2
8.7,"alive",0.025387113,"alleghaniensis","Betulaceae",34,27,2
9.6,"alive",0.032957888,"alleghaniensis","Betulaceae",34,27,2
2.4,"alive",0.000926324,"alleghaniensis","Betulaceae",34,27,2
7.1,"alive",0.014837,"alleghaniensis","Betulaceae",34,27,2
28,"alive",0.494716128,"rubrum","Sapindaceae",31,27,2
4.6,"alive",0.003298904,"canadensis","Pinaceae",63,27,2
11.7,"dead",0.055729473,"alleghaniensis","Betulaceae",34,27,2
35.7,"dead",0.716644616,"canadensis","Pinaceae",63,27,2
22.4,"alive",0.276535669,"rubrum","Sapindaceae",31,27,2
32.1,"alive",0.703920059,"rubrum","Sapindaceae",31,27,2
3,"alive",0.001111615,"canadensis","Pinaceae",63,28,2
1.5,"alive",0.000209405,"canadensis","Pinaceae",63,28,2
8.7,"dead",0.022156026,"papyrifera","Betulaceae",36,28,2
11.7,"dead",0.055729473,"alleghaniensis","Betulaceae",34,28,2
3.3,"alive",0.001412282,"canadensis","Pinaceae",63,28,2
16.3,"alive",0.092801505,"canadensis","Pinaceae",63,28,2
1.9,"alive",0.000364207,"canadensis","Pinaceae",63,28,2
5.1,"alive",0.004310124,"canadensis","Pinaceae",63,28,2
17.7,"alive",0.167017179,"alleghaniensis","Betulaceae",34,28,2
2.2,"alive",0.000517852,"canadensis","Pinaceae",63,28,2
3.6,"alive",0.002594029,"grandifolia","Fagaceae",43,28,2
34.4,"dead",0.840563869,"rubrum","Sapindaceae",31,28,2
43.4,"alive",1.174887586,"canadensis","Pinaceae",63,28,2
23.9,"dead",0.25409467,"canadensis","Pinaceae",63,29,2
15.3,"dead",0.078475147,"canadensis","Pinaceae",63,29,2
60.4,"alive",2.658739982,"canadensis","Pinaceae",63,29,2
1.1,"alive",0.000170256,"latifolia","Ericaceae",11,29,2
8.7,"dead",0.017540187,"canadensis","Pinaceae",63,29,2
43.3,"alive",1.168102427,"canadensis","Pinaceae",63,29,2
1.6,"alive",0.000535146,"latifolia","Ericaceae",11,29,2
34.5,"alive",0.657134328,"canadensis","Pinaceae",63,30,2
3.5,"alive",0.001638813,"canadensis","Pinaceae",63,30,2
10.3,"dead",0.027447742,"canadensis","Pinaceae",63,30,2
33.7,"alive",0.627252662,"canadensis","Pinaceae",63,30,2
2.3,"alive",0.000576876,"canadensis","Pinaceae",63,30,2
34.7,"alive",0.666499239,"canadensis","Pinaceae",63,30,2
8.1,"alive",0.014517127,"canadensis","Pinaceae",63,30,2
23,"alive",0.229827572,"canadensis","Pinaceae",63,30,2
16.5,"alive",0.095845448,"canadensis","Pinaceae",63,30,2
9.2,"alive",0.020340201,"canadensis","Pinaceae",63,30,2
23,"alive",0.36288564,"lenta","Betulaceae",35,30,2
11.1,"alive",0.03347933,"canadensis","Pinaceae",63,30,2
13.3,"alive",0.079752921,"grandifolia","Fagaceae",43,30,2
34.9,"alive",0.676359766,"canadensis","Pinaceae",63,30,2
31.6,"alive",0.524301967,"canadensis","Pinaceae",63,30,2
1.8,"alive",0.000320393,"canadensis","Pinaceae",63,30,2
24.2,"alive",0.26251017,"canadensis","Pinaceae",63,30,2
13,"dead",0.050937203,"canadensis","Pinaceae",63,30,2
3.5,"alive",0.002415093,"grandifolia","Fagaceae",43,31,2
7.6,"alive",0.01226713,"canadensis","Pinaceae",63,31,2
3.1,"alive",0.001778395,"grandifolia","Fagaceae",43,31,2
6,"alive",0.006933211,"dentata","Fagaceae",41,31,2
2.9,"alive",0.001021381,"canadensis","Pinaceae",63,31,2
27.1,"alive",0.352484178,"canadensis","Pinaceae",63,31,2
16,"alive",0.11392263,"rubrum","Sapindaceae",31,31,2
22.6,"dead",0.19640272,"strobus","Pinaceae",51,31,2
30.1,"alive",0.46255794,"canadensis","Pinaceae",63,31,2
16,"alive",0.139497098,"lenta","Betulaceae",35,31,2
1.7,"alive",0.000411104,"vernix","Anacardiaceae",87,32,2
1.6,"alive",0.001240086,"verticillata","Aquifoliaceae",9,32,2
3,"alive",0.001631687,"vernix","Anacardiaceae",87,32,2
1.2,"alive",0.000185765,"verticillata","Aquifoliaceae",9,32,2
2.2,"alive",0.001023784,"verticillata","Aquifoliaceae",9,32,2
1.3,"alive",0.00022217,"verticillata","Aquifoliaceae",9,32,2
1.5,"alive",0.0004935,"verticillata","Aquifoliaceae",9,32,2
2.5,"alive",0.001039519,"verticillata","Aquifoliaceae",9,32,2
1.5,"alive",0.000307736,"verticillata","Aquifoliaceae",9,32,2
1,"alive",0.000124729,"verticillata","Aquifoliaceae",9,32,2
2.3,"alive",0.000847761,"verticillata","Aquifoliaceae",9,32,2
3.2,"alive",0.009335998,"mucronatus","Aquifoliaceae",16,32,2
1.1,"alive",0.00015335,"mucronatus","Aquifoliaceae",16,32,2
3.9,"alive",0.005217136,"mucronatus","Aquifoliaceae",16,32,2
2.1,"alive",0.000680138,"mucronatus","Aquifoliaceae",16,32,2
3.9,"alive",0.003408024,"lenta","Betulaceae",35,32,2
1.1,"alive",0.00015335,"verticillata","Aquifoliaceae",9,32,2
1.3,"alive",0.00022217,"verticillata","Aquifoliaceae",9,32,2
1.1,"alive",0.00015335,"verticillata","Aquifoliaceae",9,32,2
1.2,"alive",0.000185765,"verticillata","Aquifoliaceae",9,32,2
2.2,"alive",0.001172608,"verticillata","Aquifoliaceae",9,32,2
1.3,"alive",0.00022217,"verticillata","Aquifoliaceae",9,32,2
1.5,"alive",0.000585815,"verticillata","Aquifoliaceae",9,32,2
1.5,"alive",0.000307736,"verticillata","Aquifoliaceae",9,32,2
2.1,"alive",0.001095008,"corymbosum","Ericaceae",24,32,2
2.3,"alive",0.000847761,"verticillata","Aquifoliaceae",9,32,2
9.9,"alive",0.029259833,"populifolia","Betulaceae",37,32,2
1.7,"alive",0.000411586,"verticillata","Aquifoliaceae",9,32,2
23.9,"alive",0.227347863,"strobus","Pinaceae",51,32,2
4.3,"alive",0.011877964,"mucronatus","Aquifoliaceae",16,32,2
19.5,"alive",0.14898239,"canadensis","Pinaceae",63,32,2
1,"alive",0.000124729,"verticillata","Aquifoliaceae",9,32,2
1,"alive",0.000124729,"verticillata","Aquifoliaceae",9,32,2
1.4,"alive",0.000484933,"verticillata","Aquifoliaceae",9,32,2
1.3,"alive",0.000528871,"verticillata","Aquifoliaceae",9,32,2
1.9,"alive",0.000593274,"corymbosum","Ericaceae",24,32,2
22.7,"alive",0.198686938,"strobus","Pinaceae",51,32,2
1.2,"alive",0.000371529,"verticillata","Aquifoliaceae",9,32,2
1.8,"alive",0.000727814,"corymbosum","Ericaceae",24,32,2
1.4,"alive",0.000262763,"verticillata","Aquifoliaceae",9,32,2
3.4,"alive",0.002480668,"corymbosum","Ericaceae",24,32,2
2.2,"alive",0.001630042,"verticillata","Aquifoliaceae",9,32,2
1.9,"alive",0.000535229,"verticillata","Aquifoliaceae",9,32,2
1.4,"alive",0.000484933,"verticillata","Aquifoliaceae",9,32,2
2.3,"alive",0.001110524,"mucronatus","Aquifoliaceae",16,32,2
1.2,"alive",0.000339115,"verticillata","Aquifoliaceae",9,32,2
3.3,"alive",0.002676425,"corymbosum","Ericaceae",24,32,2
1.4,"alive",0.000262763,"verticillata","Aquifoliaceae",9,32,2
1.1,"alive",0.00015335,"verticillata","Aquifoliaceae",9,32,2
1.6,"alive",0.00035728,"verticillata","Aquifoliaceae",9,32,2
11.1,"alive",0.048456924,"alleghaniensis","Betulaceae",34,32,2
1.1,"alive",0.00015335,"verticillata","Aquifoliaceae",9,32,2
1.9,"alive",0.000535229,"verticillata","Aquifoliaceae",9,32,2
1.3,"alive",0.00022217,"verticillata","Aquifoliaceae",9,32,2
1,"alive",0.000124729,"verticillata","Aquifoliaceae",9,32,2
1.3,"alive",0.00022217,"verticillata","Aquifoliaceae",9,32,2
1.2,"alive",0.000185765,"verticillata","Aquifoliaceae",9,32,2
1.1,"alive",0.000169874,"melanocarpa","Rosaceae",2,32,2
3,"alive",0.001284208,"incana","Betulaceae",1,32,2
1.3,"alive",0.000375521,"verticillata","Aquifoliaceae",9,32,2
1.1,"alive",0.00015335,"verticillata","Aquifoliaceae",9,32,2
2.9,"alive",0.00168676,"verticillata","Aquifoliaceae",9,32,2
1.2,"alive",0.000185765,"verticillata","Aquifoliaceae",9,32,2
1,"alive",0.000138168,"melanocarpa","Rosaceae",2,32,2
1.3,"alive",0.000251038,"dentatum","Adoxaceae",29,32,2
1.6,"alive",0.000396027,"corymbosum","Ericaceae",24,32,2
1.8,"alive",0.000470841,"verticillata","Aquifoliaceae",9,32,2
2.5,"alive",0.001995807,"corymbosum","Ericaceae",24,32,2
1.5,"alive",0.000340894,"melanocarpa","Rosaceae",2,32,2
1.3,"alive",0.000246109,"melanocarpa","Rosaceae",2,32,2
1.2,"alive",0.000209903,"dentatum","Adoxaceae",29,32,2
1.5,"alive",0.000307736,"verticillata","Aquifoliaceae",9,32,2
6.3,"alive",0.008864237,"populifolia","Betulaceae",37,32,2
1,"alive",0.000124729,"verticillata","Aquifoliaceae",9,32,2
1.4,"alive",0.000262763,"verticillata","Aquifoliaceae",9,32,2
1.2,"alive",0.000185765,"verticillata","Aquifoliaceae",9,32,2
2.3,"alive",0.001335727,"corymbosum","Ericaceae",24,32,2
1.5,"alive",0.000432465,"verticillata","Aquifoliaceae",9,32,2
2.4,"alive",0.001383645,"corymbosum","Ericaceae",24,32,2
2.4,"alive",0.001042536,"ligustrina","Ericaceae",14,32,2
1.4,"alive",0.000262763,"verticillata","Aquifoliaceae",9,32,2
1.2,"alive",0.000185765,"verticillata","Aquifoliaceae",9,32,2
2.6,"alive",0.001269047,"ligustrina","Ericaceae",14,32,2
1.9,"alive",0.000535229,"verticillata","Aquifoliaceae",9,32,2
1.6,"alive",0.000510631,"verticillata","Aquifoliaceae",9,33,2
1.9,"alive",0.000688579,"verticillata","Aquifoliaceae",9,33,2
1.8,"alive",0.001066411,"verticillata","Aquifoliaceae",9,33,2
1.6,"alive",0.000482009,"verticillata","Aquifoliaceae",9,33,2
1,"alive",0.000138256,"ligustrina","Ericaceae",14,33,2
1.1,"alive",0.00015335,"verticillata","Aquifoliaceae",9,33,2
1.1,"alive",0.000169981,"corymbosum","Ericaceae",24,33,2
2.5,"alive",0.001261689,"verticillata","Aquifoliaceae",9,33,2
1.8,"alive",0.000863012,"corymbosum","Ericaceae",24,33,2
16.9,"alive",0.132258466,"rubrum","Sapindaceae",31,33,2
1.1,"alive",0.00015335,"verticillata","Aquifoliaceae",9,33,2
2.6,"alive",0.002383355,"corymbosum","Ericaceae",24,33,2
1.9,"alive",0.001406436,"corymbosum","Ericaceae",24,33,2
1,"alive",0.000124729,"verticillata","Aquifoliaceae",9,33,2
1.1,"alive",0.000308237,"corymbosum","Ericaceae",24,33,2
1.7,"alive",0.000411586,"verticillata","Aquifoliaceae",9,33,2
2.2,"alive",0.00170755,"corymbosum","Ericaceae",24,33,2
1,"alive",0.000622915,"vernix","Anacardiaceae",87,33,2
1.8,"alive",0.000521903,"corymbosum","Ericaceae",24,33,2
1,"alive",0.000138168,"melanocarpa","Rosaceae",2,33,2
1.8,"alive",0.002244335,"corymbosum","Ericaceae",24,33,2
1.7,"alive",0.000456223,"ligustrina","Ericaceae",14,33,2
1,"alive",0.000138256,"corymbosum","Ericaceae",24,33,2
1.9,"alive",0.000535229,"verticillata","Aquifoliaceae",9,33,2
1.7,"alive",0.000997401,"verticillata","Aquifoliaceae",9,33,2
5.4,"dead",0.004474985,"strobus","Pinaceae",51,33,2
2.3,"alive",0.00138299,"verticillata","Aquifoliaceae",9,33,2
1.1,"alive",0.000169981,"corymbosum","Ericaceae",24,33,2
1.2,"alive",0.000185765,"verticillata","Aquifoliaceae",9,33,2
1.3,"alive",0.000416245,"corymbosum","Ericaceae",24,33,2
2.3,"alive",0.001154462,"verticillata","Aquifoliaceae",9,33,2
1.2,"alive",0.000545873,"corymbosum","Ericaceae",24,33,2
1,"alive",0.000124583,"vernix","Anacardiaceae",87,33,2
1.8,"alive",0.000863012,"ligustrina","Ericaceae",14,33,2
1.9,"alive",0.001547042,"corymbosum","Ericaceae",24,33,2
1.7,"alive",0.000456223,"corymbosum","Ericaceae",24,33,2
1.2,"alive",0.000482422,"corymbosum","Ericaceae",24,33,2
1.8,"alive",0.000703885,"laevis","Rosaceae",82,33,2
1.5,"alive",0.000187362,"strobus","Pinaceae",51,33,2
2,"alive",0.001378043,"corymbosum","Ericaceae",24,33,2
12.5,"dead",0.059185297,"rubrum","Sapindaceae",31,33,2
1.7,"alive",0.000456223,"corymbosum","Ericaceae",24,33,2
2.7,"alive",0.001946472,"verticillata","Aquifoliaceae",9,33,2
1.3,"alive",0.00022217,"verticillata","Aquifoliaceae",9,33,2
1.6,"alive",0.000396027,"corymbosum","Ericaceae",24,33,2
1.5,"alive",0.001384867,"corymbosum","Ericaceae",24,33,2
1.2,"alive",0.000185765,"verticillata","Aquifoliaceae",9,33,2
1.6,"alive",0.000874245,"corymbosum","Ericaceae",24,33,2
2,"alive",0.000670539,"corymbosum","Ericaceae",24,33,2
1.7,"alive",0.000444109,"incana","Betulaceae",1,33,2
1.1,"alive",0.000120552,"incana","Betulaceae",1,33,2
1.7,"alive",0.001081452,"incana","Betulaceae",1,33,2
1.3,"alive",0.000272705,"incana","Betulaceae",1,33,2
1.7,"alive",0.000411586,"verticillata","Aquifoliaceae",9,33,2
2.3,"alive",0.004733352,"verticillata","Aquifoliaceae",9,33,2
1.2,"alive",0.000209903,"acerfolium","Adoxaceae",26,33,2
1,"alive",0.000124583,"vernix","Anacardiaceae",87,33,2
1,"alive",0.000138168,"melanocarpa","Rosaceae",2,33,2
26.2,"alive",0.47580351,"rubra","Fagaceae",58,34,2
1,"alive",0.000125078,"grandifolia","Fagaceae",43,34,2
30.2,"alive",0.687522752,"grandifolia","Fagaceae",43,34,2
17.5,"alive",0.165024283,"velutina","Fagaceae",59,34,2
3,"alive",0.001823851,"dentata","Fagaceae",41,34,2
12.2,"dead",0.055487162,"rubrum","Sapindaceae",31,34,2
19,"alive",0.205028074,"grandifolia","Fagaceae",43,34,2
16.5,"alive",0.095845448,"canadensis","Pinaceae",63,34,2
1.1,"alive",0.000173276,"cassinoides","Adoxaceae",28,34,2
1.2,"alive",0.000209903,"cassinoides","Adoxaceae",28,34,2
3.4,"alive",0.001522865,"canadensis","Pinaceae",63,34,2
1.7,"alive",0.001257306,"grandifolia","Fagaceae",43,34,2
22.8,"alive",0.452145762,"rubrum","Sapindaceae",31,35,2
9.9,"alive",0.035762019,"alleghaniensis","Betulaceae",34,35,2
20.5,"alive",0.245964598,"alleghaniensis","Betulaceae",34,35,2
7.2,"alive",0.015394254,"alleghaniensis","Betulaceae",34,35,2
7.7,"alive",0.018378812,"alleghaniensis","Betulaceae",34,35,2
8.2,"alive",0.014996095,"canadensis","Pinaceae",63,35,2
16.3,"alive",0.134317968,"alleghaniensis","Betulaceae",34,35,2
16.1,"alive",0.11581752,"rubrum","Sapindaceae",31,35,2
10.3,"alive",0.039726995,"alleghaniensis","Betulaceae",34,35,2
10.2,"alive",0.03871121,"alleghaniensis","Betulaceae",34,35,2
1.1,"alive",0.00010435,"canadensis","Pinaceae",63,35,2
6.3,"alive",0.010834068,"alleghaniensis","Betulaceae",34,35,2
5,"dead",0.005925584,"alleghaniensis","Betulaceae",34,35,2
14.8,"alive",0.128628191,"alleghaniensis","Betulaceae",34,35,2
24.4,"alive",0.239979143,"strobus","Pinaceae",51,36,2
8.6,"alive",0.024621482,"alleghaniensis","Betulaceae",34,36,2
1.5,"alive",0.00034166,"latifolia","Ericaceae",11,36,2
2.7,"alive",0.001395356,"latifolia","Ericaceae",11,36,2
1.6,"alive",0.000396667,"latifolia","Ericaceae",11,36,2
4.5,"alive",0.003116924,"canadensis","Pinaceae",63,36,2
18.9,"alive",0.122761512,"strobus","Pinaceae",51,36,2
20.5,"alive",0.169939177,"canadensis","Pinaceae",63,36,2
3.1,"alive",0.001968938,"latifolia","Ericaceae",11,36,2
3.9,"alive",0.003521624,"latifolia","Ericaceae",11,36,2
3.5,"alive",0.002673853,"latifolia","Ericaceae",11,36,2
9.3,"dead",0.026990954,"rubrum","Sapindaceae",31,36,2
4.7,"alive",0.007217224,"latifolia","Ericaceae",11,36,2
12.8,"alive",0.07075127,"alleghaniensis","Betulaceae",34,36,2
4.5,"alive",0.004511338,"alleghaniensis","Betulaceae",34,36,2
1.4,"alive",0.000291729,"latifolia","Ericaceae",11,36,2
2.5,"alive",0.001748348,"latifolia","Ericaceae",11,36,2
3.2,"alive",0.003798862,"latifolia","Ericaceae",11,36,2
11.1,"alive",0.048456924,"alleghaniensis","Betulaceae",34,36,2
1.6,"alive",0.000396667,"latifolia","Ericaceae",11,36,2
1.9,"alive",0.000990899,"latifolia","Ericaceae",11,36,2
3.3,"alive",0.00230425,"latifolia","Ericaceae",11,36,2
1.8,"alive",0.000522746,"latifolia","Ericaceae",11,36,2
11,"alive",0.04730606,"alleghaniensis","Betulaceae",34,36,2
2,"alive",0.000671622,"latifolia","Ericaceae",11,36,2
6.1,"alive",0.009955097,"alleghaniensis","Betulaceae",34,36,2
2,"alive",0.000671622,"latifolia","Ericaceae",11,36,2
5.3,"alive",0.007772408,"latifolia","Ericaceae",11,36,2
22,"alive",0.204562658,"canadensis","Pinaceae",63,37,2
14.2,"alive",0.101666974,"lenta","Betulaceae",35,37,2
12.3,"dead",0.069432728,"lenta","Betulaceae",35,37,2
34.3,"alive",0.834328111,"rubrum","Sapindaceae",31,37,2
31,"alive",0.499059137,"canadensis","Pinaceae",63,37,2
24.5,"alive",0.428037529,"lenta","Betulaceae",35,37,2
16.2,"alive",0.144161208,"lenta","Betulaceae",35,37,2
4.8,"alive",0.00368283,"canadensis","Pinaceae",63,37,2
1.2,"alive",0.000126407,"canadensis","Pinaceae",63,37,2
10.5,"dead",0.029064512,"canadensis","Pinaceae",63,37,2
1.2,"alive",0.000186284,"grandifolia","Fagaceae",43,38,2
36.7,"alive",1.133127087,"rubra","Fagaceae",58,38,2
23.2,"alive",0.235094108,"canadensis","Pinaceae",63,38,2
3.9,"alive",0.002158415,"canadensis","Pinaceae",63,38,2
2.6,"alive",0.001148088,"grandifolia","Fagaceae",43,38,2
2.1,"alive",0.000462813,"canadensis","Pinaceae",63,38,2
2.7,"alive",0.001732479,"grandifolia","Fagaceae",43,38,2
19.4,"alive",0.216599569,"grandifolia","Fagaceae",43,38,2
2,"alive",0.000606626,"grandifolia","Fagaceae",43,38,2
37.4,"alive",1.188911129,"rubra","Fagaceae",58,38,2
2.4,"alive",0.000640006,"canadensis","Pinaceae",63,38,2
2.6,"alive",0.000779059,"canadensis","Pinaceae",63,38,2
1.3,"alive",0.00015118,"canadensis","Pinaceae",63,38,2
1.8,"alive",0.000472158,"grandifolia","Fagaceae",43,38,2
2,"alive",0.000870124,"grandifolia","Fagaceae",43,38,2
2.7,"alive",0.000855218,"canadensis","Pinaceae",63,38,2
3.9,"alive",0.003180822,"grandifolia","Fagaceae",43,38,2
21.8,"alive",0.294325946,"rubra","Fagaceae",58,38,2
38.9,"alive",0.891424387,"canadensis","Pinaceae",63,38,2
19.5,"alive",0.2503998,"grandifolia","Fagaceae",43,38,2
9.3,"alive",0.026990954,"rubrum","Sapindaceae",31,39,2
38.5,"alive",1.119743214,"rubrum","Sapindaceae",31,39,2
30.5,"alive",0.478579623,"canadensis","Pinaceae",63,39,2
6.6,"alive",0.011921203,"virginiana","Hamamelidaceae",8,39,2
2.5,"alive",0.001719657,"verticillata","Aquifoliaceae",9,39,2
1.8,"alive",0.000470841,"verticillata","Aquifoliaceae",9,39,2
7.5,"alive",0.017144845,"alleghaniensis","Betulaceae",34,39,2
12,"alive",0.059606219,"alleghaniensis","Betulaceae",34,39,2
8.3,"alive",0.024449855,"lenta","Betulaceae",35,39,2
2.3,"alive",0.001335727,"corymbosum","Ericaceae",24,39,2
2.9,"alive",0.001663776,"corymbosum","Ericaceae",24,39,2
14.1,"alive",0.081485758,"rubrum","Sapindaceae",31,39,2
17.6,"alive",0.167527527,"rubra","Fagaceae",58,39,2
2.9,"alive",0.001021381,"canadensis","Pinaceae",63,39,2
1.8,"alive",0.000434111,"benzoin","Lauraceae",12,39,2
10.4,"alive",0.036312842,"rubrum","Sapindaceae",31,39,2
13.6,"alive",0.083106816,"alleghaniensis","Betulaceae",34,39,2
9.3,"alive",0.026990954,"rubrum","Sapindaceae",31,39,2
10.3,"alive",0.055121249,"alleghaniensis","Betulaceae",34,39,2
2.1,"alive",0.000669861,"alleghaniensis","Betulaceae",34,39,2
7.4,"alive",0.025006894,"alleghaniensis","Betulaceae",34,39,2
1.1,"alive",0.00015335,"mucronatus","Aquifoliaceae",16,40,2
3.4,"alive",0.011674783,"mucronatus","Aquifoliaceae",16,40,2
4,"alive",0.008625851,"vernix","Anacardiaceae",87,40,2
3.5,"alive",0.014259113,"corymbosum","Ericaceae",24,40,2
2.8,"alive",0.003162493,"verticillata","Aquifoliaceae",9,40,2
1,"alive",0.000124729,"verticillata","Aquifoliaceae",9,40,2
2,"alive",0.000604934,"verticillata","Aquifoliaceae",9,40,2
1.8,"alive",0.000904908,"benzoin","Lauraceae",12,40,2
2.4,"alive",0.001248271,"verticillata","Aquifoliaceae",9,40,2
2.9,"alive",0.001500995,"verticillata","Aquifoliaceae",9,40,2
2.9,"alive",0.001808731,"verticillata","Aquifoliaceae",9,40,2
1.5,"alive",0.000341109,"corymbosum","Ericaceae",24,40,2
1.5,"alive",0.000307736,"verticillata","Aquifoliaceae",9,40,2
3.7,"alive",0.013206813,"corymbosum","Ericaceae",24,40,2
5.9,"alive",0.037725695,"mucronatus","Aquifoliaceae",16,40,2
2.1,"alive",0.001268046,"corymbosum","Ericaceae",24,40,2
1.5,"alive",0.000307375,"vernix","Anacardiaceae",87,40,2
1,"alive",0.000124583,"vernix","Anacardiaceae",87,40,2
3.2,"alive",0.002106429,"verticillata","Aquifoliaceae",9,40,2
24.6,"alive",0.353299404,"rubrum","Sapindaceae",31,40,2
2.8,"alive",0.00398306,"corymbosum","Ericaceae",24,40,2
7.3,"alive",0.014222975,"rubrum","Sapindaceae",31,40,2
2.2,"alive",0.001501639,"corymbosum","Ericaceae",24,40,2
3.8,"alive",0.003911334,"verticillata","Aquifoliaceae",9,40,2
4,"alive",0.003687552,"vernix","Anacardiaceae",87,40,2
1.5,"alive",0.000431958,"vernix","Anacardiaceae",87,40,2
3.5,"alive",0.002944672,"verticillata","Aquifoliaceae",9,40,2
2.5,"alive",0.001345677,"vernix","Anacardiaceae",87,40,2
1.8,"alive",0.000470841,"verticillata","Aquifoliaceae",9,40,2
3,"alive",0.008356991,"corymbosum","Ericaceae",24,40,2
51.3,"alive",1.594491215,"strobus","Pinaceae",51,40,2
5.1,"alive",0.011896258,"mucronatus","Aquifoliaceae",16,40,2
2.9,"alive",0.002323935,"corymbosum","Ericaceae",24,40,2
11.5,"dead",0.032908707,"strobus","Pinaceae",51,40,2
1.7,"alive",0.000411586,"verticillata","Aquifoliaceae",9,40,2
16.1,"alive",0.1432416,"alleghaniensis","Betulaceae",34,40,2
1.4,"alive",0.000650254,"verticillata","Aquifoliaceae",9,40,2
2.3,"alive",0.0009397,"corymbosum","Ericaceae",24,40,2
2.1,"alive",0.000680138,"verticillata","Aquifoliaceae",9,40,2
2.1,"alive",0.001285072,"verticillata","Aquifoliaceae",9,40,2
1.7,"alive",0.000564937,"verticillata","Aquifoliaceae",9,41,2
2.4,"alive",0.000640006,"canadensis","Pinaceae",63,41,2
2.5,"alive",0.001488046,"verticillata","Aquifoliaceae",9,41,2
20.6,"alive",0.271603573,"rubrum","Sapindaceae",31,41,2
17.9,"alive",0.143894609,"sylvatica","Nyssaceae",45,41,2
17.9,"alive",0.173071714,"alleghaniensis","Betulaceae",34,41,2
24.6,"alive",0.273987293,"canadensis","Pinaceae",63,41,2
12.7,"alive",0.082028952,"alleghaniensis","Betulaceae",34,41,2
1.4,"alive",0.000291259,"corymbosum","Ericaceae",24,41,2
2.1,"alive",0.000680138,"verticillata","Aquifoliaceae",9,41,2
4.1,"alive",0.003996132,"corymbosum","Ericaceae",24,41,2
1.4,"alive",0.000291259,"corymbosum","Ericaceae",24,41,2
22,"alive",0.485731843,"rubrum","Sapindaceae",31,41,2
2.6,"alive",0.0021126,"corymbosum","Ericaceae",24,41,2
6,"alive",0.007799863,"nigra","Oleaceae",85,42,2
10.4,"alive",0.033348529,"populifolia","Betulaceae",37,42,2
2.9,"alive",0.005086582,"corymbosum","Ericaceae",24,42,2
8.3,"alive",0.022412367,"alleghaniensis","Betulaceae",34,42,2
10.2,"dead",0.033784329,"papyrifera","Betulaceae",36,42,2
3.7,"alive",0.002731526,"alleghaniensis","Betulaceae",34,42,2
15.7,"alive",0.361652947,"rubrum","Sapindaceae",31,42,2
5.3,"dead",0.004638373,"rubens","Pinaceae",49,42,2
10.4,"dead",0.027419901,"rubens","Pinaceae",49,42,2
8,"alive",0.014047923,"canadensis","Pinaceae",63,42,2
8.6,"alive",0.017011206,"canadensis","Pinaceae",63,42,2
12.2,"alive",0.04303086,"canadensis","Pinaceae",63,42,2
31.4,"alive",0.515806515,"canadensis","Pinaceae",63,42,2
16.1,"alive",0.089817668,"canadensis","Pinaceae",63,42,2
18.9,"alive",0.13359341,"rubens","Pinaceae",49,42,2
20.5,"alive",0.169939177,"canadensis","Pinaceae",63,42,2
9.1,"alive",0.019759262,"canadensis","Pinaceae",63,42,2
7.8,"alive",0.023084441,"rubrum","Sapindaceae",31,42,2
1.3,"alive",0.000246662,"latifolia","Ericaceae",11,42,2
1.1,"alive",0.00015335,"verticillata","Aquifoliaceae",9,42,2
1.3,"alive",0.00022217,"verticillata","Aquifoliaceae",9,42,2
2.4,"alive",0.00252473,"verticillata","Aquifoliaceae",9,42,2
20.2,"alive",0.728625981,"rubrum","Sapindaceae",31,42,2
1.4,"alive",0.000497973,"latifolia","Ericaceae",11,43,2
5.2,"alive",0.01115368,"latifolia","Ericaceae",11,43,2
3.6,"alive",0.002871961,"latifolia","Ericaceae",11,43,2
3.5,"alive",0.002673853,"latifolia","Ericaceae",11,43,2
17.8,"alive",0.151027921,"rubrum","Sapindaceae",31,43,2
1,"alive",0.000138479,"latifolia","Ericaceae",11,43,2
1.8,"alive",0.000522746,"latifolia","Ericaceae",11,43,2
58.9,"alive",2.501034857,"canadensis","Pinaceae",63,43,2
20.9,"alive",0.204170162,"canadensis","Pinaceae",63,43,2
6.8,"alive",0.009149255,"canadensis","Pinaceae",63,43,2
47.5,"alive",1.472372141,"canadensis","Pinaceae",63,43,2
22.5,"alive",0.279781905,"rubrum","Sapindaceae",31,43,2
5.6,"alive",0.008972379,"latifolia","Ericaceae",11,43,2
3.1,"alive",0.001968938,"latifolia","Ericaceae",11,43,2
3.8,"alive",0.003295672,"latifolia","Ericaceae",11,43,2
1.4,"alive",0.000263676,"canadensis","Pinaceae",63,44,2
16.5,"alive",0.095845448,"canadensis","Pinaceae",63,44,2
10.1,"dead",0.029354367,"canadensis","Pinaceae",63,44,2
24.5,"alive",0.2425546,"strobus","Pinaceae",51,44,2
4.8,"alive",0.00368283,"canadensis","Pinaceae",63,44,2
34.6,"alive",0.591958321,"strobus","Pinaceae",51,44,2
2.6,"alive",0.000779059,"canadensis","Pinaceae",63,44,2
32.9,"alive",0.581514847,"canadensis","Pinaceae",63,44,2
20,"alive",0.159251621,"canadensis","Pinaceae",63,44,2
45.4,"alive",1.176831157,"strobus","Pinaceae",51,44,2
2.6,"alive",0.001271097,"latifolia","Ericaceae",11,44,2
4,"alive",0.003757206,"latifolia","Ericaceae",11,44,2
8.6,"alive",0.024621482,"alleghaniensis","Betulaceae",34,44,2
50.2,"alive",1.689037891,"canadensis","Pinaceae",63,45,2
64.2,"alive",3.081678445,"canadensis","Pinaceae",63,45,2
9.5,"alive",0.032054923,"alleghaniensis","Betulaceae",34,45,2
25.1,"alive",0.288748832,"canadensis","Pinaceae",63,46,2
9.4,"alive",0.021534014,"canadensis","Pinaceae",63,46,2
3.7,"alive",0.001887236,"canadensis","Pinaceae",63,46,2
14.2,"alive",0.064389083,"canadensis","Pinaceae",63,46,2
18.8,"alive",0.195826273,"alleghaniensis","Betulaceae",34,46,2
6.4,"alive",0.007801308,"canadensis","Pinaceae",63,46,2
1.4,"alive",0.000178802,"canadensis","Pinaceae",63,46,2
8.4,"dead",0.020610489,"rubrum","Sapindaceae",31,46,2
1.7,"alive",0.000280072,"canadensis","Pinaceae",63,46,2
6,"alive",0.006586551,"canadensis","Pinaceae",63,46,2
1.1,"alive",0.00010435,"canadensis","Pinaceae",63,46,2
35.4,"alive",0.904410359,"rubrum","Sapindaceae",31,46,2
5.5,"alive",0.005246577,"canadensis","Pinaceae",63,46,2
45.7,"alive",1.970484555,"rubra","Fagaceae",58,47,2
14.9,"alive",0.073153689,"canadensis","Pinaceae",63,47,2
19.8,"alive",0.155094022,"canadensis","Pinaceae",63,47,2
19.6,"alive",0.151003022,"canadensis","Pinaceae",63,47,2
21.4,"alive",0.193364243,"canadensis","Pinaceae",63,47,2
34.1,"alive",0.637420909,"canadensis","Pinaceae",63,47,2
1.8,"alive",0.000320393,"canadensis","Pinaceae",63,47,2
2.3,"alive",0.000576876,"canadensis","Pinaceae",63,47,2
52.5,"alive",2.780460258,"rubra","Fagaceae",58,47,2
3.3,"alive",0.001412282,"canadensis","Pinaceae",63,47,2
28.9,"alive",0.416406787,"canadensis","Pinaceae",63,47,2
1.2,"alive",0.000126407,"canadensis","Pinaceae",63,47,2
1.3,"alive",0.00015118,"canadensis","Pinaceae",63,47,2
17,"dead",0.137200245,"canadensis","Pinaceae",63,47,2
33.5,"alive",0.609094209,"canadensis","Pinaceae",63,47,2
2.1,"alive",0.000462813,"canadensis","Pinaceae",63,47,2
1.2,"alive",0.000126407,"canadensis","Pinaceae",63,47,2
1.4,"alive",0.000178802,"canadensis","Pinaceae",63,47,2
2.8,"alive",0.000935954,"canadensis","Pinaceae",63,48,2
4.5,"alive",0.007578143,"canadensis","Pinaceae",63,48,2
9.2,"alive",0.020340201,"canadensis","Pinaceae",63,48,2
11.3,"alive",0.045267756,"rubrum","Sapindaceae",31,48,2
7,"alive",0.011762179,"canadensis","Pinaceae",63,48,2
27.7,"alive",0.589092932,"lenta","Betulaceae",35,48,2
4.7,"alive",0.003487506,"canadensis","Pinaceae",63,48,2
4,"alive",0.002302804,"canadensis","Pinaceae",63,48,2
6.6,"alive",0.010906726,"rubrum","Sapindaceae",31,48,2
8.6,"alive",0.017011206,"canadensis","Pinaceae",63,48,2
30.9,"alive",0.749293655,"alleghaniensis","Betulaceae",34,48,2
9.7,"alive",0.023405689,"canadensis","Pinaceae",63,48,2
9.1,"alive",0.019759262,"canadensis","Pinaceae",63,48,2
18.5,"dead",0.187691262,"alleghaniensis","Betulaceae",34,48,2
8.4,"dead",0.020610489,"rubrum","Sapindaceae",31,48,2
32.9,"alive",0.856969248,"rubra","Fagaceae",58,48,2
12.2,"alive",0.055487162,"rubrum","Sapindaceae",31,48,2
2.1,"alive",0.000462813,"canadensis","Pinaceae",63,48,2
12.7,"alive",0.047875077,"canadensis","Pinaceae",63,48,2
8.6,"alive",0.017011206,"canadensis","Pinaceae",63,48,2
2.4,"alive",0.000572637,"strobus","Pinaceae",51,49,2
1,"alive",0.000125078,"grandifolia","Fagaceae",43,49,2
2,"alive",0.000411639,"canadensis","Pinaceae",63,49,2
2.2,"alive",0.000517852,"canadensis","Pinaceae",63,49,2
3.7,"alive",0.00278119,"grandifolia","Fagaceae",43,49,2
2.2,"alive",0.000667756,"rubrum","Sapindaceae",31,49,2
6.9,"alive",0.009686519,"canadensis","Pinaceae",63,49,2
38.5,"alive",2.855682415,"rubra","Fagaceae",58,49,2
2.6,"alive",0.001386378,"alleghaniensis","Betulaceae",34,49,2
3.9,"alive",0.002783219,"rubrum","Sapindaceae",31,49,2
5,"alive",0.005279157,"rubrum","Sapindaceae",31,49,2
17.9,"alive",0.106356885,"strobus","Pinaceae",51,49,2
4.8,"alive",0.004748912,"rubrum","Sapindaceae",31,49,2
3.1,"alive",0.001206768,"canadensis","Pinaceae",63,49,2
2.4,"alive",0.000943166,"grandifolia","Fagaceae",43,49,2
2.1,"alive",0.000682041,"grandifolia","Fagaceae",43,49,2
1.8,"alive",0.000370981,"pennsylvanicum","Sapindaceae",30,49,2
16.5,"alive",0.085756454,"strobus","Pinaceae",51,49,2
11,"alive",0.032684187,"canadensis","Pinaceae",63,1,3
4.9,"alive",0.003884975,"canadensis","Pinaceae",63,1,3
35,"alive",0.681321568,"canadensis","Pinaceae",63,1,3
25.8,"alive",0.457132606,"rubra","Fagaceae",58,1,3
22.6,"alive",0.412656244,"alleghaniensis","Betulaceae",34,1,3
46.1,"alive",2.013848134,"rubra","Fagaceae",58,1,3
11.3,"dead",0.03695327,"dentata","Fagaceae",41,1,3
40.7,"alive",0.999467959,"canadensis","Pinaceae",63,1,3
42.2,"alive",1.613584578,"rubra","Fagaceae",58,1,3
35,"alive",0.735110113,"resinosa","Pinaceae",50,2,3
1.7,"alive",0.000324294,"pennsylvanicum","Sapindaceae",30,2,3
3.6,"alive",0.001760234,"canadensis","Pinaceae",63,2,3
7.5,"dead",0.018703467,"lenta","Betulaceae",35,2,3
11,"alive",0.042145399,"rubrum","Sapindaceae",31,2,3
1.7,"alive",0.000324294,"pennsylvanicum","Sapindaceae",30,2,3
1.6,"alive",0.000243118,"canadensis","Pinaceae",63,2,3
4.5,"alive",0.003116924,"canadensis","Pinaceae",63,2,3
2.5,"alive",0.00081905,"pennsylvanicum","Sapindaceae",30,2,3
1.4,"alive",0.000178802,"canadensis","Pinaceae",63,2,3
28.3,"alive",0.581217747,"rubra","Fagaceae",58,2,3
1.2,"alive",0.000126407,"canadensis","Pinaceae",63,2,3
1.8,"alive",0.000370981,"pennsylvanicum","Sapindaceae",30,2,3
31.9,"alive",0.579608216,"resinosa","Pinaceae",50,2,3
7.3,"alive",0.010739798,"abies","Pinaceae",47,2,3
1.1,"alive",0.000278857,"grandifolia","Fagaceae",43,2,3
1.7,"alive",0.000458874,"canadensis","Pinaceae",63,2,3
1.1,"alive",0.00010435,"canadensis","Pinaceae",63,2,3
20.2,"alive",0.176382165,"resinosa","Pinaceae",50,2,3
1.2,"alive",0.000211282,"canadensis","Pinaceae",63,2,3
2.5,"alive",0.001027754,"canadensis","Pinaceae",63,2,3
1.5,"alive",0.000363295,"pennsylvanicum","Sapindaceae",30,2,3
2.3,"alive",0.000667961,"pennsylvanicum","Sapindaceae",30,2,3
9.9,"alive",0.024708304,"canadensis","Pinaceae",63,2,3
3,"alive",0.001082362,"abies","Pinaceae",47,2,3
24.2,"alive",0.338499956,"rubrum","Sapindaceae",31,2,3
10.1,"alive",0.030149503,"canadensis","Pinaceae",63,2,3
1.3,"alive",0.00015118,"canadensis","Pinaceae",63,2,3
15.5,"dead",0.087635006,"resinosa","Pinaceae",50,2,3
12.2,"alive",0.069202042,"rubrum","Sapindaceae",31,3,3
48,"alive",1.352166216,"strobus","Pinaceae",51,3,3
20.4,"dead",0.163353004,"abies","Pinaceae",47,3,3
14.8,"dead",0.06996815,"abies","Pinaceae",47,3,3
33.7,"alive",1.794703857,"rubra","Fagaceae",58,3,3
10.6,"dead",0.028842476,"abies","Pinaceae",47,3,3
13.6,"alive",0.074040618,"rubrum","Sapindaceae",31,3,3
10.7,"alive",0.029570719,"abies","Pinaceae",47,3,3
2.3,"alive",0.000743866,"rubrum","Sapindaceae",31,4,3
2.5,"alive",0.001042427,"rubra","Fagaceae",58,4,3
8.6,"alive",0.021487839,"papyrifera","Betulaceae",36,4,3
5.9,"alive",0.007961681,"papyrifera","Betulaceae",36,4,3
5.1,"alive",0.006351761,"rubra","Fagaceae",58,4,3
3.8,"alive",0.002976736,"grandifolia","Fagaceae",43,4,3
1,"alive",0.000140936,"dentatum","Adoxaceae",29,4,3
3,"alive",0.001638169,"rubra","Fagaceae",58,4,3
9.5,"alive",0.043300834,"rubrum","Sapindaceae",31,4,3
5.3,"alive",0.00702024,"rubra","Fagaceae",58,4,3
2.5,"alive",0.002017135,"rubrum","Sapindaceae",31,4,3
2.9,"alive",0.001505194,"rubra","Fagaceae",58,4,3
4.3,"alive",0.003502013,"papyrifera","Betulaceae",36,4,3
1.8,"alive",0.000472158,"rubra","Fagaceae",58,4,3
8.9,"alive",0.030495897,"serotina","Rosaceae",55,4,3
24.7,"alive",0.685004946,"rubra","Fagaceae",58,4,3
6.4,"alive",0.016202292,"rubrum","Sapindaceae",31,4,3
24.1,"alive",0.512267921,"rubra","Fagaceae",58,4,3
7.3,"alive",0.013932711,"papyrifera","Betulaceae",36,4,3
16.9,"alive",0.150485657,"rubra","Fagaceae",58,4,3
20.2,"dead",0.210798197,"rubrum","Sapindaceae",31,5,3
16.6,"dead",0.143522233,"rubra","Fagaceae",58,5,3
23.1,"alive",0.34256066,"rubra","Fagaceae",58,5,3
21.1,"alive",0.178499371,"abies","Pinaceae",47,5,3
9.9,"dead",0.024058085,"abies","Pinaceae",47,5,3
22.9,"alive",0.221241657,"abies","Pinaceae",47,5,3
10.9,"alive",0.041135436,"rubrum","Sapindaceae",31,5,3
13.6,"dead",0.055908222,"abies","Pinaceae",47,5,3
2.6,"alive",0.001004577,"rubrum","Sapindaceae",31,6,3
2.2,"alive",0.001357758,"pennsylvanicum","Sapindaceae",30,6,3
3,"alive",0.001638169,"grandifolia","Fagaceae",43,6,3
1.3,"alive",0.000222792,"grandifolia","Fagaceae",43,6,3
4.6,"alive",0.00425385,"rubrum","Sapindaceae",31,6,3
1,"alive",0.0000983,"pennsylvanicum","Sapindaceae",30,6,3
5.1,"alive",0.003856426,"strobus","Pinaceae",51,6,3
8,"alive",0.020702203,"grandifolia","Fagaceae",43,6,3
1.7,"alive",0.000250591,"strobus","Pinaceae",51,6,3
4.2,"alive",0.002335,"strobus","Pinaceae",51,6,3
4.2,"alive",0.002335,"strobus","Pinaceae",51,6,3
2.3,"alive",0.000516152,"strobus","Pinaceae",51,6,3
7.5,"alive",0.012468978,"dentata","Fagaceae",41,6,3
1.7,"alive",0.000642162,"dentata","Fagaceae",41,6,3
1.3,"alive",0.000159137,"dentata","Fagaceae",41,6,3
3.6,"alive",0.001574946,"strobus","Pinaceae",51,6,3
38.8,"alive",1.305137259,"rubra","Fagaceae",58,6,3
15.6,"alive",0.121753357,"grandifolia","Fagaceae",43,6,3
4.6,"alive",0.004861543,"grandifolia","Fagaceae",43,6,3
2.6,"alive",0.001098016,"virginiana","Hamamelidaceae",8,6,3
1.1,"alive",0.000151033,"alleghaniensis","Betulaceae",34,6,3
51.9,"alive",2.702731552,"rubra","Fagaceae",58,6,3
18.5,"alive",0.167215852,"rubrum","Sapindaceae",31,6,3
24.1,"alive",0.334859218,"rubrum","Sapindaceae",31,7,3
2.4,"alive",0.000926324,"alleghaniensis","Betulaceae",34,7,3
46.4,"alive",2.046719562,"rubra","Fagaceae",58,7,3
1.2,"alive",0.000383179,"cassinoides","Adoxaceae",28,7,3
3,"alive",0.000994603,"strobus","Pinaceae",51,7,3
1.3,"alive",0.000586227,"corymbosum","Ericaceae",24,7,3
2.7,"alive",0.00141843,"virginiana","Hamamelidaceae",8,7,3
1.3,"alive",0.000246264,"corymbosum","Ericaceae",24,7,3
1.8,"alive",0.000532021,"cassinoides","Adoxaceae",28,7,3
1,"alive",0.000140936,"cassinoides","Adoxaceae",28,7,3
4.1,"alive",0.003550683,"alleghaniensis","Betulaceae",34,7,3
5,"alive",0.011984544,"virginiana","Hamamelidaceae",8,7,3
36.7,"alive",1.133127087,"rubra","Fagaceae",58,7,3
7.4,"alive",0.012034948,"dentata","Fagaceae",41,7,3
8.9,"alive",0.024021529,"rubrum","Sapindaceae",31,7,3
4.6,"alive",0.002951651,"strobus","Pinaceae",51,7,3
1.6,"alive",0.000403704,"cassinoides","Adoxaceae",28,7,3
4.3,"alive",0.003574972,"rubrum","Sapindaceae",31,7,3
24.5,"dead",0.271090435,"canadensis","Pinaceae",63,8,3
18.2,"alive",0.124201779,"canadensis","Pinaceae",63,8,3
29.5,"alive",0.439125001,"canadensis","Pinaceae",63,8,3
2.2,"alive",0.00076315,"grandifolia","Fagaceae",43,8,3
6.1,"alive",0.006878067,"canadensis","Pinaceae",63,8,3
2,"alive",0.000411639,"canadensis","Pinaceae",63,8,3
54.9,"alive",2.141111276,"canadensis","Pinaceae",63,8,3
18.4,"alive",0.127836305,"canadensis","Pinaceae",63,9,3
18,"alive",0.120631032,"canadensis","Pinaceae",63,9,3
34,"alive",0.566053214,"strobus","Pinaceae",51,9,3
23.8,"alive",0.25132596,"canadensis","Pinaceae",63,9,3
3.5,"alive",0.001638813,"canadensis","Pinaceae",63,9,3
13.2,"alive",0.053044478,"canadensis","Pinaceae",63,9,3
11.4,"alive",0.035936876,"canadensis","Pinaceae",63,9,3
9,"alive",0.019188867,"canadensis","Pinaceae",63,9,3
14.7,"alive",0.070578906,"canadensis","Pinaceae",63,9,3
44.9,"alive",2.121016928,"alba","Fagaceae",57,9,3
4.7,"alive",0.005047706,"alleghaniensis","Betulaceae",34,9,3
24.3,"alive",0.237420127,"strobus","Pinaceae",51,9,3
10.7,"alive",0.039161222,"rubrum","Sapindaceae",31,10,3
25.7,"alive",0.307076869,"canadensis","Pinaceae",63,10,3
13.8,"alive",0.076965729,"rubrum","Sapindaceae",31,10,3
2,"alive",0.000595794,"alleghaniensis","Betulaceae",34,10,3
18.9,"alive",0.137204042,"canadensis","Pinaceae",63,10,3
18.4,"alive",0.164841551,"rubrum","Sapindaceae",31,10,3
11.8,"alive",0.057550427,"rubrum","Sapindaceae",31,10,3
20.5,"dead",0.214660013,"papyrifera","Betulaceae",36,10,3
1.2,"alive",0.000126407,"canadensis","Pinaceae",63,10,3
8.3,"alive",0.019967381,"rubrum","Sapindaceae",31,11,3
13.5,"alive",0.056305383,"canadensis","Pinaceae",63,11,3
10.1,"alive",0.026055463,"canadensis","Pinaceae",63,11,3
11.9,"alive",0.040277171,"canadensis","Pinaceae",63,11,3
9.5,"alive",0.028558022,"rubrum","Sapindaceae",31,11,3
13.4,"alive",0.079312947,"rubrum","Sapindaceae",31,11,3
12.5,"alive",0.106420418,"grandifolia","Fagaceae",43,11,3
5.6,"alive",0.007091073,"rubrum","Sapindaceae",31,11,3
12.4,"alive",0.05793608,"rubrum","Sapindaceae",31,11,3
6.4,"alive",0.010059582,"rubrum","Sapindaceae",31,11,3
2.3,"alive",0.000834952,"alleghaniensis","Betulaceae",34,11,3
34,"alive",1.073568865,"rubra","Fagaceae",58,11,3
4.6,"alive",0.004861543,"grandifolia","Fagaceae",43,11,3
6.3,"alive",0.011031051,"grandifolia","Fagaceae",43,11,3
4.1,"alive",0.002453199,"canadensis","Pinaceae",63,11,3
9.6,"alive",0.029362482,"rubrum","Sapindaceae",31,11,3
5.5,"alive",0.00828407,"lenta","Betulaceae",35,11,3
2.3,"alive",0.000743866,"rubrum","Sapindaceae",31,11,3
2,"alive",0.000411639,"canadensis","Pinaceae",63,11,3
5.6,"alive",0.0054992,"canadensis","Pinaceae",63,11,3
3,"alive",0.001638169,"grandifolia","Fagaceae",43,12,3
23.3,"alive",0.306577918,"rubrum","Sapindaceae",31,12,3
1.8,"alive",0.000556472,"spp.","Rosaceae",4,12,3
1,"alive",0.000125078,"grandifolia","Fagaceae",43,12,3
2.7,"alive",0.001485379,"laevis","Rosaceae",82,12,3
29.3,"alive",1.107851335,"rubrum","Sapindaceae",31,12,3
8.9,"dead",0.026255865,"unk_hardwood","Unknown",71,12,3
28.1,"dead",0.489117508,"papyrifera","Betulaceae",36,12,3
32.6,"alive",0.837058577,"velutina","Fagaceae",59,12,3
31.6,"alive",0.799858548,"rubrum","Sapindaceae",31,12,3
2.1,"alive",0.000753898,"corymbosum","Ericaceae",24,12,3
1.4,"alive",0.000310551,"spp.","Rosaceae",4,12,3
11.3,"dead",0.045267756,"rubrum","Sapindaceae",31,13,3
2.3,"alive",0.000850133,"grandifolia","Fagaceae",43,13,3
9.8,"alive",0.021519731,"strobus","Pinaceae",51,13,3
29.8,"alive",0.664265797,"rubra","Fagaceae",58,13,3
4.8,"alive",0.004748912,"rubrum","Sapindaceae",31,13,3
24.4,"alive",0.395259766,"rubra","Fagaceae",58,13,3
4.6,"alive",0.00512504,"grandifolia","Fagaceae",43,13,3
22.4,"alive",0.316040764,"rubra","Fagaceae",58,13,3
6,"alive",0.009706496,"grandifolia","Fagaceae",43,13,3
17.8,"alive",0.151027921,"rubrum","Sapindaceae",31,13,3
12.5,"dead",0.041067349,"strobus","Pinaceae",51,13,3
2.3,"alive",0.000850133,"grandifolia","Fagaceae",43,13,3
1.7,"alive",0.000324294,"pennsylvanicum","Sapindaceae",30,13,3
1.7,"alive",0.000456223,"corymbosum","Ericaceae",24,13,3
33.9,"alive",0.925319493,"rubra","Fagaceae",58,13,3
3.8,"alive",0.003513462,"grandifolia","Fagaceae",43,13,3
22.1,"alive",0.185219177,"strobus","Pinaceae",51,13,3
7.6,"alive",0.017436521,"virginiana","Hamamelidaceae",8,14,3
3.8,"alive",0.00292358,"alleghaniensis","Betulaceae",34,14,3
13.2,"alive",0.076774902,"alleghaniensis","Betulaceae",34,14,3
37.7,"alive",1.2132926,"rubra","Fagaceae",58,14,3
12.5,"alive",0.067640339,"grandifolia","Fagaceae",43,14,3
1.4,"alive",0.000252006,"virginiana","Hamamelidaceae",8,14,3
2.4,"alive",0.000902032,"virginiana","Hamamelidaceae",8,14,3
2.8,"alive",0.001319145,"virginiana","Hamamelidaceae",8,14,3
4.5,"alive",0.004393033,"virginiana","Hamamelidaceae",8,14,3
5.6,"alive",0.009592678,"virginiana","Hamamelidaceae",8,14,3
5.7,"alive",0.007426614,"rubrum","Sapindaceae",31,14,3
2.2,"alive",0.000729867,"virginiana","Hamamelidaceae",8,14,3
3.6,"alive",0.002875633,"virginiana","Hamamelidaceae",8,14,3
4.7,"alive",0.005506588,"lenta","Betulaceae",35,14,3
5.2,"alive",0.004533323,"canadensis","Pinaceae",63,14,3
12.2,"alive",0.055487162,"rubrum","Sapindaceae",31,15,3
12.6,"alive",0.060451128,"rubrum","Sapindaceae",31,15,3
16,"alive",0.088348162,"canadensis","Pinaceae",63,15,3
3.3,"alive",0.002300533,"corymbosum","Ericaceae",24,15,3
3.9,"alive",0.003972167,"corymbosum","Ericaceae",24,15,3
3.5,"alive",0.004798498,"corymbosum","Ericaceae",24,15,3
2.4,"alive",0.000640006,"canadensis","Pinaceae",63,15,3
5.8,"alive",0.009818181,"corymbosum","Ericaceae",24,15,3
2.2,"alive",0.000761021,"verticillata","Aquifoliaceae",9,15,3
1.4,"alive",0.000484933,"verticillata","Aquifoliaceae",9,15,3
1.3,"alive",0.00022217,"verticillata","Aquifoliaceae",9,15,3
1.7,"alive",0.000984843,"verticillata","Aquifoliaceae",9,15,3
1.7,"alive",0.000823173,"verticillata","Aquifoliaceae",9,15,3
1.8,"alive",0.000624191,"verticillata","Aquifoliaceae",9,15,3
2,"alive",0.002198271,"verticillata","Aquifoliaceae",9,15,3
1.8,"alive",0.000470841,"verticillata","Aquifoliaceae",9,15,3
1.9,"alive",0.000535229,"verticillata","Aquifoliaceae",9,15,3
1,"alive",0.000124729,"verticillata","Aquifoliaceae",9,15,3
2,"alive",0.000604934,"verticillata","Aquifoliaceae",9,15,3
1.5,"alive",0.000987,"verticillata","Aquifoliaceae",9,15,3
1.4,"alive",0.000262763,"verticillata","Aquifoliaceae",9,15,3
1.6,"alive",0.00035728,"verticillata","Aquifoliaceae",9,15,3
1.5,"alive",0.000307736,"verticillata","Aquifoliaceae",9,15,3
1.9,"alive",0.000892509,"verticillata","Aquifoliaceae",9,15,3
1.8,"alive",0.000624191,"laevigata","Aquifoliaceae",83,15,3
1.7,"alive",0.000536315,"verticillata","Aquifoliaceae",9,15,3
9.6,"alive",0.029362482,"rubrum","Sapindaceae",31,15,3
1,"alive",0.000124729,"verticillata","Aquifoliaceae",9,15,3
1.5,"alive",0.000307736,"verticillata","Aquifoliaceae",9,15,3
1.3,"alive",0.000346899,"verticillata","Aquifoliaceae",9,15,3
1.3,"alive",0.00022217,"verticillata","Aquifoliaceae",9,15,3
1,"alive",0.000124729,"verticillata","Aquifoliaceae",9,15,3
1.4,"alive",0.000262763,"verticillata","Aquifoliaceae",9,15,3
1.3,"alive",0.00022217,"verticillata","Aquifoliaceae",9,15,3
1.2,"alive",0.000185765,"verticillata","Aquifoliaceae",9,15,3
1.8,"alive",0.000470841,"verticillata","Aquifoliaceae",9,15,3
1.3,"alive",0.00022217,"verticillata","Aquifoliaceae",9,15,3
1.3,"alive",0.000532664,"verticillata","Aquifoliaceae",9,15,3
54.2,"alive",2.040681657,"canadensis","Pinaceae",63,16,3
18.2,"dead",0.124201779,"canadensis","Pinaceae",63,16,3
27.3,"alive",0.359276382,"canadensis","Pinaceae",63,16,3
10.8,"dead",0.031129554,"canadensis","Pinaceae",63,16,3
20.3,"alive",0.165613622,"canadensis","Pinaceae",63,16,3
8.4,"dead",0.015983644,"canadensis","Pinaceae",63,16,3
11.3,"dead",0.03141028,"strobus","Pinaceae",51,16,3
57.5,"alive",2.358557118,"canadensis","Pinaceae",63,16,3
1,"alive",0.000178683,"dentata","Fagaceae",41,16,3
1.2,"alive",0.000230758,"canadensis","Pinaceae",63,16,3
4.2,"alive",0.002609706,"canadensis","Pinaceae",63,16,3
11.5,"dead",0.035812417,"abies","Pinaceae",47,17,3
17,"alive",0.238923739,"rubrum","Sapindaceae",31,17,3
23.9,"alive",0.374455303,"rubra","Fagaceae",58,17,3
16.6,"alive",0.094827189,"abies","Pinaceae",47,17,3
26.1,"alive",0.471094022,"rubra","Fagaceae",58,17,3
9.1,"dead",0.029118913,"rubra","Fagaceae",58,17,3
11.8,"dead",0.057031833,"abies","Pinaceae",47,17,3
14.5,"dead",0.060896535,"strobus","Pinaceae",51,17,3
7.9,"alive",0.013230813,"abies","Pinaceae",47,17,3
14.9,"dead",0.166786583,"alba","Fagaceae",57,17,3
20.7,"alive",0.256911036,"rubra","Fagaceae",58,17,3
43.6,"alive",1.063416864,"strobus","Pinaceae",51,17,3
14.2,"dead",0.094889175,"rubra","Fagaceae",58,17,3
12,"dead",0.036847481,"strobus","Pinaceae",51,17,3
24,"alive",0.405602503,"lenta","Betulaceae",35,17,3
11.7,"dead",0.056742736,"rubra","Fagaceae",58,17,3
14.7,"dead",0.063149547,"strobus","Pinaceae",51,17,3
2.1,"alive",0.000462813,"canadensis","Pinaceae",63,17,3
1,"alive",0.000134012,"lenta","Betulaceae",35,18,3
14.5,"dead",0.066269759,"abies","Pinaceae",47,18,3
47.6,"alive",2.181201883,"rubra","Fagaceae",58,18,3
1,"alive",0.000134012,"lenta","Betulaceae",35,18,3
18.4,"dead",0.124472191,"abies","Pinaceae",47,18,3
14,"alive",0.089752517,"alleghaniensis","Betulaceae",34,19,3
39.6,"alive",1.374360011,"velutina","Fagaceae",59,19,3
28.3,"alive",0.394397757,"canadensis","Pinaceae",63,19,3
7,"alive",0.015042202,"alleghaniensis","Betulaceae",34,19,3
4.1,"alive",0.003670645,"virginiana","Hamamelidaceae",8,19,3
18.6,"alive",0.232643839,"rubrum","Sapindaceae",31,19,3
36.4,"alive",1.379091433,"rubrum","Sapindaceae",31,19,3
13.4,"alive",0.079901977,"alleghaniensis","Betulaceae",34,19,3
2.1,"alive",0.000682041,"grandifolia","Fagaceae",43,19,3
1.8,"alive",0.000337256,"dentata","Fagaceae",41,19,3
3.1,"alive",0.001270282,"dentata","Fagaceae",41,19,3
5.7,"alive",0.005759415,"canadensis","Pinaceae",63,20,3
4.4,"alive",0.003796684,"canadensis","Pinaceae",63,20,3
1.6,"alive",0.00035828,"grandifolia","Fagaceae",43,20,3
3.2,"alive",0.001306953,"canadensis","Pinaceae",63,20,3
25.1,"alive",0.545725477,"rubrum","Sapindaceae",31,20,3
7.4,"alive",0.011433201,"canadensis","Pinaceae",63,20,3
6.7,"alive",0.008799471,"canadensis","Pinaceae",63,20,3
2.9,"alive",0.001021381,"canadensis","Pinaceae",63,20,3
6.3,"dead",0.020322089,"unknown","Betulaceae",68,20,3
9.3,"alive",0.02093176,"canadensis","Pinaceae",63,20,3
6.1,"alive",0.006878067,"canadensis","Pinaceae",63,20,3
5,"alive",0.00409404,"canadensis","Pinaceae",63,20,3
8.3,"alive",0.015484908,"canadensis","Pinaceae",63,20,3
7,"alive",0.009874942,"canadensis","Pinaceae",63,20,3
1.8,"alive",0.000320393,"canadensis","Pinaceae",63,20,3
13.4,"alive",0.071185398,"rubrum","Sapindaceae",31,20,3
3.8,"alive",0.002019928,"canadensis","Pinaceae",63,20,3
1.9,"alive",0.000364207,"canadensis","Pinaceae",63,20,3
2.8,"alive",0.000935954,"canadensis","Pinaceae",63,20,3
10.8,"alive",0.031129554,"canadensis","Pinaceae",63,20,3
4.5,"alive",0.004511338,"alleghaniensis","Betulaceae",34,20,3
5.2,"alive",0.004533323,"canadensis","Pinaceae",63,20,3
1.5,"alive",0.000209405,"canadensis","Pinaceae",63,20,3
11.2,"alive",0.034286447,"canadensis","Pinaceae",63,20,3
5.2,"alive",0.0058456,"rubrum","Sapindaceae",31,20,3
26.4,"alive",0.355313524,"resinosa","Pinaceae",50,20,3
17.7,"dead",0.124503716,"resinosa","Pinaceae",50,20,3
2.4,"alive",0.000943166,"grandifolia","Fagaceae",43,20,3
1.9,"alive",0.000364207,"canadensis","Pinaceae",63,20,3
5.4,"alive",0.005001454,"canadensis","Pinaceae",63,20,3
3.7,"alive",0.001887236,"canadensis","Pinaceae",63,20,3
39.8,"alive",1.019132976,"resinosa","Pinaceae",50,20,3
7.9,"alive",0.013588403,"canadensis","Pinaceae",63,20,3
2.9,"alive",0.001021381,"canadensis","Pinaceae",63,20,3
2.8,"alive",0.0013793,"grandifolia","Fagaceae",43,20,3
3.4,"alive",0.001522865,"canadensis","Pinaceae",63,20,3
43.2,"alive",1.253024228,"resinosa","Pinaceae",50,20,3
1.8,"alive",0.000320393,"canadensis","Pinaceae",63,20,3
13.1,"alive",0.051984214,"canadensis","Pinaceae",63,21,3
4.4,"alive",0.004334792,"grandifolia","Fagaceae",43,21,3
4.9,"alive",0.003884975,"canadensis","Pinaceae",63,21,3
3,"alive",0.001111615,"canadensis","Pinaceae",63,21,3
4,"alive",0.002302804,"canadensis","Pinaceae",63,21,3
35.2,"dead",0.618539041,"strobus","Pinaceae",51,21,3
2.5,"alive",0.000833768,"canadensis","Pinaceae",63,21,3
2.7,"alive",0.000855218,"canadensis","Pinaceae",63,21,3
1.7,"alive",0.000280072,"canadensis","Pinaceae",63,21,3
4.6,"alive",0.003298904,"canadensis","Pinaceae",63,21,3
1.2,"alive",0.000126407,"canadensis","Pinaceae",63,21,3
3.9,"alive",0.002158415,"canadensis","Pinaceae",63,21,3
7.3,"alive",0.011030063,"canadensis","Pinaceae",63,21,3
6.2,"alive",0.007177639,"canadensis","Pinaceae",63,21,3
10.4,"alive",0.02816098,"canadensis","Pinaceae",63,21,3
2,"alive",0.000411639,"canadensis","Pinaceae",63,21,3
3.4,"alive",0.001522865,"canadensis","Pinaceae",63,21,3
5.5,"alive",0.007731798,"grandifolia","Fagaceae",43,21,3
31,"alive",0.643523625,"rubrum","Sapindaceae",31,21,3
52,"alive",2.715601708,"rubra","Fagaceae",58,21,3
1.5,"alive",0.000209405,"canadensis","Pinaceae",63,21,3
6.2,"alive",0.007177639,"canadensis","Pinaceae",63,21,3
1.9,"alive",0.000364207,"canadensis","Pinaceae",63,21,3
5.8,"alive",0.006027317,"canadensis","Pinaceae",63,21,3
1.7,"alive",0.000412738,"grandifolia","Fagaceae",43,21,3
1.3,"alive",0.00015118,"canadensis","Pinaceae",63,21,3
26.4,"alive",0.485306277,"grandifolia","Fagaceae",43,21,3
1.8,"alive",0.000320393,"canadensis","Pinaceae",63,21,3
1.4,"alive",0.000178802,"canadensis","Pinaceae",63,21,3
32.5,"alive",0.504221436,"strobus","Pinaceae",51,22,3
25.3,"dead",0.294783434,"canadensis","Pinaceae",63,22,3
69.5,"alive",3.727689256,"canadensis","Pinaceae",63,22,3
2.2,"alive",0.00076315,"grandifolia","Fagaceae",43,23,3
16.7,"dead",0.098949902,"canadensis","Pinaceae",63,23,3
16,"dead",0.088348162,"canadensis","Pinaceae",63,23,3
34.2,"alive",0.642214987,"canadensis","Pinaceae",63,23,3
1.2,"alive",0.000126407,"canadensis","Pinaceae",63,23,3
1.3,"alive",0.00015118,"canadensis","Pinaceae",63,23,3
1.2,"alive",0.000126407,"canadensis","Pinaceae",63,23,3
1.1,"alive",0.00010435,"canadensis","Pinaceae",63,23,3
26.5,"alive",0.332567616,"canadensis","Pinaceae",63,23,3
37.3,"dead",1.129347153,"unk_hardwood","Unknown",71,23,3
11.2,"dead",0.034286447,"canadensis","Pinaceae",63,23,3
16.9,"dead",0.102115267,"canadensis","Pinaceae",63,23,3
40.7,"alive",1.101583226,"canadensis","Pinaceae",63,23,3
13.6,"alive",0.084617849,"grandifolia","Fagaceae",43,23,3
43,"alive",1.147880467,"canadensis","Pinaceae",63,23,3
39.3,"alive",0.91482363,"canadensis","Pinaceae",63,23,3
1.2,"alive",0.000126407,"canadensis","Pinaceae",63,24,3
1.1,"alive",0.00010435,"canadensis","Pinaceae",63,24,3
24.7,"alive",0.408066976,"rubra","Fagaceae",58,24,3
23.1,"alive",0.34256066,"rubra","Fagaceae",58,24,3
19.4,"alive",0.354366174,"rubrum","Sapindaceae",31,24,3
28.8,"alive",0.608174027,"rubra","Fagaceae",58,24,3
1.3,"alive",0.00015118,"canadensis","Pinaceae",63,24,3
11.7,"alive",0.049649894,"rubrum","Sapindaceae",31,24,3
19.7,"alive",0.189286586,"serotina","Rosaceae",55,24,3
27,"alive",0.431802483,"serotina","Rosaceae",55,24,3
24.6,"alive",0.403770748,"rubra","Fagaceae",58,24,3
19.8,"dead",0.286000316,"unknown","Fagaceae",64,25,3
30.7,"alive",0.782062144,"rubra","Fagaceae",58,25,3
8.1,"alive",0.018719453,"rubrum","Sapindaceae",31,25,3
31.1,"alive",1.466757746,"velutina","Fagaceae",59,25,3
8.7,"alive",0.042584991,"rubrum","Sapindaceae",31,25,3
14,"alive",0.086410577,"rubrum","Sapindaceae",31,25,3
4.5,"alive",0.004019192,"rubrum","Sapindaceae",31,25,3
8.4,"alive",0.020610489,"rubrum","Sapindaceae",31,25,3
29.4,"alive",1.206868602,"rubra","Fagaceae",58,25,3
12.5,"dead",0.064939919,"unknown","Betulaceae",68,26,3
1.5,"alive",0.000710544,"verticillata","Aquifoliaceae",9,26,3
1.7,"alive",0.000662133,"corymbosum","Ericaceae",24,26,3
1.2,"dead",0.000178847,"unknown","Betulaceae",68,26,3
3.3,"alive",0.001821101,"rubrum","Sapindaceae",31,26,3
2.2,"alive",0.000843553,"ligustrina","Ericaceae",14,26,3
1.4,"alive",0.000262763,"verticillata","Aquifoliaceae",9,26,3
1.4,"alive",0.000262763,"verticillata","Aquifoliaceae",9,26,3
1.1,"alive",0.000169981,"ligustrina","Ericaceae",14,26,3
12.4,"dead",0.044930021,"canadensis","Pinaceae",63,26,3
1.2,"alive",0.000339115,"verticillata","Aquifoliaceae",9,26,3
1.3,"alive",0.00022217,"verticillata","Aquifoliaceae",9,26,3
1,"alive",0.000124729,"verticillata","Aquifoliaceae",9,26,3
1.3,"alive",0.000528871,"verticillata","Aquifoliaceae",9,26,3
1.4,"alive",0.00063695,"verticillata","Aquifoliaceae",9,26,3
1.9,"alive",0.000797991,"verticillata","Aquifoliaceae",9,26,3
1.3,"alive",0.000346899,"verticillata","Aquifoliaceae",9,26,3
36.2,"alive",0.957447527,"rubrum","Sapindaceae",31,26,3
2.4,"alive",0.001853205,"mucronatus","Aquifoliaceae",16,26,3
1.3,"alive",0.000658086,"corymbosum","Ericaceae",24,26,3
1.7,"alive",0.000456223,"ligustrina","Ericaceae",14,26,3
6.6,"alive",0.008458278,"canadensis","Pinaceae",63,27,3
2.8,"alive",0.000935954,"canadensis","Pinaceae",63,27,3
1.5,"alive",0.000209405,"canadensis","Pinaceae",63,27,3
1.5,"alive",0.000209405,"canadensis","Pinaceae",63,27,3
49.6,"alive",1.82970205,"canadensis","Pinaceae",63,27,3
13.5,"alive",0.056305383,"canadensis","Pinaceae",63,27,3
26.4,"alive",0.864841649,"alleghaniensis","Betulaceae",34,27,3
1.6,"alive",0.00042192,"canadensis","Pinaceae",63,27,3
1,"alive",0.0000849,"canadensis","Pinaceae",63,27,3
4.1,"alive",0.002453199,"canadensis","Pinaceae",63,27,3
55.4,"alive",1.92668925,"strobus","Pinaceae",51,27,3
5.3,"alive",0.004763734,"canadensis","Pinaceae",63,27,3
13.4,"dead",0.079901977,"alleghaniensis","Betulaceae",34,27,3
4.6,"alive",0.003298904,"canadensis","Pinaceae",63,27,3
2.8,"alive",0.000935954,"canadensis","Pinaceae",63,28,3
10.3,"alive",0.035393141,"rubrum","Sapindaceae",31,28,3
21.9,"alive",0.297880466,"rubra","Fagaceae",58,28,3
9.8,"alive",0.024051465,"canadensis","Pinaceae",63,28,3
49.4,"alive",2.391951016,"rubra","Fagaceae",58,28,3
7.2,"alive",0.01063603,"canadensis","Pinaceae",63,28,3
8,"alive",0.014047923,"canadensis","Pinaceae",63,28,3
14.7,"alive",0.091009641,"rubrum","Sapindaceae",31,28,3
41.1,"alive",1.509701829,"rubra","Fagaceae",58,28,3
33.3,"alive",0.599818267,"canadensis","Pinaceae",63,28,3
13.1,"alive",0.067032276,"rubrum","Sapindaceae",31,28,3
1.2,"alive",0.000126407,"canadensis","Pinaceae",63,28,3
43.2,"alive",1.711447725,"rubra","Fagaceae",58,28,3
40,"alive",0.956610406,"canadensis","Pinaceae",63,28,3
24.8,"alive",0.360841624,"rubrum","Sapindaceae",31,28,3
30.1,"alive",0.46255794,"canadensis","Pinaceae",63,29,3
1.5,"alive",0.000209405,"canadensis","Pinaceae",63,29,3
2.1,"alive",0.000462813,"canadensis","Pinaceae",63,29,3
4,"alive",0.002302804,"canadensis","Pinaceae",63,29,3
67.2,"alive",3.077284181,"strobus","Pinaceae",51,29,3
28.1,"alive",0.387218027,"canadensis","Pinaceae",63,29,3
1.8,"alive",0.000320393,"canadensis","Pinaceae",63,30,3
1.7,"alive",0.000280072,"canadensis","Pinaceae",63,30,3
2.2,"alive",0.000517852,"canadensis","Pinaceae",63,30,3
2.6,"alive",0.000779059,"canadensis","Pinaceae",63,30,3
5.2,"dead",0.004533323,"canadensis","Pinaceae",63,30,3
1.5,"alive",0.000209405,"canadensis","Pinaceae",63,30,3
67.8,"alive",3.513358866,"canadensis","Pinaceae",63,30,3
2.2,"alive",0.000517852,"canadensis","Pinaceae",63,30,3
8,"alive",0.028392981,"canadensis","Pinaceae",63,31,3
15.6,"alive",0.119398669,"canadensis","Pinaceae",63,31,3
4.9,"alive",0.005725226,"grandifolia","Fagaceae",43,31,3
6.6,"alive",0.013001556,"grandifolia","Fagaceae",43,31,3
5.4,"dead",0.007370564,"grandifolia","Fagaceae",43,31,3
14.7,"alive",0.070578906,"canadensis","Pinaceae",63,31,3
15,"alive",0.074462485,"canadensis","Pinaceae",63,31,3
27,"alive",0.349116901,"canadensis","Pinaceae",63,31,3
48.5,"alive",2.285219344,"rubra","Fagaceae",58,31,3
3.8,"alive",0.002604644,"rubrum","Sapindaceae",31,31,3
1.7,"alive",0.000412738,"grandifolia","Fagaceae",43,31,3
19.7,"dead",0.19331396,"papyrifera","Betulaceae",36,31,3
2.9,"alive",0.002008124,"latifolia","Ericaceae",11,32,3
1,"alive",0.000138479,"latifolia","Ericaceae",11,32,3
2,"alive",0.000580169,"virginiana","Hamamelidaceae",8,32,3
23,"alive",0.205635196,"strobus","Pinaceae",51,32,3
30.4,"alive",1.208368438,"rubrum","Sapindaceae",31,32,3
6.4,"alive",0.007801308,"canadensis","Pinaceae",63,32,3
25.7,"alive",0.395967542,"rubrum","Sapindaceae",31,32,3
1.2,"alive",0.00017816,"virginiana","Hamamelidaceae",8,32,3
4.3,"alive",0.002772427,"canadensis","Pinaceae",63,32,3
3.2,"alive",0.001891643,"americana","Oleaceae",44,32,3
16.5,"alive",0.095845448,"canadensis","Pinaceae",63,32,3
28.4,"alive",0.513232344,"rubrum","Sapindaceae",31,32,3
29.8,"alive",0.581232573,"rubrum","Sapindaceae",31,32,3
24.1,"alive",0.259686741,"canadensis","Pinaceae",63,32,3
3.4,"alive",0.002541083,"virginiana","Hamamelidaceae",8,32,3
8.2,"alive",0.048119905,"virginiana","Hamamelidaceae",8,32,3
3.2,"alive",0.001842037,"virginiana","Hamamelidaceae",8,32,3
21.3,"alive",0.26639734,"canadensis","Pinaceae",63,32,3
6.1,"alive",0.009955097,"alleghaniensis","Betulaceae",34,32,3
1.2,"alive",0.000483202,"latifolia","Ericaceae",11,32,3
3.4,"alive",0.002146346,"virginiana","Hamamelidaceae",8,32,3
1.2,"alive",0.000681224,"vernix","Anacardiaceae",87,33,3
1.4,"alive",0.00023056,"rubrum","Sapindaceae",31,33,3
1.2,"alive",0.000185547,"vernix","Anacardiaceae",87,33,3
1.2,"alive",0.000545873,"corymbosum","Ericaceae",24,33,3
1.4,"alive",0.000706275,"vernix","Anacardiaceae",87,33,3
23.1,"alive",0.299740577,"rubrum","Sapindaceae",31,33,3
16,"dead",0.124999397,"unknown","Betulaceae",68,33,3
1,"alive",0.000138256,"corymbosum","Ericaceae",24,33,3
30.3,"dead",0.420999345,"strobus","Pinaceae",51,33,3
2,"alive",0.000670539,"corymbosum","Ericaceae",24,33,3
2.1,"alive",0.002107916,"corymbosum","Ericaceae",24,33,3
2.5,"alive",0.002421638,"corymbosum","Ericaceae",24,33,3
1.5,"alive",0.000940605,"corymbosum","Ericaceae",24,33,3
1.3,"alive",0.00022217,"verticillata","Aquifoliaceae",9,33,3
2.3,"alive",0.001799369,"incana","Betulaceae",1,33,3
1.1,"alive",0.000308042,"melanocarpa","Rosaceae",2,33,3
1.8,"alive",0.000521903,"ligustrina","Ericaceae",14,33,3
1.2,"alive",0.000244086,"incana","Betulaceae",1,33,3
1.5,"alive",0.000340894,"melanocarpa","Rosaceae",2,33,3
2.5,"alive",0.00265794,"corymbosum","Ericaceae",24,33,3
1.3,"alive",0.000246109,"melanocarpa","Rosaceae",2,33,3
1.2,"alive",0.000185765,"verticillata","Aquifoliaceae",9,33,3
2.3,"alive",0.001335727,"corymbosum","Ericaceae",24,33,3
2,"alive",0.001218976,"vernix","Anacardiaceae",87,33,3
1.5,"alive",0.000340894,"melanocarpa","Rosaceae",2,33,3
1.5,"alive",0.000922125,"vernix","Anacardiaceae",87,33,3
1.3,"alive",0.000246264,"corymbosum","Ericaceae",24,33,3
1.4,"alive",0.000304615,"incana","Betulaceae",1,33,3
1.1,"alive",0.000120552,"incana","Betulaceae",1,33,3
2,"alive",0.001036184,"vernix","Anacardiaceae",87,33,3
2,"alive",0.001494878,"verticillata","Aquifoliaceae",9,33,3
1.1,"alive",0.000169981,"corymbosum","Ericaceae",24,33,3
8.8,"alive",0.023674064,"rubrum","Sapindaceae",31,34,3
1.1,"alive",0.000147073,"virginiana","Hamamelidaceae",8,34,3
10.1,"alive",0.037711855,"alleghaniensis","Betulaceae",34,34,3
44.4,"alive",1.833212895,"velutina","Fagaceae",59,34,3
1.8,"alive",0.00068316,"rubrum","Sapindaceae",31,34,3
6.6,"alive",0.00955718,"dentata","Fagaceae",41,34,3
2.4,"alive",0.001057066,"dentata","Fagaceae",41,34,3
16.3,"alive",0.119665099,"rubrum","Sapindaceae",31,34,3
1.4,"alive",0.000296905,"alnifolium","Adoxaceae",27,34,3
1.6,"alive",0.000654743,"alnifolium","Adoxaceae",27,34,3
1.5,"alive",0.000308596,"grandifolia","Fagaceae",43,34,3
2.4,"alive",0.000929604,"dentata","Fagaceae",41,34,3
5.5,"alive",0.006765324,"rubrum","Sapindaceae",31,34,3
1.2,"alive",0.000209903,"alnifolium","Adoxaceae",27,34,3
16.6,"alive",0.128147973,"rubrum","Sapindaceae",31,34,3
1.1,"alive",0.000169981,"corymbosum","Ericaceae",24,34,3
48,"alive",2.227097297,"rubra","Fagaceae",58,35,3
5.2,"alive",0.004533323,"canadensis","Pinaceae",63,35,3
4.2,"alive",0.002609706,"canadensis","Pinaceae",63,35,3
36.2,"alive",0.742510327,"canadensis","Pinaceae",63,35,3
15.4,"alive",0.079841638,"canadensis","Pinaceae",63,35,3
2.4,"alive",0.000640006,"canadensis","Pinaceae",63,35,3
5.8,"alive",0.006027317,"canadensis","Pinaceae",63,35,3
6.2,"alive",0.007177639,"canadensis","Pinaceae",63,35,3
7.1,"alive",0.010251018,"canadensis","Pinaceae",63,35,3
5.8,"alive",0.006027317,"canadensis","Pinaceae",63,35,3
1.9,"alive",0.000800476,"latifolia","Ericaceae",11,36,3
1.9,"alive",0.000594232,"latifolia","Ericaceae",11,36,3
1.8,"alive",0.000522746,"latifolia","Ericaceae",11,36,3
2.1,"alive",0.001001778,"latifolia","Ericaceae",11,36,3
2.6,"alive",0.001271097,"latifolia","Ericaceae",11,36,3
2.6,"alive",0.001271097,"latifolia","Ericaceae",11,36,3
2.2,"alive",0.001301875,"latifolia","Ericaceae",11,36,3
1.8,"alive",0.000522746,"latifolia","Ericaceae",11,36,3
31.2,"alive",0.507392299,"canadensis","Pinaceae",63,36,3
1.3,"alive",0.000246662,"latifolia","Ericaceae",11,36,3
1.5,"alive",0.00034166,"latifolia","Ericaceae",11,36,3
2.4,"alive",0.00104422,"latifolia","Ericaceae",11,36,3
1.3,"alive",0.000246662,"latifolia","Ericaceae",11,36,3
3,"alive",0.001813688,"latifolia","Ericaceae",11,36,3
2,"alive",0.000670539,"corymbosum","Ericaceae",24,36,3
1.2,"alive",0.000205911,"corymbosum","Ericaceae",24,36,3
3.7,"alive",0.003079175,"latifolia","Ericaceae",11,36,3
21.9,"alive",0.2988422,"rubrum","Sapindaceae",31,36,3
2.5,"alive",0.001154115,"latifolia","Ericaceae",11,36,3
1,"alive",0.000138479,"latifolia","Ericaceae",11,36,3
2.4,"alive",0.00104422,"latifolia","Ericaceae",11,36,3
2.3,"alive",0.000941218,"latifolia","Ericaceae",11,36,3
8.9,"alive",0.026962941,"alleghaniensis","Betulaceae",34,36,3
1.5,"alive",0.000754147,"latifolia","Ericaceae",11,36,3
22.8,"alive",0.331037525,"rubra","Fagaceae",58,36,3
1.2,"alive",0.000376499,"latifolia","Ericaceae",11,36,3
2.4,"alive",0.001537544,"latifolia","Ericaceae",11,36,3
4.9,"alive",0.006338643,"latifolia","Ericaceae",11,36,3
2.4,"alive",0.001632542,"latifolia","Ericaceae",11,36,3
4.9,"alive",0.012028784,"latifolia","Ericaceae",11,36,3
3.8,"alive",0.003295672,"latifolia","Ericaceae",11,36,3
2.8,"alive",0.001527083,"latifolia","Ericaceae",11,36,3
26.2,"alive",0.322866668,"canadensis","Pinaceae",63,37,3
5.3,"alive",0.004763734,"canadensis","Pinaceae",63,37,3
4.3,"alive",0.002772427,"canadensis","Pinaceae",63,37,3
20.9,"alive",0.196873289,"canadensis","Pinaceae",63,37,3
2,"alive",0.000411639,"canadensis","Pinaceae",63,37,3
11.1,"alive",0.043170714,"rubrum","Sapindaceae",31,37,3
30,"alive",0.675835392,"rubra","Fagaceae",58,37,3
18.7,"alive",0.172026722,"rubrum","Sapindaceae",31,37,3
13,"alive",0.12486748,"rubrum","Sapindaceae",31,38,3
19,"alive",0.179399565,"rubrum","Sapindaceae",31,38,3
7.5,"alive",0.015274498,"rubrum","Sapindaceae",31,38,3
7.6,"alive",0.015818142,"rubrum","Sapindaceae",31,38,3
5.6,"alive",0.0054992,"canadensis","Pinaceae",63,38,3
32,"alive",0.783803989,"alleghaniensis","Betulaceae",34,38,3
9.2,"alive",0.020340201,"canadensis","Pinaceae",63,38,3
9.1,"alive",0.019759262,"canadensis","Pinaceae",63,38,3
50.2,"alive",2.489108472,"rubra","Fagaceae",58,38,3
5.5,"dead",0.005246577,"canadensis","Pinaceae",63,38,3
13.6,"alive",0.057419255,"canadensis","Pinaceae",63,38,3
12.3,"alive",0.056703395,"rubrum","Sapindaceae",31,38,3
9,"alive",0.019188867,"canadensis","Pinaceae",63,38,3
16,"alive",0.088348162,"canadensis","Pinaceae",63,38,3
14.9,"alive",0.071228592,"abies","Pinaceae",47,38,3
4.3,"alive",0.003574972,"rubrum","Sapindaceae",31,39,3
1.4,"alive",0.000291259,"ligustrina","Ericaceae",14,39,3
24.4,"alive",0.345852295,"rubrum","Sapindaceae",31,39,3
2.5,"alive",0.000996963,"virginiana","Hamamelidaceae",8,39,3
1.1,"alive",0.000151033,"alleghaniensis","Betulaceae",34,39,3
8.6,"alive",0.021935502,"rubrum","Sapindaceae",31,39,3
2.9,"alive",0.001317044,"rubrum","Sapindaceae",31,39,3
2.7,"alive",0.001102782,"rubrum","Sapindaceae",31,39,3
3.8,"alive",0.002604644,"rubrum","Sapindaceae",31,39,3
1.6,"alive",0.000910512,"dentatum","Adoxaceae",29,39,3
1.5,"alive",0.000347722,"dentatum","Adoxaceae",29,39,3
2,"alive",0.000670539,"ligustrina","Ericaceae",14,39,3
1.7,"alive",0.000465067,"dentatum","Adoxaceae",29,39,3
1.5,"alive",0.000347722,"dentatum","Adoxaceae",29,39,3
1.9,"alive",0.000745711,"dentatum","Adoxaceae",29,39,3
1.6,"alive",0.000403704,"dentatum","Adoxaceae",29,39,3
13.1,"alive",0.07524031,"alleghaniensis","Betulaceae",34,39,3
3.1,"alive",0.001778395,"rubra","Fagaceae",58,39,3
1.3,"alive",0.000194943,"rubrum","Sapindaceae",31,39,3
1.6,"alive",0.000396027,"corymbosum","Ericaceae",24,39,3
1.6,"alive",0.000342654,"virginiana","Hamamelidaceae",8,39,3
2.1,"alive",0.000799368,"virginiana","Hamamelidaceae",8,39,3
2.2,"alive",0.000876939,"virginiana","Hamamelidaceae",8,39,3
2.5,"alive",0.002632824,"corymbosum","Ericaceae",24,39,3
12.4,"alive",0.05793608,"rubrum","Sapindaceae",31,39,3
11.8,"alive",0.035238643,"strobus","Pinaceae",51,39,3
1.9,"alive",0.002615205,"corymbosum","Ericaceae",24,39,3
2.7,"alive",0.002829933,"ligustrina","Ericaceae",14,39,3
1.6,"alive",0.000403704,"dentatum","Adoxaceae",29,39,3
1.6,"alive",0.000403704,"dentatum","Adoxaceae",29,39,3
1.7,"alive",0.000361145,"rubrum","Sapindaceae",31,39,3
1.2,"alive",0.000162999,"rubrum","Sapindaceae",31,39,3
1.1,"alive",0.000134557,"rubrum","Sapindaceae",31,39,3
3.8,"alive",0.002918139,"rubrum","Sapindaceae",31,39,3
1.5,"alive",0.000270022,"rubrum","Sapindaceae",31,39,3
1.6,"alive",0.000313495,"rubrum","Sapindaceae",31,39,3
1.8,"alive",0.000413138,"rubrum","Sapindaceae",31,39,3
1.3,"alive",0.000251038,"dentatum","Adoxaceae",29,39,3
5.9,"alive",0.00812755,"rubrum","Sapindaceae",31,39,3
4.2,"alive",0.004057325,"verticillata","Aquifoliaceae",9,39,3
1.6,"alive",0.000887186,"verticillata","Aquifoliaceae",9,39,3
1.1,"alive",0.00015335,"verticillata","Aquifoliaceae",9,39,3
1.1,"alive",0.00015335,"verticillata","Aquifoliaceae",9,39,3
1.3,"alive",0.000554501,"corymbosum","Ericaceae",24,40,3
1,"alive",0.0000981,"incana","Betulaceae",1,40,3
1,"alive",0.000140936,"cassinoides","Adoxaceae",28,40,3
1.1,"alive",0.000169981,"corymbosum","Ericaceae",24,40,3
1.4,"alive",0.000291259,"corymbosum","Ericaceae",24,40,3
1.4,"alive",0.000262763,"verticillata","Aquifoliaceae",9,40,3
1,"alive",0.000138256,"corymbosum","Ericaceae",24,40,3
1.2,"alive",0.000333991,"alleghaniensis","Betulaceae",34,40,3
1.1,"alive",0.00015335,"verticillata","Aquifoliaceae",9,40,3
2.7,"alive",0.001589698,"alleghaniensis","Betulaceae",34,40,3
1.8,"alive",0.000413138,"rubrum","Sapindaceae",31,40,3
1.3,"alive",0.00022217,"verticillata","Aquifoliaceae",9,40,3
1.5,"alive",0.000303086,"alleghaniensis","Betulaceae",34,40,3
1.2,"alive",0.000185547,"vernix","Anacardiaceae",87,40,3
1.6,"alive",0.000510631,"verticillata","Aquifoliaceae",9,40,3
2,"alive",0.000530798,"rubrum","Sapindaceae",31,40,3
2.2,"alive",0.000667756,"rubrum","Sapindaceae",31,40,3
2.5,"alive",0.001396799,"verticillata","Aquifoliaceae",9,40,3
1.9,"alive",0.000535229,"verticillata","Aquifoliaceae",9,40,3
1.1,"alive",0.000173276,"cassinoides","Adoxaceae",28,40,3
1.2,"alive",0.000185765,"verticillata","Aquifoliaceae",9,40,3
1,"alive",0.000124729,"verticillata","Aquifoliaceae",9,40,3
1.5,"alive",0.000307736,"verticillata","Aquifoliaceae",9,40,3
1.1,"alive",0.000169981,"corymbosum","Ericaceae",24,40,3
2.5,"alive",0.001904386,"incana","Betulaceae",1,40,3
2.5,"alive",0.001039519,"verticillata","Aquifoliaceae",9,40,3
1,"alive",0.000138256,"corymbosum","Ericaceae",24,40,3
1.5,"alive",0.000341109,"corymbosum","Ericaceae",24,40,3
1.2,"alive",0.000185765,"verticillata","Aquifoliaceae",9,40,3
1,"alive",0.000124729,"verticillata","Aquifoliaceae",9,40,3
1.3,"alive",0.000262576,"laevis","Rosaceae",82,40,3
1.2,"alive",0.000375892,"ligustrina","Ericaceae",14,40,3
3.6,"alive",0.002269775,"rubrum","Sapindaceae",31,40,3
1,"alive",0.000124583,"vernix","Anacardiaceae",87,40,3
1.7,"alive",0.000536315,"verticillata","Aquifoliaceae",9,40,3
2.4,"alive",0.001095292,"rubrum","Sapindaceae",31,40,3
2.8,"alive",0.00152462,"ligustrina","Ericaceae",14,40,3
2,"alive",0.000977975,"vernix","Anacardiaceae",87,40,3
1.6,"alive",0.000868831,"alleghaniensis","Betulaceae",34,40,3
1.5,"alive",0.000840399,"verticillata","Aquifoliaceae",9,40,3
1.1,"alive",0.00018124,"laevis","Rosaceae",82,40,3
1.9,"alive",0.000527142,"alleghaniensis","Betulaceae",34,40,3
9,"alive",0.024743539,"rubrum","Sapindaceae",31,40,3
1.6,"alive",0.001336632,"corymbosum","Ericaceae",24,40,3
1,"alive",0.000124583,"vernix","Anacardiaceae",87,40,3
2,"alive",0.001016521,"verticillata","Aquifoliaceae",9,40,3
1.1,"alive",0.000169981,"ligustrina","Ericaceae",14,40,3
1.2,"alive",0.000371529,"verticillata","Aquifoliaceae",9,40,3
1.3,"alive",0.000194943,"rubrum","Sapindaceae",31,40,3
1.1,"alive",0.000278079,"verticillata","Aquifoliaceae",9,40,3
1.2,"alive",0.000463844,"verticillata","Aquifoliaceae",9,40,3
1.8,"alive",0.000778576,"verticillata","Aquifoliaceae",9,40,3
2,"alive",0.000728809,"vernix","Anacardiaceae",87,40,3
1.8,"alive",0.000624191,"verticillata","Aquifoliaceae",9,40,3
1.3,"alive",0.000246109,"melanocarpa","Rosaceae",2,40,3
1,"alive",0.000124729,"verticillata","Aquifoliaceae",9,40,3
2,"alive",0.002161897,"verticillata","Aquifoliaceae",9,40,3
3.2,"alive",0.002980188,"rubrum","Sapindaceae",31,40,3
1.5,"alive",0.000307736,"verticillata","Aquifoliaceae",9,40,3
1.5,"alive",0.000431958,"vernix","Anacardiaceae",87,40,3
1.6,"alive",0.00035728,"verticillata","Aquifoliaceae",9,40,3
1.4,"alive",0.000416113,"verticillata","Aquifoliaceae",9,40,3
2.2,"alive",0.001132551,"verticillata","Aquifoliaceae",9,40,3
1.9,"alive",0.002277313,"corymbosum","Ericaceae",24,40,3
1.3,"alive",0.00038452,"corymbosum","Ericaceae",24,40,3
1.2,"alive",0.000343949,"melanocarpa","Rosaceae",2,40,3
13.3,"alive",0.079752921,"grandifolia","Fagaceae",43,41,3
11.2,"alive",0.054613078,"grandifolia","Fagaceae",43,41,3
6,"alive",0.006586551,"canadensis","Pinaceae",63,41,3
2.9,"alive",0.001021381,"canadensis","Pinaceae",63,41,3
5.1,"alive",0.004310124,"canadensis","Pinaceae",63,41,3
2,"alive",0.000411639,"canadensis","Pinaceae",63,41,3
1.8,"alive",0.000320393,"canadensis","Pinaceae",63,41,3
2.9,"alive",0.001021381,"canadensis","Pinaceae",63,41,3
1.1,"alive",0.00010435,"canadensis","Pinaceae",63,41,3
1.1,"alive",0.00010435,"canadensis","Pinaceae",63,41,3
5,"alive",0.00409404,"canadensis","Pinaceae",63,41,3
5.2,"alive",0.006680686,"grandifolia","Fagaceae",43,41,3
1.9,"alive",0.000364207,"canadensis","Pinaceae",63,41,3
3.8,"alive",0.002019928,"canadensis","Pinaceae",63,41,3
17.5,"alive",0.111980763,"canadensis","Pinaceae",63,41,3
21.1,"dead",0.183323679,"canadensis","Pinaceae",63,41,3
3.4,"alive",0.001522865,"canadensis","Pinaceae",63,41,3
4.3,"alive",0.003574972,"rubrum","Sapindaceae",31,42,3
14.2,"alive",0.064389083,"canadensis","Pinaceae",63,42,3
3.5,"alive",0.001638813,"canadensis","Pinaceae",63,42,3
8.1,"alive",0.014517127,"canadensis","Pinaceae",63,42,3
18.2,"alive",0.4992076,"rubrum","Sapindaceae",31,42,3
12.1,"alive",0.042100354,"canadensis","Pinaceae",63,42,3
4,"alive",0.003333005,"alleghaniensis","Betulaceae",34,42,3
9.7,"alive",0.03018102,"rubrum","Sapindaceae",31,42,3
5.1,"dead",0.006238337,"alleghaniensis","Betulaceae",34,42,3
18.7,"alive",0.133408478,"canadensis","Pinaceae",63,42,3
14.8,"dead",0.071859181,"canadensis","Pinaceae",63,42,3
15.3,"alive",0.078475147,"canadensis","Pinaceae",63,42,3
10.6,"alive",0.038196792,"rubrum","Sapindaceae",31,42,3
18.2,"dead",0.120933311,"rubens","Pinaceae",49,42,3
7,"alive",0.012733478,"rubrum","Sapindaceae",31,42,3
12.2,"alive",0.055487162,"rubrum","Sapindaceae",31,42,3
6.6,"alive",0.010906726,"rubrum","Sapindaceae",31,42,3
1.2,"alive",0.000206243,"latifolia","Ericaceae",11,43,3
1.9,"alive",0.000594232,"latifolia","Ericaceae",11,43,3
8,"alive",0.016266016,"pennsylvanicum","Sapindaceae",30,43,3
3.2,"alive",0.002804019,"latifolia","Ericaceae",11,43,3
2.1,"alive",0.000755116,"latifolia","Ericaceae",11,43,3
2.1,"alive",0.000925372,"latifolia","Ericaceae",11,43,3
2.2,"alive",0.000844916,"latifolia","Ericaceae",11,43,3
3.7,"alive",0.003079175,"latifolia","Ericaceae",11,43,3
2.4,"alive",0.00104422,"latifolia","Ericaceae",11,43,3
5,"alive",0.00667975,"latifolia","Ericaceae",11,43,3
29.7,"alive",0.705562577,"lenta","Betulaceae",35,43,3
9.9,"dead",0.034824196,"unk_hardwood","Unknown",71,43,3
12.4,"alive",0.05793608,"rubrum","Sapindaceae",31,43,3
4.3,"alive",0.004523434,"latifolia","Ericaceae",11,43,3
26.1,"alive",0.412207269,"rubrum","Sapindaceae",31,43,3
1.4,"alive",0.000291729,"latifolia","Ericaceae",11,43,3
2.9,"alive",0.002435872,"latifolia","Ericaceae",11,43,3
10.3,"alive",0.027447742,"canadensis","Pinaceae",63,43,3
2.1,"alive",0.000462813,"canadensis","Pinaceae",63,43,3
2,"alive",0.001194368,"latifolia","Ericaceae",11,43,3
1.7,"alive",0.00045696,"latifolia","Ericaceae",11,43,3
27.9,"alive",0.600183544,"lenta","Betulaceae",35,43,3
1.5,"alive",0.00034166,"latifolia","Ericaceae",11,43,3
1.2,"alive",0.000206243,"latifolia","Ericaceae",11,43,3
3.3,"alive",0.002898482,"latifolia","Ericaceae",11,44,3
1.2,"alive",0.000126407,"canadensis","Pinaceae",63,44,3
15,"dead",0.066624329,"strobus","Pinaceae",51,44,3
20.6,"alive",0.172127343,"canadensis","Pinaceae",63,44,3
19.3,"alive",0.141175104,"rubens","Pinaceae",49,44,3
20.1,"alive",0.20806367,"rubrum","Sapindaceae",31,44,3
2.2,"alive",0.000843553,"corymbosum","Ericaceae",24,44,3
10.1,"alive",0.033597834,"rubrum","Sapindaceae",31,44,3
17.6,"alive",0.146586586,"rubrum","Sapindaceae",31,44,3
3.8,"alive",0.003290356,"corymbosum","Ericaceae",24,44,3
5.1,"alive",0.008173218,"corymbosum","Ericaceae",24,44,3
23.7,"alive",0.320531466,"rubrum","Sapindaceae",31,44,3
14.1,"alive",0.063193037,"canadensis","Pinaceae",63,44,3
6.8,"alive",0.011991185,"pennsylvanicum","Sapindaceae",30,44,3
16.2,"alive",0.117731654,"rubrum","Sapindaceae",31,44,3
5,"alive",0.007970632,"latifolia","Ericaceae",11,44,3
2.2,"alive",0.000983395,"latifolia","Ericaceae",11,44,3
1.4,"alive",0.000291729,"latifolia","Ericaceae",11,44,3
8.8,"dead",0.016176311,"strobus","Pinaceae",51,44,3
1.6,"alive",0.000403704,"cassinoides","Adoxaceae",28,44,3
5.5,"alive",0.007593731,"alleghaniensis","Betulaceae",34,44,3
1.3,"alive",0.00022217,"verticillata","Aquifoliaceae",9,44,3
1.4,"alive",0.000262763,"verticillata","Aquifoliaceae",9,44,3
1.5,"alive",0.000718159,"latifolia","Ericaceae",11,44,3
3.7,"alive",0.003074209,"corymbosum","Ericaceae",24,44,3
23.2,"alive",0.21034736,"strobus","Pinaceae",51,45,3
33.9,"alive",0.627895371,"canadensis","Pinaceae",63,45,3
35,"alive",1.004052837,"rubra","Fagaceae",58,45,3
15.5,"alive",0.104734519,"rubrum","Sapindaceae",31,45,3
12.6,"alive",0.057910529,"canadensis","Pinaceae",63,46,3
2.1,"alive",0.000462813,"canadensis","Pinaceae",63,46,3
2.2,"alive",0.000622202,"canadensis","Pinaceae",63,46,3
1.3,"alive",0.000246264,"corymbosum","Ericaceae",24,46,3
2.5,"alive",0.000958428,"benzoin","Lauraceae",12,46,3
18.5,"alive",0.187691262,"americana","Oleaceae",44,46,3
1.6,"alive",0.000329409,"benzoin","Lauraceae",12,46,3
13.5,"dead",0.066212463,"unknown","Pinaceae",67,46,3
18.8,"dead",0.195826273,"alleghaniensis","Betulaceae",34,46,3
1.3,"alive",0.000409678,"benzoin","Lauraceae",12,46,3
1.1,"alive",0.000141388,"benzoin","Lauraceae",12,46,3
1.1,"alive",0.000141388,"benzoin","Lauraceae",12,46,3
13.7,"alive",0.084738612,"alleghaniensis","Betulaceae",34,46,3
13.5,"alive",0.081494633,"alleghaniensis","Betulaceae",34,46,3
33.2,"alive",0.767509417,"rubrum","Sapindaceae",31,46,3
3.4,"alive",0.002063383,"benzoin","Lauraceae",12,46,3
1.9,"alive",0.000493476,"benzoin","Lauraceae",12,46,3
44.8,"alive",1.272223198,"canadensis","Pinaceae",63,47,3
17.7,"alive",0.123194996,"canadensis","Pinaceae",63,47,3
36.9,"alive",0.779615937,"canadensis","Pinaceae",63,47,3
30.6,"alive",0.622345431,"rubrum","Sapindaceae",31,47,3
26.5,"alive",0.332567616,"canadensis","Pinaceae",63,47,3
20,"alive",0.159251621,"canadensis","Pinaceae",63,47,3
11.4,"alive",0.035936876,"canadensis","Pinaceae",63,47,3
14.7,"alive",0.111440377,"lenta","Betulaceae",35,48,3
4.2,"alive",0.002609706,"canadensis","Pinaceae",63,48,3
1.1,"alive",0.00010435,"canadensis","Pinaceae",63,48,3
4.3,"alive",0.004012723,"alleghaniensis","Betulaceae",34,48,3
1.6,"alive",0.000243118,"canadensis","Pinaceae",63,48,3
2.9,"alive",0.001021381,"canadensis","Pinaceae",63,48,3
10.5,"alive",0.037247362,"rubrum","Sapindaceae",31,48,3
5.8,"alive",0.008723748,"alleghaniensis","Betulaceae",34,48,3
17.2,"alive",0.154837139,"alleghaniensis","Betulaceae",34,48,3
16.8,"alive",0.145496633,"alleghaniensis","Betulaceae",34,48,3
5.6,"alive",0.007959368,"alleghaniensis","Betulaceae",34,48,3
31.2,"dead",0.507392299,"canadensis","Pinaceae",63,48,3
7.2,"dead",0.01063603,"canadensis","Pinaceae",63,48,3
31,"dead",0.703380256,"unk_hardwood","Unknown",71,48,3
9,"alive",0.027773361,"alleghaniensis","Betulaceae",34,48,3
13,"alive",0.050937203,"canadensis","Pinaceae",63,48,3
8.9,"alive",0.024021529,"rubrum","Sapindaceae",31,48,3
15.8,"alive",0.123683012,"alleghaniensis","Betulaceae",34,48,3
10.1,"alive",0.037711855,"alleghaniensis","Betulaceae",34,48,3
18.3,"alive",0.182384409,"alleghaniensis","Betulaceae",34,48,3
13.9,"dead",0.085752057,"unknown","Unknown",65,48,3
14.4,"alive",0.105509882,"lenta","Betulaceae",35,48,3
24.1,"alive",0.38269625,"rubra","Fagaceae",58,48,3
15,"alive",0.109734189,"rubra","Fagaceae",58,48,3
8.3,"alive",0.015484908,"canadensis","Pinaceae",63,48,3
6.4,"alive",0.011291367,"alleghaniensis","Betulaceae",34,48,3
2.8,"alive",0.000935954,"canadensis","Pinaceae",63,48,3
9.5,"alive",0.039657979,"rubra","Fagaceae",58,48,3
19.8,"alive",0.228559612,"rubra","Fagaceae",58,48,3
10.3,"alive",0.024558506,"strobus","Pinaceae",51,48,3
6,"alive",0.006586551,"canadensis","Pinaceae",63,48,3
18.8,"alive",0.170902929,"papyrifera","Betulaceae",36,48,3
6.4,"dead",0.011037681,"unknown","Betulaceae",68,48,3
15.3,"dead",0.113582449,"alleghaniensis","Betulaceae",34,48,3
5.4,"dead",0.007049112,"unk_hardwood","Unknown",71,48,3
12.9,"alive",0.072228582,"alleghaniensis","Betulaceae",34,49,3
12.8,"alive",0.06303295,"rubrum","Sapindaceae",31,49,3
12.7,"alive",0.047875077,"canadensis","Pinaceae",63,49,3
5.5,"alive",0.00883414,"virginiana","Hamamelidaceae",8,49,3
11.4,"alive",0.035936876,"canadensis","Pinaceae",63,49,3
10,"dead",0.030050857,"populifolia","Betulaceae",37,49,3
10.7,"alive",0.030369927,"canadensis","Pinaceae",63,49,3
11.4,"alive",0.056277077,"canadensis","Pinaceae",63,49,3
4.3,"alive",0.002772427,"canadensis","Pinaceae",63,49,3
35.7,"alive",0.641208341,"strobus","Pinaceae",51,49,3
19.2,"alive",0.143019452,"canadensis","Pinaceae",63,49,3
6.9,"alive",0.009507717,"canadensis","Pinaceae",63,49,3
10.3,"alive",0.035393141,"rubrum","Sapindaceae",31,49,3
7.5,"alive",0.015274498,"rubrum","Sapindaceae",31,49,3
6.4,"alive",0.007801308,"canadensis","Pinaceae",63,49,3
10.5,"alive",0.02888571,"canadensis","Pinaceae",63,49,3
3.7,"alive",0.001887236,"canadensis","Pinaceae",63,49,3
10.1,"alive",0.038397525,"rubra","Fagaceae",58,49,3
5.9,"dead",0.007464076,"nigra","Oleaceae",85,49,3
17,"alive",0.150122377,"americana","Oleaceae",44,49,3
16.3,"alive",0.233011564,"rubrum","Sapindaceae",31,49,3
15,"alive",0.088179259,"nigra","Oleaceae",85,49,3
3.8,"alive",0.0048374,"virginiana","Hamamelidaceae",8,49,3
15.4,"alive",0.12843274,"rubrum","Sapindaceae",31,49,3
20.5,"alive",0.245964598,"americana","Oleaceae",44,49,3
5.4,"dead",0.005922774,"nigra","Oleaceae",85,49,3
14,"alive",0.06201083,"canadensis","Pinaceae",63,49,3
7.2,"alive",0.01063603,"canadensis","Pinaceae",63,49,3
16,"alive",0.12787234,"alleghaniensis","Betulaceae",34,49,3
10.4,"alive",0.040759313,"americana","Oleaceae",44,49,3
6.6,"alive",0.010906726,"rubrum","Sapindaceae",31,49,3
6.7,"dead",0.010420427,"nigra","Oleaceae",85,49,3
