"dbh","df_status","agb","species","family","species.id","plot","strata"
3,"alive",0.001813688,"latifolia","Ericaceae",11,1,1
4.9,"alive",0.006338643,"latifolia","Ericaceae",11,1,1
6.4,"alive",0.012728451,"latifolia","Ericaceae",11,1,1
31.2,"alive",0.654269018,"rubrum","Sapindaceae",31,1,1
2.4,"alive",0.001799336,"latifolia","Ericaceae",11,1,1
2.3,"alive",0.000941218,"latifolia","Ericaceae",11,1,1
2.5,"alive",0.001154115,"latifolia","Ericaceae",11,1,1
4.6,"alive",0.01145977,"latifolia","Ericaceae",11,1,1
1.8,"alive",0.000784263,"virginiana","Hamamelidaceae",8,1,1
3.4,"alive",0.002204147,"alleghaniensis","Betulaceae",34,1,1
35.1,"alive",0.68630442,"canadensis","Pinaceae",63,1,1
12.2,"alive",0.055487162,"rubrum","Sapindaceae",31,1,1
2.6,"alive",0.001271097,"latifolia","Ericaceae",11,1,1
1.4,"alive",0.000262763,"mucronatus","Aquifoliaceae",16,1,1
1,"alive",0.000138479,"latifolia","Ericaceae",11,1,1
5.5,"alive",0.008560205,"latifolia","Ericaceae",11,1,1
3.4,"alive",0.002484675,"latifolia","Ericaceae",11,1,1
1.7,"alive",0.000411586,"mucronatus","Aquifoliaceae",16,1,1
52.7,"alive",1.704031905,"strobus","Pinaceae",51,1,1
1.7,"alive",0.000595439,"latifolia","Ericaceae",11,1,1
1,"alive",0.000138479,"latifolia","Ericaceae",11,1,1
2.9,"alive",0.002096673,"latifolia","Ericaceae",11,1,1
1.2,"alive",0.000344722,"latifolia","Ericaceae",11,1,1
2.3,"alive",0.000941218,"latifolia","Ericaceae",11,1,1
11.9,"alive",0.058295905,"alleghaniensis","Betulaceae",34,1,1
1.9,"alive",0.000990899,"latifolia","Ericaceae",11,1,1
2.4,"alive",0.00104422,"latifolia","Ericaceae",11,1,1
4.1,"alive",0.003550683,"alleghaniensis","Betulaceae",34,1,1
2.7,"alive",0.001852316,"latifolia","Ericaceae",11,1,1
4.2,"alive",0.004257941,"latifolia","Ericaceae",11,1,1
4,"alive",0.003757206,"latifolia","Ericaceae",11,1,1
3.6,"alive",0.002871961,"latifolia","Ericaceae",11,1,1
2.4,"alive",0.00104422,"latifolia","Ericaceae",11,1,1
1.3,"alive",0.000385141,"latifolia","Ericaceae",11,1,1
51.9,"alive",1.640944157,"strobus","Pinaceae",51,1,1
2.8,"alive",0.00279818,"latifolia","Ericaceae",11,1,1
1.5,"alive",0.00034166,"latifolia","Ericaceae",11,1,1
7.4,"alive",0.016548054,"alleghaniensis","Betulaceae",34,1,1
1,"alive",0.000138479,"latifolia","Ericaceae",11,1,1
21.8,"alive",0.257535202,"rubrum","Sapindaceae",31,1,1
2.3,"alive",0.000941218,"latifolia","Ericaceae",11,1,1
3.4,"alive",0.002484675,"latifolia","Ericaceae",11,1,1
4.1,"alive",0.004002588,"latifolia","Ericaceae",11,1,1
4.1,"alive",0.004002588,"latifolia","Ericaceae",11,1,1
2.6,"alive",0.001271097,"latifolia","Ericaceae",11,1,1
28.4,"alive",0.356120402,"strobus","Pinaceae",51,1,1
14,"dead",0.055483374,"strobus","Pinaceae",51,1,1
4.8,"alive",0.006008827,"latifolia","Ericaceae",11,1,1
2.9,"alive",0.001666464,"latifolia","Ericaceae",11,1,1
2.8,"alive",0.001527083,"latifolia","Ericaceae",11,1,1
2.8,"alive",0.001554176,"cassinoides","Adoxaceae",28,1,1
2.2,"alive",0.001391927,"cassinoides","Adoxaceae",28,1,1
2.6,"alive",0.001271097,"latifolia","Ericaceae",11,1,1
2.1,"alive",0.000755116,"latifolia","Ericaceae",11,1,1
2,"alive",0.000671622,"latifolia","Ericaceae",11,1,1
13.6,"alive",0.142440076,"rubrum","Sapindaceae",31,1,1
3.1,"alive",0.003013157,"latifolia","Ericaceae",11,1,1
2.2,"alive",0.000844916,"latifolia","Ericaceae",11,1,1
1.8,"alive",0.000522746,"latifolia","Ericaceae",11,1,1
1.4,"alive",0.000291729,"latifolia","Ericaceae",11,1,1
1.9,"alive",0.000594232,"latifolia","Ericaceae",11,1,1
2.7,"alive",0.002038685,"latifolia","Ericaceae",11,1,1
24.9,"alive",0.824808125,"rubra","Fagaceae",58,1,1
3,"alive",0.001810762,"corymbosum","Ericaceae",24,1,1
3.8,"alive",0.003295672,"latifolia","Ericaceae",11,1,1
3.9,"alive",0.004462843,"latifolia","Ericaceae",11,1,1
4.7,"alive",0.005690141,"latifolia","Ericaceae",11,1,1
3.5,"alive",0.003340079,"corymbosum","Ericaceae",24,1,1
3.7,"alive",0.004737985,"corymbosum","Ericaceae",24,1,1
1.9,"alive",0.000535229,"mucronatus","Aquifoliaceae",16,1,1
1.6,"alive",0.000403704,"cassinoides","Adoxaceae",28,1,1
2.1,"alive",0.000755116,"latifolia","Ericaceae",11,1,1
8.8,"alive",0.023312919,"rubrum","Sapindaceae",31,1,1
31.6,"alive",0.524301967,"canadensis","Pinaceae",63,1,1
23.8,"alive",0.3703751,"rubra","Fagaceae",58,1,1
1,"alive",0.000415437,"latifolia","Ericaceae",11,1,1
2.3,"alive",0.001693599,"corymbosum","Ericaceae",24,1,1
3.5,"alive",0.002673853,"latifolia","Ericaceae",11,1,1
1.4,"alive",0.000291729,"latifolia","Ericaceae",11,1,1
22.1,"alive",0.26693352,"rubrum","Sapindaceae",31,1,1
1.7,"alive",0.000595439,"latifolia","Ericaceae",11,1,1
4.9,"alive",0.007042257,"virginiana","Hamamelidaceae",8,1,1
4.3,"alive",0.004523434,"latifolia","Ericaceae",11,1,1
4.5,"alive",0.005085508,"latifolia","Ericaceae",11,1,1
1.7,"alive",0.00045696,"latifolia","Ericaceae",11,1,1
4.2,"alive",0.005193833,"latifolia","Ericaceae",11,1,1
2.9,"alive",0.001666464,"latifolia","Ericaceae",11,1,1
1,"alive",0.000138479,"latifolia","Ericaceae",11,1,1
1.8,"alive",0.000522746,"latifolia","Ericaceae",11,1,1
1.2,"alive",0.000412487,"latifolia","Ericaceae",11,1,1
3.2,"alive",0.002132398,"latifolia","Ericaceae",11,1,1
1.8,"alive",0.000864406,"latifolia","Ericaceae",11,1,1
4.5,"alive",0.005085508,"latifolia","Ericaceae",11,1,1
2.2,"alive",0.000844916,"latifolia","Ericaceae",11,1,1
2.7,"alive",0.001395356,"latifolia","Ericaceae",11,1,1
4.8,"alive",0.006008827,"latifolia","Ericaceae",11,1,1
4.4,"alive",0.004799234,"latifolia","Ericaceae",11,1,1
4,"alive",0.003757206,"latifolia","Ericaceae",11,1,1
1.6,"alive",0.000396667,"latifolia","Ericaceae",11,1,1
1.8,"alive",0.000522746,"latifolia","Ericaceae",11,1,1
1.8,"alive",0.000661225,"latifolia","Ericaceae",11,1,1
2.6,"alive",0.001271097,"latifolia","Ericaceae",11,1,1
4,"alive",0.003757206,"latifolia","Ericaceae",11,1,1
1,"alive",0.000138479,"latifolia","Ericaceae",11,1,1
1.2,"alive",0.000206243,"latifolia","Ericaceae",11,1,1
1.2,"alive",0.000206243,"latifolia","Ericaceae",11,1,1
1.2,"alive",0.000206243,"latifolia","Ericaceae",11,1,1
4.9,"alive",0.007495729,"virginiana","Hamamelidaceae",8,1,1
2.4,"alive",0.001062746,"cassinoides","Adoxaceae",28,1,1
1.2,"alive",0.000206243,"latifolia","Ericaceae",11,1,1
8,"alive",0.018114427,"rubrum","Sapindaceae",31,1,1
2.9,"alive",0.001500995,"mucronatus","Aquifoliaceae",16,1,1
1.7,"alive",0.000411586,"mucronatus","Aquifoliaceae",16,1,1
4,"alive",0.006061456,"latifolia","Ericaceae",11,1,1
14.5,"dead",0.060896535,"strobus","Pinaceae",51,1,1
1.8,"alive",0.001045492,"latifolia","Ericaceae",11,1,1
2.9,"alive",0.001666464,"latifolia","Ericaceae",11,1,1
2,"alive",0.000671622,"latifolia","Ericaceae",11,1,1
2.4,"alive",0.00104422,"latifolia","Ericaceae",11,1,1
5.3,"alive",0.01346255,"latifolia","Ericaceae",11,1,1
12.1,"alive",0.062042627,"rubra","Fagaceae",58,1,1
1.4,"alive",0.000291729,"latifolia","Ericaceae",11,1,1
1.6,"alive",0.000396667,"latifolia","Ericaceae",11,1,1
3.8,"alive",0.003295672,"latifolia","Ericaceae",11,1,1
3.2,"alive",0.002132398,"latifolia","Ericaceae",11,1,1
6.5,"alive",0.013257535,"latifolia","Ericaceae",11,1,1
1,"alive",0.000276958,"latifolia","Ericaceae",11,1,1
4.5,"alive",0.004844598,"virginiana","Hamamelidaceae",8,1,1
4.3,"alive",0.004523434,"latifolia","Ericaceae",11,1,1
5.3,"alive",0.007772408,"latifolia","Ericaceae",11,1,1
5,"alive",0.00667975,"latifolia","Ericaceae",11,1,1
35.3,"alive",1.026175461,"rubra","Fagaceae",58,1,1
3.8,"alive",0.003944928,"virginiana","Hamamelidaceae",8,1,1
2.7,"alive",0.002598509,"virginiana","Hamamelidaceae",8,1,1
3.5,"alive",0.002487924,"virginiana","Hamamelidaceae",8,1,1
1.3,"alive",0.000246662,"latifolia","Ericaceae",11,1,1
2.1,"alive",0.000755116,"latifolia","Ericaceae",11,1,1
1.7,"alive",0.000595439,"latifolia","Ericaceae",11,1,1
4.4,"alive",0.005045896,"latifolia","Ericaceae",11,1,1
1,"alive",0.000138479,"latifolia","Ericaceae",11,1,1
1.6,"alive",0.000738327,"latifolia","Ericaceae",11,1,1
1.1,"alive",0.000170256,"latifolia","Ericaceae",11,1,1
1.8,"alive",0.000522746,"latifolia","Ericaceae",11,1,1
4.1,"alive",0.004847504,"latifolia","Ericaceae",11,1,1
3.2,"alive",0.002132398,"latifolia","Ericaceae",11,1,1
3.5,"alive",0.002673853,"latifolia","Ericaceae",11,1,1
1.5,"alive",0.00068332,"latifolia","Ericaceae",11,1,1
1.5,"alive",0.000686383,"latifolia","Ericaceae",11,1,1
5.8,"alive",0.009834043,"latifolia","Ericaceae",11,1,1
2.7,"alive",0.003826169,"corymbosum","Ericaceae",24,2,1
2.5,"alive",0.001154115,"latifolia","Ericaceae",11,2,1
2.8,"alive",0.001527083,"latifolia","Ericaceae",11,2,1
4.5,"alive",0.009299674,"latifolia","Ericaceae",11,2,1
2.1,"alive",0.000755116,"latifolia","Ericaceae",11,2,1
1.3,"alive",0.000251038,"cassinoides","Adoxaceae",28,2,1
1,"alive",0.000276512,"ligustrina","Ericaceae",14,2,1
10.3,"dead",0.024558506,"strobus","Pinaceae",51,2,1
21.4,"alive",0.245318911,"rubrum","Sapindaceae",31,2,1
1.5,"alive",0.000793284,"corymbosum","Ericaceae",24,2,1
1.4,"alive",0.000429515,"corymbosum","Ericaceae",24,2,1
1.9,"alive",0.000535229,"verticillata","Aquifoliaceae",9,2,1
1.2,"alive",0.000185765,"verticillata","Aquifoliaceae",9,2,1
1.2,"alive",0.000185765,"verticillata","Aquifoliaceae",9,2,1
19.3,"alive",0.186961625,"rubrum","Sapindaceae",31,2,1
2.7,"alive",0.001395356,"latifolia","Ericaceae",11,2,1
1.8,"alive",0.000864406,"latifolia","Ericaceae",11,2,1
21.9,"alive",0.294647655,"papyrifera","Betulaceae",36,2,1
2.1,"alive",0.000753898,"corymbosum","Ericaceae",24,2,1
22.4,"dead",0.270892084,"papyrifera","Betulaceae",36,2,1
1.7,"alive",0.00045696,"latifolia","Ericaceae",11,2,1
2.7,"alive",0.001393106,"corymbosum","Ericaceae",24,2,1
1.4,"alive",0.000291259,"corymbosum","Ericaceae",24,2,1
23.1,"alive",0.299740577,"rubrum","Sapindaceae",31,2,1
1.5,"alive",0.000307736,"verticillata","Aquifoliaceae",9,2,1
2.4,"alive",0.00104422,"latifolia","Ericaceae",11,2,1
1.7,"alive",0.000456223,"corymbosum","Ericaceae",24,2,1
1.2,"alive",0.000205911,"corymbosum","Ericaceae",24,2,1
9.6,"alive",0.032957888,"alleghaniensis","Betulaceae",34,2,1
13.7,"dead",0.052383869,"strobus","Pinaceae",51,2,1
27.4,"alive",0.467693868,"rubrum","Sapindaceae",31,2,1
2.7,"alive",0.002439576,"latifolia","Ericaceae",11,2,1
2.1,"alive",0.001522066,"corymbosum","Ericaceae",24,2,1
16.6,"alive",0.087138498,"strobus","Pinaceae",51,2,1
1,"alive",0.000138479,"latifolia","Ericaceae",11,2,1
1.4,"alive",0.000291729,"latifolia","Ericaceae",11,2,1
2.4,"alive",0.001799336,"latifolia","Ericaceae",11,2,1
9.5,"dead",0.028558022,"rubrum","Sapindaceae",31,2,1
1.4,"alive",0.000291729,"latifolia","Ericaceae",11,2,1
1.6,"alive",0.000396667,"latifolia","Ericaceae",11,2,1
2.8,"alive",0.001182258,"papyrifera","Betulaceae",36,2,1
1.7,"alive",0.00045696,"latifolia","Ericaceae",11,2,1
2.5,"alive",0.001857737,"latifolia","Ericaceae",11,2,1
13.4,"alive",0.071185398,"rubrum","Sapindaceae",31,2,1
9.7,"dead",0.020941932,"strobus","Pinaceae",51,2,1
1.5,"alive",0.00034166,"latifolia","Ericaceae",11,2,1
1.5,"alive",0.00034166,"latifolia","Ericaceae",11,2,1
1.8,"alive",0.001376373,"latifolia","Ericaceae",11,2,1
3.4,"alive",0.003053363,"latifolia","Ericaceae",11,2,1
2.9,"alive",0.001666464,"latifolia","Ericaceae",11,2,1
1,"alive",0.000138479,"latifolia","Ericaceae",11,2,1
12.3,"alive",0.063646668,"alleghaniensis","Betulaceae",34,2,1
32.2,"alive",0.492353589,"strobus","Pinaceae",51,2,1
3.3,"alive",0.003007872,"latifolia","Ericaceae",11,2,1
8.3,"alive",0.022412367,"alleghaniensis","Betulaceae",34,2,1
8.2,"dead",0.01933707,"rubrum","Sapindaceae",31,2,1
1.2,"alive",0.000206243,"latifolia","Ericaceae",11,2,1
1.6,"alive",0.000396027,"corymbosum","Ericaceae",24,2,1
3.3,"alive",0.002898482,"latifolia","Ericaceae",11,2,1
1.4,"alive",0.000291729,"latifolia","Ericaceae",11,2,1
2.2,"alive",0.001184662,"corymbosum","Ericaceae",24,2,1
1.1,"alive",0.00015335,"verticillata","Aquifoliaceae",9,2,1
2.7,"alive",0.001395356,"latifolia","Ericaceae",11,2,1
1.6,"alive",0.00035728,"verticillata","Aquifoliaceae",9,2,1
5.5,"alive",0.005246577,"canadensis","Pinaceae",63,2,1
27.5,"alive",0.472135173,"rubrum","Sapindaceae",31,2,1
2.7,"alive",0.001395356,"latifolia","Ericaceae",11,2,1
1.7,"alive",0.00045696,"latifolia","Ericaceae",11,2,1
18.4,"alive",0.164841551,"rubrum","Sapindaceae",31,2,1
2.1,"alive",0.001063851,"latifolia","Ericaceae",11,2,1
9.5,"dead",0.01981577,"strobus","Pinaceae",51,2,1
7.2,"dead",0.01371488,"rubrum","Sapindaceae",31,2,1
10.9,"alive",0.031900951,"canadensis","Pinaceae",63,2,1
19.6,"alive",0.194714423,"rubrum","Sapindaceae",31,2,1
1.5,"alive",0.00034166,"latifolia","Ericaceae",11,2,1
1,"alive",0.000138479,"latifolia","Ericaceae",11,2,1
1.6,"alive",0.000396667,"latifolia","Ericaceae",11,2,1
1,"alive",0.000138256,"ligustrina","Ericaceae",14,2,1
3,"alive",0.002485309,"latifolia","Ericaceae",11,2,1
2.2,"alive",0.000844916,"latifolia","Ericaceae",11,2,1
2.1,"alive",0.000755116,"latifolia","Ericaceae",11,2,1
1.3,"alive",0.000246662,"latifolia","Ericaceae",11,2,1
2.7,"alive",0.001395356,"latifolia","Ericaceae",11,2,1
3.8,"alive",0.003295672,"latifolia","Ericaceae",11,2,1
1.5,"alive",0.00034166,"latifolia","Ericaceae",11,2,1
13.7,"alive",0.075494399,"rubrum","Sapindaceae",31,2,1
2.4,"alive",0.001042536,"corymbosum","Ericaceae",24,2,1
6.4,"alive",0.012728451,"latifolia","Ericaceae",11,2,1
1,"alive",0.000138479,"latifolia","Ericaceae",11,2,1
1.5,"alive",0.000618618,"latifolia","Ericaceae",11,2,1
6.3,"alive",0.010834068,"alleghaniensis","Betulaceae",34,2,1
20.9,"alive",0.263038004,"alleghaniensis","Betulaceae",34,2,1
32.2,"alive",0.709568407,"rubrum","Sapindaceae",31,2,1
1.1,"alive",0.000170256,"latifolia","Ericaceae",11,2,1
1.8,"alive",0.000522746,"latifolia","Ericaceae",11,2,1
1.3,"alive",0.000416918,"latifolia","Ericaceae",11,2,1
3.4,"alive",0.002484675,"latifolia","Ericaceae",11,2,1
2.6,"alive",0.001685292,"corymbosum","Ericaceae",24,2,1
14.2,"alive",0.083028028,"rubrum","Sapindaceae",31,2,1
13,"dead",0.045575392,"strobus","Pinaceae",51,2,1
16.3,"dead",0.083032926,"strobus","Pinaceae",51,2,1
1.1,"alive",0.000170256,"latifolia","Ericaceae",11,2,1
43.2,"alive",1.039093262,"strobus","Pinaceae",51,2,1
2.4,"alive",0.001042536,"corymbosum","Ericaceae",24,2,1
9.4,"dead",0.019267276,"strobus","Pinaceae",51,2,1
3.4,"alive",0.002484675,"latifolia","Ericaceae",11,2,1
15.1,"alive",0.097723568,"rubrum","Sapindaceae",31,2,1
1.2,"alive",0.000206243,"latifolia","Ericaceae",11,2,1
1.7,"alive",0.00045696,"latifolia","Ericaceae",11,2,1
7.1,"alive",0.014837,"alleghaniensis","Betulaceae",34,2,1
33.3,"alive",1.678124927,"rubrum","Sapindaceae",31,2,1
11.8,"dead",0.055508823,"unk_hardwood","Unknown",71,2,1
22.6,"alive",0.28305098,"rubrum","Sapindaceae",31,2,1
8.7,"dead",0.015693852,"strobus","Pinaceae",51,2,1
2.1,"alive",0.000462813,"canadensis","Pinaceae",63,3,2
32.9,"alive",0.685235762,"canadensis","Pinaceae",63,3,2
1,"alive",0.0000849,"canadensis","Pinaceae",63,3,2
44.4,"alive",1.113022115,"strobus","Pinaceae",51,3,2
1.4,"alive",0.000409559,"canadensis","Pinaceae",63,3,2
1.1,"alive",0.00010435,"canadensis","Pinaceae",63,3,2
32.6,"alive",0.568004034,"canadensis","Pinaceae",63,3,2
29.5,"dead",0.439125001,"canadensis","Pinaceae",63,3,2
28.3,"alive",0.394397757,"canadensis","Pinaceae",63,3,2
20.7,"dead",0.174332489,"canadensis","Pinaceae",63,3,2
1.5,"alive",0.000209405,"canadensis","Pinaceae",63,3,2
5.6,"alive",0.0054992,"canadensis","Pinaceae",63,3,2
3.1,"alive",0.001206768,"canadensis","Pinaceae",63,3,2
3.4,"alive",0.001522865,"canadensis","Pinaceae",63,3,2
1.9,"alive",0.000364207,"canadensis","Pinaceae",63,3,2
40,"alive",0.956610406,"canadensis","Pinaceae",63,3,2
3.1,"alive",0.001206768,"canadensis","Pinaceae",63,3,2
2.1,"alive",0.000462813,"canadensis","Pinaceae",63,3,2
1.2,"alive",0.000126407,"canadensis","Pinaceae",63,3,2
1.6,"alive",0.000369526,"canadensis","Pinaceae",63,3,2
1,"alive",0.0000849,"canadensis","Pinaceae",63,3,2
1.4,"alive",0.000456389,"canadensis","Pinaceae",63,3,2
1.9,"alive",0.000364207,"canadensis","Pinaceae",63,3,2
58.5,"alive",2.200929876,"strobus","Pinaceae",51,3,2
22.7,"dead",0.222061872,"canadensis","Pinaceae",63,3,2
13.3,"alive",0.054118054,"canadensis","Pinaceae",63,3,2
23.1,"alive",0.232451876,"canadensis","Pinaceae",63,3,2
1.5,"alive",0.000209405,"canadensis","Pinaceae",63,3,2
1.3,"alive",0.00025553,"canadensis","Pinaceae",63,3,2
4.7,"alive",0.003487506,"canadensis","Pinaceae",63,3,2
4.3,"alive",0.002772427,"canadensis","Pinaceae",63,3,2
48.6,"alive",2.186978051,"strobus","Pinaceae",51,3,2
2.1,"alive",0.000462813,"canadensis","Pinaceae",63,3,2
1.2,"alive",0.000126407,"canadensis","Pinaceae",63,3,2
62,"alive",2.534542676,"strobus","Pinaceae",51,3,2
13.3,"dead",0.054118054,"canadensis","Pinaceae",63,3,2
37.3,"alive",0.801289219,"canadensis","Pinaceae",63,3,2
1.5,"alive",0.000209405,"canadensis","Pinaceae",63,3,2
36.9,"alive",0.779615937,"canadensis","Pinaceae",63,3,2
1.1,"alive",0.00010435,"canadensis","Pinaceae",63,3,2
27.6,"alive",0.369609243,"canadensis","Pinaceae",63,4,2
60.1,"alive",2.350277449,"strobus","Pinaceae",51,4,2
3,"alive",0.001111615,"canadensis","Pinaceae",63,4,2
23.1,"alive",0.919686656,"rubrum","Sapindaceae",31,4,2
4.3,"alive",0.002772427,"canadensis","Pinaceae",63,4,2
1.6,"alive",0.000243118,"canadensis","Pinaceae",63,4,2
6.6,"dead",0.010906726,"rubrum","Sapindaceae",31,4,2
8.2,"alive",0.014996095,"canadensis","Pinaceae",63,4,2
1.1,"alive",0.00010435,"canadensis","Pinaceae",63,4,2
21.1,"alive",0.236391059,"rubrum","Sapindaceae",31,4,2
11,"alive",0.042145399,"rubrum","Sapindaceae",31,4,2
7.4,"dead",0.016548054,"alleghaniensis","Betulaceae",34,4,2
7.6,"alive",0.01226713,"canadensis","Pinaceae",63,4,2
5.1,"alive",0.004310124,"canadensis","Pinaceae",63,4,2
3.1,"alive",0.001206768,"canadensis","Pinaceae",63,4,2
37,"alive",0.785002141,"canadensis","Pinaceae",63,4,2
8,"alive",0.025205501,"rubrum","Sapindaceae",31,4,2
1.1,"alive",0.00010435,"canadensis","Pinaceae",63,4,2
19.9,"alive",0.202659456,"rubrum","Sapindaceae",31,4,2
1.5,"alive",0.000209405,"canadensis","Pinaceae",63,4,2
17.2,"alive",0.137945815,"rubrum","Sapindaceae",31,4,2
6.3,"alive",0.007485356,"canadensis","Pinaceae",63,4,2
1.1,"alive",0.00010435,"canadensis","Pinaceae",63,4,2
17,"alive",0.150122377,"alleghaniensis","Betulaceae",34,4,2
9.8,"alive",0.024051465,"canadensis","Pinaceae",63,4,2
2.6,"alive",0.000779059,"canadensis","Pinaceae",63,4,2
4.6,"alive",0.003298904,"canadensis","Pinaceae",63,4,2
4.9,"alive",0.004906356,"canadensis","Pinaceae",63,4,2
1.4,"alive",0.00056777,"corymbosum","Ericaceae",24,4,2
1.5,"alive",0.000308596,"grandifolia","Fagaceae",43,4,2
1.3,"alive",0.000222792,"grandifolia","Fagaceae",43,4,2
68.8,"alive",3.255608958,"strobus","Pinaceae",51,4,2
3.7,"alive",0.001887236,"canadensis","Pinaceae",63,4,2
9.9,"dead",0.035762019,"alleghaniensis","Betulaceae",34,4,2
17.8,"alive",0.262957126,"rubrum","Sapindaceae",31,4,2
2.9,"alive",0.001478315,"alleghaniensis","Betulaceae",34,4,2
5.3,"alive",0.004763734,"canadensis","Pinaceae",63,4,2
1.6,"alive",0.000243118,"canadensis","Pinaceae",63,4,2
6.5,"alive",0.008304388,"canadensis","Pinaceae",63,4,2
42.8,"alive",1.671909937,"rubra","Fagaceae",58,4,2
2.1,"alive",0.000462813,"canadensis","Pinaceae",63,4,2
5.1,"dead",0.005557791,"rubrum","Sapindaceae",31,4,2
4.8,"alive",0.006624296,"canadensis","Pinaceae",63,4,2
11.4,"alive",0.078200363,"rubrum","Sapindaceae",31,4,2
1.2,"alive",0.000126407,"canadensis","Pinaceae",63,4,2
2.6,"alive",0.000779059,"canadensis","Pinaceae",63,4,2
2.7,"alive",0.000855218,"canadensis","Pinaceae",63,4,2
5.3,"alive",0.004763734,"canadensis","Pinaceae",63,4,2
2.3,"alive",0.000576876,"canadensis","Pinaceae",63,4,2
36.4,"alive",1.109692089,"rubra","Fagaceae",58,4,2
3.2,"alive",0.001306953,"canadensis","Pinaceae",63,4,2
5.8,"alive",0.006027317,"canadensis","Pinaceae",63,4,2
3.9,"alive",0.002158415,"canadensis","Pinaceae",63,4,2
28.2,"alive",0.503923911,"rubrum","Sapindaceae",31,4,2
11.1,"dead",0.02995519,"strobus","Pinaceae",51,4,2
9.2,"alive",0.026228154,"rubrum","Sapindaceae",31,4,2
45.4,"alive",1.315281882,"canadensis","Pinaceae",63,5,2
14.1,"dead",0.063193037,"canadensis","Pinaceae",63,5,2
1.5,"alive",0.000313755,"canadensis","Pinaceae",63,5,2
2.1,"alive",0.000462813,"canadensis","Pinaceae",63,5,2
17.6,"dead",0.113679393,"canadensis","Pinaceae",63,5,2
2.2,"alive",0.000517852,"canadensis","Pinaceae",63,5,2
2.2,"alive",0.000517852,"canadensis","Pinaceae",63,5,2
2.8,"alive",0.000935954,"canadensis","Pinaceae",63,5,2
2.7,"alive",0.000855218,"canadensis","Pinaceae",63,5,2
28.2,"alive",0.617049687,"lenta","Betulaceae",35,5,2
1.2,"alive",0.000126407,"canadensis","Pinaceae",63,5,2
41.8,"alive",1.508114955,"canadensis","Pinaceae",63,5,2
1.5,"alive",0.000539386,"canadensis","Pinaceae",63,5,2
2.4,"alive",0.000640006,"canadensis","Pinaceae",63,5,2
28.4,"alive",0.513232344,"rubrum","Sapindaceae",31,5,2
1.3,"alive",0.00015118,"canadensis","Pinaceae",63,5,2
1.5,"alive",0.000209405,"canadensis","Pinaceae",63,5,2
2.4,"alive",0.000640006,"canadensis","Pinaceae",63,5,2
4.6,"alive",0.003298904,"canadensis","Pinaceae",63,5,2
1.4,"alive",0.000178802,"canadensis","Pinaceae",63,5,2
1.3,"alive",0.00015118,"canadensis","Pinaceae",63,5,2
1.2,"alive",0.000126407,"canadensis","Pinaceae",63,5,2
33.5,"alive",0.609094209,"canadensis","Pinaceae",63,5,2
54.5,"alive",2.068539155,"canadensis","Pinaceae",63,5,2
5.8,"alive",0.006027317,"canadensis","Pinaceae",63,5,2
7,"alive",0.009874942,"canadensis","Pinaceae",63,5,2
3,"alive",0.001638169,"grandifolia","Fagaceae",43,5,2
4,"alive",0.003393606,"grandifolia","Fagaceae",43,5,2
1,"alive",0.0000849,"canadensis","Pinaceae",63,6,2
29.4,"alive",0.435289146,"canadensis","Pinaceae",63,6,2
6,"alive",0.006586551,"canadensis","Pinaceae",63,6,2
23.6,"alive",0.245843023,"canadensis","Pinaceae",63,6,2
23,"alive",0.229827572,"canadensis","Pinaceae",63,6,2
37.9,"alive",0.746606848,"strobus","Pinaceae",51,6,2
1.2,"alive",0.000126407,"canadensis","Pinaceae",63,6,2
1.3,"alive",0.00015118,"canadensis","Pinaceae",63,6,2
39.4,"alive",0.823809077,"strobus","Pinaceae",51,6,2
15.1,"alive",0.075785624,"canadensis","Pinaceae",63,6,2
26,"alive",0.316494132,"canadensis","Pinaceae",63,6,2
9.2,"alive",0.020340201,"canadensis","Pinaceae",63,6,2
7.8,"alive",0.013138485,"canadensis","Pinaceae",63,6,2
30.3,"alive",0.470528679,"canadensis","Pinaceae",63,6,2
26,"alive",0.383124476,"sylvatica","Nyssaceae",45,6,2
6.1,"dead",0.006878067,"canadensis","Pinaceae",63,6,2
13.1,"alive",0.051984214,"canadensis","Pinaceae",63,6,2
25.3,"alive",0.356843104,"sylvatica","Nyssaceae",45,6,2
23.6,"alive",0.245843023,"canadensis","Pinaceae",63,6,2
26.5,"alive",0.332567616,"canadensis","Pinaceae",63,6,2
1,"alive",0.000119623,"virginiana","Hamamelidaceae",8,6,2
18.7,"alive",0.133408478,"canadensis","Pinaceae",63,6,2
1.7,"alive",0.000280072,"canadensis","Pinaceae",63,6,2
1.4,"alive",0.000461985,"latifolia","Ericaceae",11,6,2
16.5,"alive",0.095845448,"canadensis","Pinaceae",63,6,2
40.2,"alive",1.427625614,"rubra","Fagaceae",58,6,2
34.6,"alive",0.661600477,"canadensis","Pinaceae",63,6,2
31.5,"alive",0.520044075,"canadensis","Pinaceae",63,6,2
16.1,"alive",0.11581752,"rubrum","Sapindaceae",31,6,2
16.6,"dead",0.125581953,"rubrum","Sapindaceae",31,6,2
27.4,"alive",0.362701367,"canadensis","Pinaceae",63,6,2
12.1,"alive",0.050963586,"sylvatica","Nyssaceae",45,6,2
21.3,"alive",0.296719253,"lenta","Betulaceae",35,6,2
31.4,"alive",0.515806515,"canadensis","Pinaceae",63,6,2
11.1,"alive",0.03347933,"canadensis","Pinaceae",63,6,2
3.5,"alive",0.001638813,"canadensis","Pinaceae",63,6,2
40.4,"alive",0.877709123,"strobus","Pinaceae",51,6,2
10.2,"alive",0.026745927,"canadensis","Pinaceae",63,6,2
15.4,"dead",0.079841638,"canadensis","Pinaceae",63,6,2
18.5,"dead",0.116027326,"strobus","Pinaceae",51,6,2
8.3,"dead",0.015484908,"canadensis","Pinaceae",63,6,2
28.8,"dead",0.521292023,"papyrifera","Betulaceae",36,6,2
2.8,"alive",0.001527083,"latifolia","Ericaceae",11,6,2
9.2,"dead",0.020340201,"canadensis","Pinaceae",63,6,2
6.6,"dead",0.008458278,"canadensis","Pinaceae",63,6,2
2.2,"alive",0.000517852,"canadensis","Pinaceae",63,7,2
10.9,"alive",0.031900951,"canadensis","Pinaceae",63,7,2
2.7,"alive",0.000855218,"canadensis","Pinaceae",63,7,2
2.5,"alive",0.000707361,"canadensis","Pinaceae",63,7,2
9.6,"alive",0.022770904,"canadensis","Pinaceae",63,7,2
20,"alive",0.205350774,"rubrum","Sapindaceae",31,7,2
6.6,"alive",0.012242244,"alleghaniensis","Betulaceae",34,7,2
4.4,"alive",0.005394665,"canadensis","Pinaceae",63,7,2
25.3,"alive",0.643893644,"rubrum","Sapindaceae",31,7,2
41,"alive",1.21075416,"canadensis","Pinaceae",63,7,2
1,"alive",0.0000849,"canadensis","Pinaceae",63,7,2
8.1,"alive",0.021011631,"alleghaniensis","Betulaceae",34,7,2
1.7,"alive",0.000280072,"canadensis","Pinaceae",63,7,2
4,"alive",0.002302804,"canadensis","Pinaceae",63,7,2
5.8,"dead",0.008723748,"alleghaniensis","Betulaceae",34,7,2
3.8,"alive",0.002019928,"canadensis","Pinaceae",63,7,2
8.9,"alive",0.018628941,"canadensis","Pinaceae",63,7,2
5.6,"alive",0.0054992,"canadensis","Pinaceae",63,7,2
1.6,"alive",0.000243118,"canadensis","Pinaceae",63,7,2
1.7,"alive",0.000280072,"canadensis","Pinaceae",63,7,2
1.2,"alive",0.000126407,"canadensis","Pinaceae",63,7,2
4.1,"alive",0.002453199,"canadensis","Pinaceae",63,7,2
49.9,"alive",1.664143545,"canadensis","Pinaceae",63,7,2
35.9,"alive",0.894695194,"canadensis","Pinaceae",63,7,2
2.9,"alive",0.001021381,"canadensis","Pinaceae",63,7,2
12.2,"alive",0.115516181,"alleghaniensis","Betulaceae",34,7,2
6.1,"alive",0.006878067,"canadensis","Pinaceae",63,7,2
9,"alive",0.027773361,"alleghaniensis","Betulaceae",34,7,2
1.1,"alive",0.00010435,"canadensis","Pinaceae",63,7,2
2.9,"alive",0.001021381,"canadensis","Pinaceae",63,7,2
1.8,"alive",0.000320393,"canadensis","Pinaceae",63,7,2
4.5,"alive",0.003116924,"canadensis","Pinaceae",63,7,2
1.5,"alive",0.000209405,"canadensis","Pinaceae",63,7,2
1.8,"alive",0.000320393,"canadensis","Pinaceae",63,7,2
1.3,"alive",0.00015118,"canadensis","Pinaceae",63,7,2
1.4,"alive",0.000178802,"canadensis","Pinaceae",63,7,2
3,"alive",0.001608916,"alleghaniensis","Betulaceae",34,7,2
2,"alive",0.000411639,"canadensis","Pinaceae",63,7,2
2.3,"alive",0.000576876,"canadensis","Pinaceae",63,7,2
6.2,"alive",0.007177639,"canadensis","Pinaceae",63,7,2
1.1,"alive",0.00010435,"canadensis","Pinaceae",63,7,2
2.9,"alive",0.001021381,"canadensis","Pinaceae",63,7,2
2,"alive",0.000411639,"canadensis","Pinaceae",63,7,2
15.3,"alive",0.113582449,"alleghaniensis","Betulaceae",34,7,2
3.4,"alive",0.001522865,"canadensis","Pinaceae",63,7,2
41.6,"alive",1.056151301,"canadensis","Pinaceae",63,7,2
13.1,"alive",0.065664271,"papyrifera","Betulaceae",36,7,2
1.8,"alive",0.000320393,"canadensis","Pinaceae",63,7,2
8.3,"alive",0.024449855,"lenta","Betulaceae",35,7,2
2.9,"alive",0.001021381,"canadensis","Pinaceae",63,7,2
1.3,"alive",0.00015118,"canadensis","Pinaceae",63,7,2
1.2,"alive",0.000126407,"canadensis","Pinaceae",63,7,2
12,"alive",0.059606219,"alleghaniensis","Betulaceae",34,7,2
5.6,"alive",0.0054992,"canadensis","Pinaceae",63,7,2
9.6,"alive",0.022770904,"canadensis","Pinaceae",63,7,2
32.5,"alive",0.830482365,"rubra","Fagaceae",58,7,2
29.7,"alive",0.446856299,"canadensis","Pinaceae",63,7,2
1.2,"alive",0.000126407,"canadensis","Pinaceae",63,7,2
1.1,"alive",0.00010435,"canadensis","Pinaceae",63,7,2
27.5,"alive",0.472135173,"rubrum","Sapindaceae",31,7,2
1.3,"alive",0.00015118,"canadensis","Pinaceae",63,7,2
4.4,"alive",0.002941466,"canadensis","Pinaceae",63,7,2
4.2,"alive",0.002609706,"canadensis","Pinaceae",63,7,2
2,"alive",0.000411639,"canadensis","Pinaceae",63,7,2
16.5,"alive",0.121067935,"papyrifera","Betulaceae",36,7,2
8.4,"alive",0.015983644,"canadensis","Pinaceae",63,7,2
1.4,"alive",0.000178802,"canadensis","Pinaceae",63,7,2
13.5,"alive",0.082976354,"rubra","Fagaceae",58,7,2
1.3,"alive",0.000236054,"canadensis","Pinaceae",63,7,2
5.4,"alive",0.005001454,"canadensis","Pinaceae",63,7,2
1.9,"alive",0.000364207,"canadensis","Pinaceae",63,7,2
33,"alive",0.586059695,"canadensis","Pinaceae",63,7,2
32.6,"dead",0.568004034,"canadensis","Pinaceae",63,7,2
5.3,"alive",0.004763734,"canadensis","Pinaceae",63,7,2
6.2,"alive",0.007177639,"canadensis","Pinaceae",63,7,2
4.8,"alive",0.00368283,"canadensis","Pinaceae",63,7,2
7.1,"alive",0.010251018,"canadensis","Pinaceae",63,7,2
7.1,"alive",0.010251018,"canadensis","Pinaceae",63,7,2
10.4,"alive",0.065675324,"rubrum","Sapindaceae",31,7,2
4.5,"alive",0.003116924,"canadensis","Pinaceae",63,7,2
2.8,"alive",0.000935954,"canadensis","Pinaceae",63,7,2
5.4,"alive",0.005001454,"canadensis","Pinaceae",63,7,2
6.4,"dead",0.011037681,"unknown","Betulaceae",68,7,2
32.7,"alive",1.055215078,"rubrum","Sapindaceae",31,7,2
5.6,"alive",0.0054992,"canadensis","Pinaceae",63,8,2
1.3,"alive",0.00015118,"canadensis","Pinaceae",63,8,2
2.5,"alive",0.000707361,"canadensis","Pinaceae",63,8,2
5.2,"alive",0.004533323,"canadensis","Pinaceae",63,8,2
1.3,"alive",0.00015118,"canadensis","Pinaceae",63,8,2
5,"alive",0.00409404,"canadensis","Pinaceae",63,8,2
1.2,"alive",0.000126407,"canadensis","Pinaceae",63,8,2
3.8,"alive",0.002019928,"canadensis","Pinaceae",63,8,2
1.4,"alive",0.000178802,"canadensis","Pinaceae",63,8,2
5.9,"alive",0.006302998,"canadensis","Pinaceae",63,8,2
93.5,"alive",7.463381466,"canadensis","Pinaceae",63,8,2
1.7,"alive",0.000280072,"canadensis","Pinaceae",63,8,2
2.3,"alive",0.000576876,"canadensis","Pinaceae",63,8,2
2,"alive",0.000411639,"canadensis","Pinaceae",63,8,2
9.5,"dead",0.022147037,"canadensis","Pinaceae",63,8,2
1,"alive",0.0000849,"canadensis","Pinaceae",63,8,2
1.7,"alive",0.000280072,"canadensis","Pinaceae",63,8,2
6.1,"dead",0.006878067,"canadensis","Pinaceae",63,8,2
1.9,"alive",0.000364207,"canadensis","Pinaceae",63,8,2
2.2,"alive",0.000517852,"canadensis","Pinaceae",63,8,2
2.3,"alive",0.000576876,"canadensis","Pinaceae",63,8,2
48.6,"alive",1.558640732,"canadensis","Pinaceae",63,8,2
5.2,"alive",0.004533323,"canadensis","Pinaceae",63,8,2
8,"dead",0.014047923,"canadensis","Pinaceae",63,8,2
7.7,"dead",0.012698088,"canadensis","Pinaceae",63,8,2
8.5,"alive",0.016492384,"canadensis","Pinaceae",63,8,2
11.7,"alive",0.038503999,"canadensis","Pinaceae",63,8,2
8.5,"dead",0.021266495,"rubrum","Sapindaceae",31,8,2
25.4,"alive",0.297828716,"canadensis","Pinaceae",63,8,2
8.3,"dead",0.015484908,"canadensis","Pinaceae",63,8,2
6.8,"dead",0.011556954,"papyrifera","Betulaceae",36,8,2
26.1,"alive",0.412207269,"rubrum","Sapindaceae",31,8,2
41.6,"alive",1.056151301,"canadensis","Pinaceae",63,9,2
40.2,"alive",0.968745953,"canadensis","Pinaceae",63,9,2
19.4,"dead",0.146978279,"canadensis","Pinaceae",63,9,2
20.8,"alive",0.176554655,"canadensis","Pinaceae",63,9,2
38.8,"alive",0.885628854,"canadensis","Pinaceae",63,9,2
1.5,"alive",0.000209405,"canadensis","Pinaceae",63,9,2
1.6,"alive",0.000243118,"canadensis","Pinaceae",63,9,2
1.2,"dead",0.000209903,"alnifolium","Adoxaceae",27,9,2
4.9,"alive",0.003884975,"canadensis","Pinaceae",63,9,2
4.2,"alive",0.002609706,"canadensis","Pinaceae",63,9,2
3.5,"alive",0.001638813,"canadensis","Pinaceae",63,9,2
2.2,"alive",0.000517852,"canadensis","Pinaceae",63,9,2
2.2,"alive",0.000517852,"canadensis","Pinaceae",63,9,2
2.2,"alive",0.000517852,"canadensis","Pinaceae",63,9,2
1,"alive",0.000140936,"alnifolium","Adoxaceae",27,9,2
1.2,"alive",0.000126407,"canadensis","Pinaceae",63,9,2
1.5,"alive",0.000209405,"canadensis","Pinaceae",63,9,2
1.1,"alive",0.00010435,"canadensis","Pinaceae",63,9,2
44.7,"alive",1.26512527,"canadensis","Pinaceae",63,9,2
11.8,"dead",0.035238643,"strobus","Pinaceae",51,9,2
3.4,"alive",0.001522865,"canadensis","Pinaceae",63,9,2
39.5,"alive",0.926653722,"canadensis","Pinaceae",63,9,2
36.1,"alive",0.737294724,"canadensis","Pinaceae",63,9,2
4,"alive",0.002302804,"canadensis","Pinaceae",63,9,2
1,"alive",0.0000849,"canadensis","Pinaceae",63,9,2
1.2,"alive",0.000126407,"canadensis","Pinaceae",63,9,2
1.5,"alive",0.000209405,"canadensis","Pinaceae",63,9,2
2.3,"alive",0.000576876,"canadensis","Pinaceae",63,9,2
1.4,"alive",0.000178802,"canadensis","Pinaceae",63,9,2
1.2,"alive",0.000126407,"canadensis","Pinaceae",63,9,2
1.2,"alive",0.000126407,"canadensis","Pinaceae",63,9,2
55.3,"alive",2.143841771,"canadensis","Pinaceae",63,9,2
23.7,"dead",0.248575423,"canadensis","Pinaceae",63,9,2
22.6,"alive",0.219508923,"canadensis","Pinaceae",63,9,2
10.8,"dead",0.031129554,"canadensis","Pinaceae",63,9,2
36.8,"alive",0.774251118,"canadensis","Pinaceae",63,9,2
9.2,"dead",0.020340201,"canadensis","Pinaceae",63,9,2
4,"alive",0.002302804,"canadensis","Pinaceae",63,9,2
34,"alive",0.63264771,"canadensis","Pinaceae",63,9,2
7,"dead",0.008835475,"strobus","Pinaceae",51,10,2
7.5,"alive",0.011845529,"canadensis","Pinaceae",63,10,2
7.5,"dead",0.017456569,"rubra","Fagaceae",58,10,2
24.9,"alive",0.282788637,"canadensis","Pinaceae",63,10,2
9.6,"alive",0.029362482,"rubrum","Sapindaceae",31,10,2
9.3,"dead",0.018728417,"strobus","Pinaceae",51,10,2
6.2,"alive",0.007177639,"canadensis","Pinaceae",63,10,2
52.8,"alive",1.913423424,"canadensis","Pinaceae",63,10,2
42.1,"alive",1.403480709,"rubrum","Sapindaceae",31,10,2
2,"alive",0.000433304,"dentata","Fagaceae",41,10,2
1.8,"alive",0.000470841,"mucronatus","Aquifoliaceae",16,10,2
6.2,"dead",0.010577573,"rubra","Fagaceae",58,10,2
9.6,"alive",0.029362482,"rubrum","Sapindaceae",31,10,2
11.7,"alive",0.056742736,"rubra","Fagaceae",58,10,2
7.9,"dead",0.012158045,"strobus","Pinaceae",51,10,2
18,"alive",0.107933028,"strobus","Pinaceae",51,10,2
40.3,"alive",0.872231114,"strobus","Pinaceae",51,10,2
22.7,"alive",0.216218139,"rubens","Pinaceae",49,10,2
21.9,"alive",0.180855997,"strobus","Pinaceae",51,10,2
17.5,"alive",0.111980763,"canadensis","Pinaceae",63,10,2
27.4,"alive",0.324522275,"strobus","Pinaceae",51,10,2
16.2,"alive",0.091302099,"canadensis","Pinaceae",63,10,2
7.7,"alive",0.016373851,"rubrum","Sapindaceae",31,10,2
8.9,"alive",0.026962941,"alleghaniensis","Betulaceae",34,10,2
18.7,"dead",0.129897729,"rubens","Pinaceae",49,10,2
19.4,"alive",0.216599569,"rubra","Fagaceae",58,10,2
6.8,"alive",0.009149255,"canadensis","Pinaceae",63,10,2
6.6,"alive",0.008458278,"canadensis","Pinaceae",63,10,2
18.9,"alive",0.13359341,"rubens","Pinaceae",49,10,2
5.4,"alive",0.005001454,"canadensis","Pinaceae",63,10,2
13.7,"alive",0.075494399,"rubrum","Sapindaceae",31,10,2
9.7,"alive",0.034492594,"rubra","Fagaceae",58,10,2
26.5,"alive",0.428837189,"rubrum","Sapindaceae",31,10,2
4.7,"alive",0.003487506,"canadensis","Pinaceae",63,10,2
3.2,"alive",0.001306953,"canadensis","Pinaceae",63,10,2
26.5,"alive",0.428837189,"rubrum","Sapindaceae",31,10,2
4.6,"alive",0.003298904,"canadensis","Pinaceae",63,10,2
6.2,"alive",0.007177639,"canadensis","Pinaceae",63,10,2
5.6,"alive",0.0054992,"canadensis","Pinaceae",63,10,2
1.5,"alive",0.000209405,"canadensis","Pinaceae",63,10,2
2.6,"alive",0.000779059,"canadensis","Pinaceae",63,10,2
1.3,"alive",0.000159137,"dentata","Fagaceae",41,10,2
10.2,"alive",0.03941505,"rubra","Fagaceae",58,10,2
27,"alive",0.826663305,"rubrum","Sapindaceae",31,10,2
1.2,"alive",0.000252814,"canadensis","Pinaceae",63,11,2
2.3,"alive",0.000576876,"canadensis","Pinaceae",63,11,2
3.3,"alive",0.001412282,"canadensis","Pinaceae",63,11,2
4.1,"alive",0.002453199,"canadensis","Pinaceae",63,11,2
5.6,"alive",0.0054992,"canadensis","Pinaceae",63,11,2
1.5,"alive",0.000209405,"canadensis","Pinaceae",63,11,2
3.6,"alive",0.002467595,"canadensis","Pinaceae",63,11,2
7.9,"dead",0.027646643,"unknown","Unknown",65,11,2
19.4,"alive",0.146978279,"canadensis","Pinaceae",63,11,2
1.2,"alive",0.000126407,"canadensis","Pinaceae",63,11,2
6.2,"dead",0.010974323,"canadensis","Pinaceae",63,11,2
26.6,"alive",0.33583929,"canadensis","Pinaceae",63,11,2
17.3,"alive",0.108630308,"canadensis","Pinaceae",63,11,2
3.4,"alive",0.001522865,"canadensis","Pinaceae",63,11,2
15,"alive",0.10777465,"alleghaniensis","Betulaceae",34,11,2
26.6,"alive",0.33583929,"canadensis","Pinaceae",63,11,2
11.4,"alive",0.052013899,"alleghaniensis","Betulaceae",34,11,2
6,"dead",0.006586551,"canadensis","Pinaceae",63,11,2
12.7,"alive",0.047875077,"canadensis","Pinaceae",63,11,2
11.9,"alive",0.058295905,"alleghaniensis","Betulaceae",34,11,2
38,"alive",0.840043885,"canadensis","Pinaceae",63,11,2
6.6,"dead",0.012242244,"alleghaniensis","Betulaceae",34,11,2
11.6,"alive",0.054473166,"alleghaniensis","Betulaceae",34,11,2
14.5,"alive",0.087762654,"rubrum","Sapindaceae",31,11,2
6,"alive",0.006586551,"canadensis","Pinaceae",63,11,2
1.1,"alive",0.00010435,"canadensis","Pinaceae",63,11,2
37.9,"alive",1.229705396,"rubra","Fagaceae",58,11,2
11.5,"dead",0.03678032,"canadensis","Pinaceae",63,11,2
10.3,"alive",0.035393141,"rubrum","Sapindaceae",31,11,2
56.2,"alive",2.230325561,"canadensis","Pinaceae",63,11,2
3.5,"alive",0.001638813,"canadensis","Pinaceae",63,11,2
2.1,"alive",0.000462813,"canadensis","Pinaceae",63,11,2
1.2,"alive",0.000126407,"canadensis","Pinaceae",63,11,2
3.2,"alive",0.001306953,"canadensis","Pinaceae",63,11,2
2.2,"alive",0.000517852,"canadensis","Pinaceae",63,11,2
2.2,"alive",0.000517852,"canadensis","Pinaceae",63,11,2
1.9,"alive",0.000364207,"canadensis","Pinaceae",63,11,2
2.2,"alive",0.000517852,"canadensis","Pinaceae",63,11,2
3.7,"alive",0.00278119,"grandifolia","Fagaceae",43,11,2
39.8,"alive",0.94456227,"canadensis","Pinaceae",63,11,2
2.2,"alive",0.000517852,"canadensis","Pinaceae",63,11,2
43.2,"alive",1.161339528,"canadensis","Pinaceae",63,11,2
27.6,"alive",0.457148274,"serotina","Rosaceae",55,11,2
18.9,"dead",0.137204042,"canadensis","Pinaceae",63,11,2
24.7,"alive",0.276902591,"canadensis","Pinaceae",63,12,2
19.1,"alive",0.141064648,"canadensis","Pinaceae",63,12,2
22,"dead",0.204562658,"canadensis","Pinaceae",63,12,2
36.7,"alive",0.768907666,"canadensis","Pinaceae",63,12,2
1.1,"alive",0.00010435,"canadensis","Pinaceae",63,12,2
20.8,"dead",0.176554655,"canadensis","Pinaceae",63,12,2
42.5,"alive",0.997293001,"strobus","Pinaceae",51,12,2
24,"alive",0.256881585,"canadensis","Pinaceae",63,12,2
2.6,"alive",0.000779059,"canadensis","Pinaceae",63,12,2
2.5,"alive",0.000707361,"canadensis","Pinaceae",63,12,2
39.5,"alive",0.926653722,"canadensis","Pinaceae",63,12,2
1.1,"alive",0.00010435,"canadensis","Pinaceae",63,12,2
29.7,"dead",0.629804915,"unknown","Unknown",65,12,2
45.2,"alive",1.300839186,"canadensis","Pinaceae",63,12,2
1.1,"alive",0.00010435,"canadensis","Pinaceae",63,12,2
23.1,"alive",0.232451876,"canadensis","Pinaceae",63,12,2
14.8,"dead",0.071859181,"canadensis","Pinaceae",63,12,2
23.3,"alive",0.237754304,"canadensis","Pinaceae",63,12,2
40.8,"alive",1.005678148,"canadensis","Pinaceae",63,12,2
1.8,"alive",0.000320393,"canadensis","Pinaceae",63,12,2
4.1,"alive",0.002453199,"canadensis","Pinaceae",63,12,2
39.9,"alive",0.950575418,"canadensis","Pinaceae",63,12,2
1.1,"alive",0.00010435,"canadensis","Pinaceae",63,12,2
1,"alive",0.0000849,"canadensis","Pinaceae",63,12,2
2.2,"alive",0.000517852,"canadensis","Pinaceae",63,12,2
11.2,"dead",0.034286447,"canadensis","Pinaceae",63,12,2
13.5,"dead",0.056305383,"canadensis","Pinaceae",63,12,2
7.2,"dead",0.01063603,"canadensis","Pinaceae",63,12,2
18.4,"dead",0.127836305,"canadensis","Pinaceae",63,12,2
13,"dead",0.050937203,"canadensis","Pinaceae",63,13,2
1.4,"alive",0.000263498,"grandifolia","Fagaceae",43,13,2
52.8,"alive",1.913423424,"canadensis","Pinaceae",63,13,2
20.5,"alive",0.169939177,"canadensis","Pinaceae",63,13,2
65.9,"alive",2.936319318,"strobus","Pinaceae",51,13,2
10.5,"dead",0.02888571,"canadensis","Pinaceae",63,13,2
23.7,"alive",0.248575423,"canadensis","Pinaceae",63,13,2
35,"alive",0.681321568,"canadensis","Pinaceae",63,13,2
13.9,"alive",0.080031274,"canadensis","Pinaceae",63,13,2
1.7,"alive",0.000450572,"americana","Rosaceae",62,13,2
1,"alive",0.0000849,"canadensis","Pinaceae",63,13,2
19.3,"alive",0.144990648,"canadensis","Pinaceae",63,13,2
16.6,"alive",0.097390086,"canadensis","Pinaceae",63,13,2
36.9,"alive",0.779615937,"canadensis","Pinaceae",63,13,2
41.2,"alive",0.92223983,"strobus","Pinaceae",51,13,2
11.6,"dead",0.037636006,"canadensis","Pinaceae",63,13,2
33.3,"alive",0.599818267,"canadensis","Pinaceae",63,13,2
15.5,"dead",0.081222688,"canadensis","Pinaceae",63,13,2
5.9,"alive",0.006302998,"canadensis","Pinaceae",63,13,2
24.4,"dead",0.268211984,"canadensis","Pinaceae",63,13,2
11.1,"dead",0.03347933,"canadensis","Pinaceae",63,13,2
24.6,"dead",0.245146525,"strobus","Pinaceae",51,13,2
21.2,"dead",0.185614327,"canadensis","Pinaceae",63,13,2
28.5,"alive",0.401655651,"canadensis","Pinaceae",63,13,2
30.5,"alive",0.478579623,"canadensis","Pinaceae",63,13,2
23.9,"alive",0.25409467,"canadensis","Pinaceae",63,13,2
37.6,"alive",0.817769344,"canadensis","Pinaceae",63,13,2
17.3,"alive",0.264825287,"rubrum","Sapindaceae",31,13,2
1.4,"alive",0.000262763,"verticillata","Aquifoliaceae",9,14,3
1,"alive",0.000124729,"verticillata","Aquifoliaceae",9,14,3
2,"alive",0.000604934,"verticillata","Aquifoliaceae",9,14,3
1.4,"alive",0.000387492,"verticillata","Aquifoliaceae",9,14,3
1.4,"alive",0.000262763,"verticillata","Aquifoliaceae",9,14,3
1.6,"alive",0.000714561,"verticillata","Aquifoliaceae",9,14,3
1.8,"alive",0.000656606,"verticillata","Aquifoliaceae",9,14,3
2.9,"alive",0.004000637,"verticillata","Aquifoliaceae",9,14,3
1.7,"alive",0.000633757,"verticillata","Aquifoliaceae",9,14,3
1.9,"alive",0.000535229,"verticillata","Aquifoliaceae",9,14,3
1,"alive",0.000124729,"verticillata","Aquifoliaceae",9,14,3
3.2,"alive",0.00238175,"verticillata","Aquifoliaceae",9,14,3
1.9,"alive",0.000535229,"verticillata","Aquifoliaceae",9,14,3
1.5,"alive",0.000307736,"verticillata","Aquifoliaceae",9,14,3
2.2,"alive",0.000946786,"verticillata","Aquifoliaceae",9,14,3
2,"alive",0.000758285,"verticillata","Aquifoliaceae",9,14,3
3.1,"alive",0.001773435,"verticillata","Aquifoliaceae",9,14,3
1.1,"alive",0.00015335,"verticillata","Aquifoliaceae",9,14,3
1.8,"alive",0.000470841,"verticillata","Aquifoliaceae",9,14,3
1.9,"alive",0.000535229,"verticillata","Aquifoliaceae",9,14,3
1.8,"alive",0.000470841,"verticillata","Aquifoliaceae",9,14,3
1.4,"alive",0.000262763,"verticillata","Aquifoliaceae",9,14,3
2,"alive",0.000604934,"verticillata","Aquifoliaceae",9,14,3
1.2,"alive",0.000185765,"verticillata","Aquifoliaceae",9,14,3
2,"alive",0.00091267,"verticillata","Aquifoliaceae",9,14,3
1.2,"alive",0.000185765,"verticillata","Aquifoliaceae",9,14,3
1.4,"alive",0.000484933,"verticillata","Aquifoliaceae",9,14,3
1.3,"alive",0.00022217,"verticillata","Aquifoliaceae",9,14,3
1.5,"alive",0.000307736,"verticillata","Aquifoliaceae",9,14,3
1.5,"alive",0.000307736,"verticillata","Aquifoliaceae",9,14,3
2.1,"alive",0.000680138,"verticillata","Aquifoliaceae",9,14,3
1.2,"alive",0.000185765,"verticillata","Aquifoliaceae",9,14,3
1.8,"alive",0.000470841,"verticillata","Aquifoliaceae",9,14,3
1.2,"alive",0.000185765,"verticillata","Aquifoliaceae",9,14,3
1.2,"alive",0.000185765,"verticillata","Aquifoliaceae",9,14,3
1.5,"alive",0.000307736,"verticillata","Aquifoliaceae",9,14,3
1.8,"alive",0.000470841,"verticillata","Aquifoliaceae",9,14,3
1.3,"alive",0.00022217,"verticillata","Aquifoliaceae",9,14,3
1.3,"alive",0.00022217,"verticillata","Aquifoliaceae",9,14,3
1.3,"alive",0.00022217,"verticillata","Aquifoliaceae",9,14,3
2.5,"alive",0.001039519,"verticillata","Aquifoliaceae",9,14,3
2.1,"alive",0.000680138,"verticillata","Aquifoliaceae",9,14,3
2.5,"alive",0.001347255,"verticillata","Aquifoliaceae",9,14,3
1.5,"alive",0.000307736,"verticillata","Aquifoliaceae",9,14,3
1,"alive",0.000124729,"verticillata","Aquifoliaceae",9,14,3
2.1,"alive",0.001409801,"verticillata","Aquifoliaceae",9,14,3
2,"alive",0.000604934,"verticillata","Aquifoliaceae",9,14,3
1.6,"alive",0.00035728,"verticillata","Aquifoliaceae",9,14,3
2.5,"alive",0.001980055,"verticillata","Aquifoliaceae",9,14,3
2,"alive",0.000604934,"verticillata","Aquifoliaceae",9,14,3
2.3,"alive",0.000847761,"verticillata","Aquifoliaceae",9,14,3
1.1,"alive",0.00015335,"verticillata","Aquifoliaceae",9,14,3
1.4,"alive",0.000262763,"verticillata","Aquifoliaceae",9,14,3
1.5,"alive",0.000307736,"verticillata","Aquifoliaceae",9,14,3
2.1,"alive",0.000942901,"verticillata","Aquifoliaceae",9,14,3
1.5,"alive",0.0004935,"verticillata","Aquifoliaceae",9,14,3
1.3,"alive",0.00022217,"verticillata","Aquifoliaceae",9,14,3
1.1,"alive",0.00015335,"verticillata","Aquifoliaceae",9,14,3
1.9,"alive",0.001605687,"verticillata","Aquifoliaceae",9,14,3
1.9,"alive",0.000946815,"verticillata","Aquifoliaceae",9,14,3
1.9,"alive",0.001327897,"verticillata","Aquifoliaceae",9,14,3
1.4,"alive",0.000262763,"verticillata","Aquifoliaceae",9,14,3
2.5,"alive",0.001610017,"verticillata","Aquifoliaceae",9,14,3
1.4,"alive",0.000262763,"verticillata","Aquifoliaceae",9,14,3
3.1,"alive",0.004102262,"verticillata","Aquifoliaceae",9,14,3
2,"alive",0.000604934,"verticillata","Aquifoliaceae",9,14,3
2,"alive",0.000827104,"verticillata","Aquifoliaceae",9,14,3
2,"alive",0.00141489,"verticillata","Aquifoliaceae",9,14,3
1.6,"alive",0.00035728,"verticillata","Aquifoliaceae",9,14,3
1.7,"alive",0.000984843,"verticillata","Aquifoliaceae",9,14,3
1.7,"alive",0.001082284,"verticillata","Aquifoliaceae",9,14,3
1.5,"alive",0.000307736,"verticillata","Aquifoliaceae",9,14,3
1.1,"alive",0.00015335,"verticillata","Aquifoliaceae",9,14,3
1.7,"alive",0.000564937,"verticillata","Aquifoliaceae",9,14,3
1,"alive",0.000124729,"verticillata","Aquifoliaceae",9,14,3
1.9,"alive",0.000535229,"verticillata","Aquifoliaceae",9,14,3
18.6,"alive",0.178587727,"rubrum","Sapindaceae",31,14,3
2.7,"alive",0.00514631,"verticillata","Aquifoliaceae",9,14,3
1.1,"alive",0.00015335,"verticillata","Aquifoliaceae",9,14,3
2,"alive",0.000790699,"verticillata","Aquifoliaceae",9,14,3
2.2,"alive",0.001089817,"corymbosum","Ericaceae",24,14,3
2.5,"alive",0.002035834,"verticillata","Aquifoliaceae",9,14,3
1.9,"alive",0.001256222,"verticillata","Aquifoliaceae",9,14,3
2,"alive",0.000604934,"verticillata","Aquifoliaceae",9,14,3
2.5,"alive",0.001604456,"verticillata","Aquifoliaceae",9,14,3
2,"alive",0.002034933,"verticillata","Aquifoliaceae",9,14,3
2,"alive",0.001263812,"corymbosum","Ericaceae",24,14,3
1.5,"alive",0.000307736,"verticillata","Aquifoliaceae",9,14,3
1.2,"alive",0.000185765,"verticillata","Aquifoliaceae",9,14,3
1.5,"alive",0.000307736,"verticillata","Aquifoliaceae",9,14,3
1,"alive",0.000124729,"verticillata","Aquifoliaceae",9,14,3
2.4,"alive",0.001248271,"verticillata","Aquifoliaceae",9,14,3
1.4,"alive",0.000262763,"verticillata","Aquifoliaceae",9,14,3
1.9,"alive",0.001022788,"corymbosum","Ericaceae",24,14,3
1.3,"alive",0.00022217,"verticillata","Aquifoliaceae",9,14,3
1.6,"alive",0.00035728,"verticillata","Aquifoliaceae",9,14,3
1.7,"alive",0.000411586,"verticillata","Aquifoliaceae",9,14,3
2.1,"alive",0.001765415,"verticillata","Aquifoliaceae",9,14,3
1.5,"alive",0.000307736,"verticillata","Aquifoliaceae",9,14,3
1.1,"alive",0.000306701,"verticillata","Aquifoliaceae",9,14,3
1.5,"alive",0.000307736,"verticillata","Aquifoliaceae",9,14,3
2.4,"alive",0.000940536,"verticillata","Aquifoliaceae",9,14,3
3.4,"alive",0.002237963,"verticillata","Aquifoliaceae",9,14,3
1.9,"alive",0.000720994,"verticillata","Aquifoliaceae",9,14,3
2.4,"alive",0.00250558,"verticillata","Aquifoliaceae",9,14,3
1.9,"alive",0.001071544,"verticillata","Aquifoliaceae",9,14,3
1.9,"alive",0.000813308,"verticillata","Aquifoliaceae",9,14,3
1.1,"alive",0.00015335,"verticillata","Aquifoliaceae",9,14,3
2.7,"alive",0.003895499,"verticillata","Aquifoliaceae",9,14,3
1.9,"alive",0.001230456,"verticillata","Aquifoliaceae",9,14,3
1,"alive",0.000124729,"verticillata","Aquifoliaceae",9,14,3
1.9,"alive",0.000535229,"verticillata","Aquifoliaceae",9,14,3
1.8,"alive",0.001562032,"verticillata","Aquifoliaceae",9,14,3
1.9,"alive",0.000688579,"verticillata","Aquifoliaceae",9,14,3
1.1,"alive",0.00015335,"verticillata","Aquifoliaceae",9,14,3
1.2,"alive",0.000185765,"verticillata","Aquifoliaceae",9,14,3
1.3,"alive",0.00022217,"verticillata","Aquifoliaceae",9,14,3
1.5,"alive",0.000529906,"verticillata","Aquifoliaceae",9,14,3
1.1,"alive",0.00015335,"verticillata","Aquifoliaceae",9,14,3
2.8,"alive",0.003582209,"verticillata","Aquifoliaceae",9,14,3
1.1,"alive",0.00015335,"verticillata","Aquifoliaceae",9,14,3
1.8,"alive",0.000624191,"verticillata","Aquifoliaceae",9,14,3
1.7,"alive",0.000564937,"verticillata","Aquifoliaceae",9,14,3
1.4,"alive",0.000573256,"verticillata","Aquifoliaceae",9,14,3
1.6,"alive",0.00035728,"verticillata","Aquifoliaceae",9,14,3
1.5,"alive",0.000307736,"verticillata","Aquifoliaceae",9,14,3
2.1,"alive",0.001250636,"verticillata","Aquifoliaceae",9,14,3
1.2,"alive",0.000185765,"verticillata","Aquifoliaceae",9,14,3
2.1,"alive",0.002500595,"verticillata","Aquifoliaceae",9,14,3
1.7,"alive",0.000633757,"verticillata","Aquifoliaceae",9,14,3
1.4,"alive",0.000262763,"verticillata","Aquifoliaceae",9,14,3
1.7,"alive",0.000411586,"verticillata","Aquifoliaceae",9,14,3
2.2,"alive",0.002361519,"verticillata","Aquifoliaceae",9,14,3
1.5,"alive",0.000307736,"verticillata","Aquifoliaceae",9,14,3
1.1,"alive",0.00015335,"verticillata","Aquifoliaceae",9,14,3
1,"alive",0.000124729,"verticillata","Aquifoliaceae",9,14,3
2.3,"alive",0.002255333,"verticillata","Aquifoliaceae",9,14,3
1.9,"alive",0.001512552,"verticillata","Aquifoliaceae",9,14,3
1.3,"alive",0.00022217,"verticillata","Aquifoliaceae",9,14,3
1.7,"alive",0.000896519,"verticillata","Aquifoliaceae",9,14,3
1.8,"alive",0.000733603,"verticillata","Aquifoliaceae",9,14,3
1.8,"alive",0.000470841,"verticillata","Aquifoliaceae",9,14,3
1.4,"alive",0.000448527,"verticillata","Aquifoliaceae",9,14,3
1.2,"alive",0.000185765,"verticillata","Aquifoliaceae",9,14,3
1.3,"alive",0.000375521,"verticillata","Aquifoliaceae",9,14,3
7.5,"dead",0.021564779,"alleghaniensis","Betulaceae",34,14,3
1.1,"alive",0.00015335,"verticillata","Aquifoliaceae",9,14,3
2.8,"alive",0.002428915,"verticillata","Aquifoliaceae",9,14,3
1,"alive",0.000124729,"verticillata","Aquifoliaceae",9,14,3
1,"alive",0.000124729,"verticillata","Aquifoliaceae",9,14,3
2,"alive",0.001432634,"verticillata","Aquifoliaceae",9,14,3
2,"alive",0.001021047,"verticillata","Aquifoliaceae",9,14,3
1.3,"alive",0.00022217,"verticillata","Aquifoliaceae",9,14,3
1.7,"alive",0.001293747,"verticillata","Aquifoliaceae",9,14,3
1.5,"alive",0.000307736,"verticillata","Aquifoliaceae",9,14,3
1.4,"alive",0.000262763,"verticillata","Aquifoliaceae",9,14,3
1.9,"alive",0.000535229,"verticillata","Aquifoliaceae",9,14,3
3,"alive",0.0016336,"verticillata","Aquifoliaceae",9,14,3
2.6,"alive",0.001367055,"verticillata","Aquifoliaceae",9,14,3
2.1,"alive",0.000680138,"verticillata","Aquifoliaceae",9,14,3
1.2,"alive",0.000205781,"melanocarpa","Rosaceae",2,14,3
1.4,"alive",0.000296905,"dentatum","Adoxaceae",29,14,3
2.1,"alive",0.000680138,"verticillata","Aquifoliaceae",9,14,3
2.4,"alive",0.000940536,"verticillata","Aquifoliaceae",9,14,3
1.1,"alive",0.00015335,"verticillata","Aquifoliaceae",9,14,3
1.5,"alive",0.000570498,"verticillata","Aquifoliaceae",9,14,3
2.6,"alive",0.001144885,"verticillata","Aquifoliaceae",9,14,3
1.2,"alive",0.000185765,"verticillata","Aquifoliaceae",9,14,3
2.6,"alive",0.001779177,"verticillata","Aquifoliaceae",9,14,3
1.8,"alive",0.000470841,"verticillata","Aquifoliaceae",9,14,3
1.7,"alive",0.000633757,"verticillata","Aquifoliaceae",9,14,3
1.3,"alive",0.00022217,"verticillata","Aquifoliaceae",9,14,3
1,"alive",0.000124729,"verticillata","Aquifoliaceae",9,14,3
2.7,"alive",0.003599011,"verticillata","Aquifoliaceae",9,14,3
1.5,"alive",0.000307736,"verticillata","Aquifoliaceae",9,14,3
1.5,"alive",0.000307736,"verticillata","Aquifoliaceae",9,14,3
1.5,"alive",0.000307736,"verticillata","Aquifoliaceae",9,14,3
1,"alive",0.000124729,"verticillata","Aquifoliaceae",9,14,3
2.1,"alive",0.001354487,"verticillata","Aquifoliaceae",9,14,3
1.3,"alive",0.00022217,"verticillata","Aquifoliaceae",9,14,3
1.2,"alive",0.000185765,"verticillata","Aquifoliaceae",9,14,3
1.1,"alive",0.00015335,"verticillata","Aquifoliaceae",9,14,3
1.6,"alive",0.001235514,"verticillata","Aquifoliaceae",9,14,3
2.5,"alive",0.00344721,"verticillata","Aquifoliaceae",9,14,3
1.8,"alive",0.000470841,"verticillata","Aquifoliaceae",9,14,3
2.9,"alive",0.001654346,"verticillata","Aquifoliaceae",9,14,3
1.1,"alive",0.00015335,"verticillata","Aquifoliaceae",9,14,3
1.1,"alive",0.00015335,"verticillata","Aquifoliaceae",9,14,3
2.2,"alive",0.001365955,"verticillata","Aquifoliaceae",9,14,3
1,"alive",0.000124729,"verticillata","Aquifoliaceae",9,14,3
1.9,"alive",0.000797991,"verticillata","Aquifoliaceae",9,14,3
1.1,"alive",0.00015335,"verticillata","Aquifoliaceae",9,14,3
1.5,"alive",0.000307736,"verticillata","Aquifoliaceae",9,14,3
1.5,"alive",0.000307736,"verticillata","Aquifoliaceae",9,14,3
1.6,"alive",0.00035728,"verticillata","Aquifoliaceae",9,14,3
2.4,"alive",0.001065265,"verticillata","Aquifoliaceae",9,14,3
1,"alive",0.000124729,"verticillata","Aquifoliaceae",9,14,3
1.3,"alive",0.00022217,"verticillata","Aquifoliaceae",9,14,3
1.1,"alive",0.00015335,"verticillata","Aquifoliaceae",9,14,3
1,"alive",0.000140936,"dentatum","Adoxaceae",29,14,3
1.4,"alive",0.000262763,"verticillata","Aquifoliaceae",9,14,3
1.6,"alive",0.00035728,"verticillata","Aquifoliaceae",9,14,3
1.1,"alive",0.000169874,"melanocarpa","Rosaceae",2,14,3
1.1,"alive",0.00015335,"verticillata","Aquifoliaceae",9,14,3
1.1,"alive",0.00015335,"verticillata","Aquifoliaceae",9,14,3
1.5,"alive",0.000307736,"verticillata","Aquifoliaceae",9,14,3
2.7,"alive",0.001256806,"verticillata","Aquifoliaceae",9,14,3
1.5,"alive",0.000683256,"verticillata","Aquifoliaceae",9,14,3
1.4,"alive",0.000262763,"verticillata","Aquifoliaceae",9,14,3
1.9,"alive",0.000535229,"verticillata","Aquifoliaceae",9,14,3
2,"alive",0.001560708,"verticillata","Aquifoliaceae",9,14,3
1.4,"alive",0.000262763,"verticillata","Aquifoliaceae",9,14,3
1.6,"alive",0.000972751,"verticillata","Aquifoliaceae",9,14,3
1,"alive",0.000124729,"verticillata","Aquifoliaceae",9,14,3
2.2,"alive",0.000761021,"verticillata","Aquifoliaceae",9,14,3
1.6,"alive",0.000510631,"verticillata","Aquifoliaceae",9,14,3
2.9,"alive",0.002819597,"verticillata","Aquifoliaceae",9,14,3
1.5,"alive",0.000307736,"verticillata","Aquifoliaceae",9,14,3
2.3,"alive",0.000847761,"verticillata","Aquifoliaceae",9,14,3
1.6,"alive",0.00035728,"verticillata","Aquifoliaceae",9,14,3
1.5,"alive",0.000756263,"verticillata","Aquifoliaceae",9,14,3
1.2,"alive",0.000185765,"verticillata","Aquifoliaceae",9,14,3
2,"alive",0.000604934,"verticillata","Aquifoliaceae",9,14,3
1.6,"alive",0.000579451,"verticillata","Aquifoliaceae",9,14,3
2,"alive",0.000604934,"verticillata","Aquifoliaceae",9,14,3
1.3,"alive",0.00022217,"verticillata","Aquifoliaceae",9,14,3
1.5,"alive",0.000307736,"verticillata","Aquifoliaceae",9,14,3
2.8,"alive",0.002947636,"verticillata","Aquifoliaceae",9,14,3
1.6,"alive",0.00035728,"verticillata","Aquifoliaceae",9,14,3
2.1,"alive",0.000680138,"verticillata","Aquifoliaceae",9,14,3
2.7,"alive",0.001738816,"verticillata","Aquifoliaceae",9,14,3
2,"alive",0.00200786,"verticillata","Aquifoliaceae",9,14,3
16.2,"alive",0.117731654,"rubrum","Sapindaceae",31,14,3
1.9,"alive",0.001873559,"verticillata","Aquifoliaceae",9,14,3
2.1,"alive",0.000680138,"verticillata","Aquifoliaceae",9,14,3
1.6,"alive",0.000482009,"verticillata","Aquifoliaceae",9,14,3
2,"alive",0.001037399,"verticillata","Aquifoliaceae",9,14,3
1.5,"alive",0.000654635,"verticillata","Aquifoliaceae",9,14,3
2.7,"alive",0.001256806,"verticillata","Aquifoliaceae",9,14,3
1.6,"alive",0.00063536,"verticillata","Aquifoliaceae",9,14,3
1.1,"alive",0.00015335,"verticillata","Aquifoliaceae",9,14,3
2.2,"alive",0.001118302,"verticillata","Aquifoliaceae",9,14,3
2.2,"alive",0.00179842,"verticillata","Aquifoliaceae",9,14,3
1.7,"alive",0.000411586,"verticillata","Aquifoliaceae",9,14,3
1.9,"alive",0.000535229,"verticillata","Aquifoliaceae",9,14,3
2.2,"alive",0.000761021,"verticillata","Aquifoliaceae",9,14,3
1.8,"alive",0.000470841,"verticillata","Aquifoliaceae",9,14,3
1.5,"alive",0.000878234,"verticillata","Aquifoliaceae",9,14,3
1.4,"alive",0.000484933,"verticillata","Aquifoliaceae",9,14,3
2.2,"alive",0.000946786,"verticillata","Aquifoliaceae",9,14,3
2.4,"alive",0.000940536,"verticillata","Aquifoliaceae",9,14,3
1.5,"alive",0.000307736,"verticillata","Aquifoliaceae",9,14,3
2,"alive",0.000604934,"verticillata","Aquifoliaceae",9,14,3
2.9,"alive",0.001500995,"verticillata","Aquifoliaceae",9,14,3
1.7,"alive",0.000905087,"verticillata","Aquifoliaceae",9,14,3
40.5,"dead",0.883206734,"strobus","Pinaceae",51,14,3
1.2,"alive",0.000185765,"verticillata","Aquifoliaceae",9,14,3
2.5,"alive",0.003756707,"verticillata","Aquifoliaceae",9,14,3
2.2,"alive",0.00195873,"corymbosum","Ericaceae",24,14,3
1.8,"alive",0.000470841,"verticillata","Aquifoliaceae",9,14,3
1.5,"alive",0.000307736,"verticillata","Aquifoliaceae",9,14,3
2.1,"alive",0.001637483,"verticillata","Aquifoliaceae",9,14,3
2.8,"alive",0.002520338,"verticillata","Aquifoliaceae",9,14,3
1.1,"alive",0.00015335,"verticillata","Aquifoliaceae",9,14,3
1.5,"alive",0.000307736,"verticillata","Aquifoliaceae",9,14,3
1,"alive",0.000124729,"verticillata","Aquifoliaceae",9,14,3
2.9,"alive",0.003398677,"verticillata","Aquifoliaceae",9,14,3
1.1,"alive",0.00015335,"verticillata","Aquifoliaceae",9,14,3
1.9,"alive",0.000535229,"verticillata","Aquifoliaceae",9,14,3
1,"alive",0.000124729,"verticillata","Aquifoliaceae",9,14,3
1.3,"alive",0.00022217,"verticillata","Aquifoliaceae",9,14,3
1.3,"alive",0.00022217,"verticillata","Aquifoliaceae",9,14,3
1.5,"alive",0.001028822,"verticillata","Aquifoliaceae",9,14,3
1.1,"alive",0.000173276,"acerfolium","Adoxaceae",26,14,3
3.9,"alive",0.005122218,"verticillata","Aquifoliaceae",9,14,3
2.1,"alive",0.000902308,"verticillata","Aquifoliaceae",9,14,3
2,"alive",0.000729663,"verticillata","Aquifoliaceae",9,14,3
1.8,"alive",0.000934685,"verticillata","Aquifoliaceae",9,14,3
3.3,"alive",0.002075453,"verticillata","Aquifoliaceae",9,14,3
2.7,"alive",0.001410157,"verticillata","Aquifoliaceae",9,14,3
1.1,"alive",0.00015335,"verticillata","Aquifoliaceae",9,14,3
1.6,"alive",0.00035728,"verticillata","Aquifoliaceae",9,14,3
2,"alive",0.000729663,"verticillata","Aquifoliaceae",9,14,3
2.2,"alive",0.000843553,"corymbosum","Ericaceae",24,14,3
1.7,"alive",0.000411586,"verticillata","Aquifoliaceae",9,14,3
2.8,"alive",0.002571697,"verticillata","Aquifoliaceae",9,14,3
2,"alive",0.00126995,"verticillata","Aquifoliaceae",9,14,3
1.4,"alive",0.000262763,"verticillata","Aquifoliaceae",9,14,3
1.5,"alive",0.000570498,"verticillata","Aquifoliaceae",9,14,3
1.5,"alive",0.000683256,"verticillata","Aquifoliaceae",9,14,3
1.1,"alive",0.000306701,"verticillata","Aquifoliaceae",9,14,3
2.1,"alive",0.000865903,"verticillata","Aquifoliaceae",9,14,3
2.5,"alive",0.001039519,"verticillata","Aquifoliaceae",9,14,3
3.2,"alive",0.002405597,"verticillata","Aquifoliaceae",9,14,3
1.6,"alive",0.00035728,"verticillata","Aquifoliaceae",9,14,3
2,"alive",0.000604934,"verticillata","Aquifoliaceae",9,14,3
1.1,"alive",0.00015335,"verticillata","Aquifoliaceae",9,14,3
2.4,"alive",0.001251029,"verticillata","Aquifoliaceae",9,14,3
1.2,"alive",0.000209903,"dentatum","Adoxaceae",29,14,3
1.4,"alive",0.000540842,"verticillata","Aquifoliaceae",9,14,3
1.5,"alive",0.000570498,"verticillata","Aquifoliaceae",9,14,3
1.2,"alive",0.000185765,"verticillata","Aquifoliaceae",9,14,3
1.9,"alive",0.000535229,"verticillata","Aquifoliaceae",9,14,3
1.2,"alive",0.000185765,"verticillata","Aquifoliaceae",9,14,3
1.4,"alive",0.00105105,"verticillata","Aquifoliaceae",9,14,3
2,"alive",0.000867697,"verticillata","Aquifoliaceae",9,14,3
1.2,"alive",0.000185765,"verticillata","Aquifoliaceae",9,14,3
1,"alive",0.000124729,"verticillata","Aquifoliaceae",9,14,3
1.9,"alive",0.00100607,"verticillata","Aquifoliaceae",9,14,3
1.3,"alive",0.000528871,"verticillata","Aquifoliaceae",9,14,3
1.8,"alive",0.00186727,"verticillata","Aquifoliaceae",9,14,3
1.4,"alive",0.000262763,"verticillata","Aquifoliaceae",9,14,3
1.2,"alive",0.000209903,"cassinoides","Adoxaceae",28,14,3
2.1,"alive",0.000902308,"verticillata","Aquifoliaceae",9,14,3
2.2,"alive",0.002950863,"verticillata","Aquifoliaceae",9,14,3
14.9,"alive",0.105880339,"alleghaniensis","Betulaceae",34,14,3
1.5,"alive",0.000307736,"verticillata","Aquifoliaceae",9,14,3
1.9,"alive",0.000659958,"verticillata","Aquifoliaceae",9,14,3
1.1,"alive",0.000169981,"corymbosum","Ericaceae",24,14,3
1.2,"alive",0.000185765,"verticillata","Aquifoliaceae",9,14,3
1.6,"alive",0.00063536,"verticillata","Aquifoliaceae",9,14,3
1.1,"alive",0.00015335,"verticillata","Aquifoliaceae",9,14,3
1,"alive",0.000124729,"verticillata","Aquifoliaceae",9,14,3
1.1,"alive",0.00015335,"verticillata","Aquifoliaceae",9,14,3
1.1,"alive",0.00015335,"verticillata","Aquifoliaceae",9,14,3
1.7,"alive",0.000411586,"verticillata","Aquifoliaceae",9,14,3
1,"alive",0.000249458,"verticillata","Aquifoliaceae",9,14,3
1.1,"alive",0.00015335,"verticillata","Aquifoliaceae",9,14,3
1,"alive",0.000124729,"verticillata","Aquifoliaceae",9,14,3
1.2,"alive",0.000185765,"verticillata","Aquifoliaceae",9,14,3
1.6,"alive",0.00035728,"verticillata","Aquifoliaceae",9,14,3
2.3,"alive",0.00125057,"verticillata","Aquifoliaceae",9,14,3
1.7,"alive",0.000411586,"verticillata","Aquifoliaceae",9,14,3
1.5,"alive",0.000307736,"verticillata","Aquifoliaceae",9,14,3
1.5,"alive",0.000307736,"verticillata","Aquifoliaceae",9,14,3
1.6,"alive",0.000663981,"verticillata","Aquifoliaceae",9,14,3
2,"alive",0.000758285,"verticillata","Aquifoliaceae",9,14,3
1.2,"alive",0.000463844,"verticillata","Aquifoliaceae",9,14,3
1.2,"alive",0.000185765,"verticillata","Aquifoliaceae",9,14,3
1.3,"alive",0.000451889,"melanocarpa","Rosaceae",2,14,3
1.9,"alive",0.000535229,"verticillata","Aquifoliaceae",9,14,3
1.9,"alive",0.000842964,"verticillata","Aquifoliaceae",9,14,3
1.5,"alive",0.0004935,"verticillata","Aquifoliaceae",9,14,3
2.7,"alive",0.001256806,"verticillata","Aquifoliaceae",9,14,3
2.5,"alive",0.002091954,"corymbosum","Ericaceae",24,14,3
1.7,"alive",0.000411586,"verticillata","Aquifoliaceae",9,14,3
2.7,"alive",0.00186174,"verticillata","Aquifoliaceae",9,14,3
1.3,"alive",0.00022217,"verticillata","Aquifoliaceae",9,14,3
1.7,"alive",0.000411586,"verticillata","Aquifoliaceae",9,14,3
1.8,"alive",0.00095285,"verticillata","Aquifoliaceae",9,14,3
2.6,"alive",0.00263667,"verticillata","Aquifoliaceae",9,14,3
1.5,"alive",0.000307736,"verticillata","Aquifoliaceae",9,14,3
2,"alive",0.001779815,"corymbosum","Ericaceae",24,14,3
2,"alive",0.001966299,"corymbosum","Ericaceae",24,14,3
1.8,"alive",0.00059557,"verticillata","Aquifoliaceae",9,14,3
1.1,"alive",0.000306701,"verticillata","Aquifoliaceae",9,14,3
1.9,"alive",0.00100607,"verticillata","Aquifoliaceae",9,14,3
3.1,"alive",0.007700563,"verticillata","Aquifoliaceae",9,14,3
27.9,"dead",0.340104008,"strobus","Pinaceae",51,14,3
2.4,"alive",0.001547274,"verticillata","Aquifoliaceae",9,14,3
1.2,"alive",0.000339115,"verticillata","Aquifoliaceae",9,14,3
1.1,"alive",0.00015335,"verticillata","Aquifoliaceae",9,14,3
1.1,"alive",0.00015335,"verticillata","Aquifoliaceae",9,14,3
1.5,"alive",0.000307736,"verticillata","Aquifoliaceae",9,14,3
2,"alive",0.000604934,"verticillata","Aquifoliaceae",9,14,3
2.9,"alive",0.003104407,"verticillata","Aquifoliaceae",9,14,3
1.1,"alive",0.000173276,"cassinoides","Adoxaceae",28,14,3
2.3,"alive",0.001155497,"verticillata","Aquifoliaceae",9,14,3
2,"alive",0.000758285,"verticillata","Aquifoliaceae",9,14,3
1.1,"alive",0.00015335,"verticillata","Aquifoliaceae",9,14,3
1.9,"alive",0.000535229,"verticillata","Aquifoliaceae",9,14,3
2.1,"alive",0.002043357,"verticillata","Aquifoliaceae",9,14,3
1.1,"alive",0.00015335,"verticillata","Aquifoliaceae",9,14,3
2.2,"alive",0.00088575,"verticillata","Aquifoliaceae",9,14,3
1.6,"alive",0.00070418,"verticillata","Aquifoliaceae",9,14,3
1.5,"alive",0.000307736,"verticillata","Aquifoliaceae",9,14,3
1.4,"alive",0.000262763,"verticillata","Aquifoliaceae",9,14,3
1.2,"alive",0.000185765,"verticillata","Aquifoliaceae",9,14,3
1.2,"alive",0.000185765,"verticillata","Aquifoliaceae",9,14,3
1.1,"alive",0.00015335,"verticillata","Aquifoliaceae",9,14,3
1.8,"alive",0.001066411,"verticillata","Aquifoliaceae",9,14,3
8.2,"dead",0.013417559,"strobus","Pinaceae",51,14,3
1.7,"alive",0.000411586,"verticillata","Aquifoliaceae",9,14,3
1.3,"alive",0.00022217,"verticillata","Aquifoliaceae",9,14,3
2.6,"alive",0.002967848,"verticillata","Aquifoliaceae",9,14,3
1.4,"alive",0.000525525,"verticillata","Aquifoliaceae",9,14,3
2.1,"alive",0.000942901,"verticillata","Aquifoliaceae",9,14,3
1.5,"alive",0.000307736,"verticillata","Aquifoliaceae",9,14,3
1,"alive",0.000124729,"verticillata","Aquifoliaceae",9,14,3
3.8,"alive",0.002333548,"incana","Betulaceae",1,14,3
2.1,"alive",0.000680138,"verticillata","Aquifoliaceae",9,14,3
2,"alive",0.001089867,"verticillata","Aquifoliaceae",9,14,3
1.8,"alive",0.00059557,"verticillata","Aquifoliaceae",9,14,3
1.4,"alive",0.000416113,"verticillata","Aquifoliaceae",9,14,3
2.6,"alive",0.001046052,"incana","Betulaceae",1,14,3
1,"alive",0.000124729,"verticillata","Aquifoliaceae",9,14,3
2.1,"alive",0.001340096,"verticillata","Aquifoliaceae",9,14,3
1.8,"alive",0.000413138,"rubrum","Sapindaceae",31,14,3
1.7,"alive",0.000456223,"corymbosum","Ericaceae",24,14,3
1.4,"alive",0.000262763,"verticillata","Aquifoliaceae",9,14,3
2.4,"alive",0.000940536,"verticillata","Aquifoliaceae",9,14,3
2.3,"alive",0.000847761,"verticillata","Aquifoliaceae",9,14,3
1,"alive",0.000124729,"verticillata","Aquifoliaceae",9,14,3
2.8,"alive",0.00463815,"verticillata","Aquifoliaceae",9,14,3
2.3,"alive",0.001452696,"verticillata","Aquifoliaceae",9,14,3
1,"alive",0.000138256,"corymbosum","Ericaceae",24,14,3
15,"dead",0.10777465,"alleghaniensis","Betulaceae",34,14,3
2.8,"alive",0.002368173,"corymbosum","Ericaceae",24,14,3
6.3,"alive",0.009652169,"rubrum","Sapindaceae",31,14,3
1,"alive",0.000138256,"corymbosum","Ericaceae",24,14,3
1.2,"alive",0.000185765,"verticillata","Aquifoliaceae",9,14,3
1.4,"alive",0.000448527,"verticillata","Aquifoliaceae",9,14,3
1.4,"alive",0.000262763,"verticillata","Aquifoliaceae",9,14,3
1,"alive",0.000124729,"verticillata","Aquifoliaceae",9,14,3
1.7,"alive",0.000411586,"verticillata","Aquifoliaceae",9,14,3
1.1,"alive",0.00015335,"verticillata","Aquifoliaceae",9,14,3
1.2,"alive",0.000185765,"verticillata","Aquifoliaceae",9,14,3
1.6,"alive",0.000510631,"verticillata","Aquifoliaceae",9,14,3
1.1,"alive",0.00015335,"verticillata","Aquifoliaceae",9,14,3
13.8,"dead",0.053404792,"strobus","Pinaceae",51,14,3
1.9,"alive",0.000943164,"verticillata","Aquifoliaceae",9,14,3
1.8,"alive",0.000470841,"verticillata","Aquifoliaceae",9,14,3
5.3,"dead",0.009208474,"rubrum","Sapindaceae",31,14,3
6.4,"dead",0.006980118,"strobus","Pinaceae",51,14,3
1.9,"alive",0.000720994,"verticillata","Aquifoliaceae",9,14,3
1.1,"alive",0.00015335,"verticillata","Aquifoliaceae",9,14,3
1.2,"alive",0.000185765,"verticillata","Aquifoliaceae",9,14,3
2.1,"alive",0.001359014,"verticillata","Aquifoliaceae",9,14,3
1.4,"alive",0.000262763,"verticillata","Aquifoliaceae",9,14,3
1.1,"alive",0.00015335,"verticillata","Aquifoliaceae",9,14,3
1.1,"alive",0.00015335,"verticillata","Aquifoliaceae",9,14,3
1.5,"alive",0.000307736,"verticillata","Aquifoliaceae",9,14,3
1.2,"alive",0.000185765,"verticillata","Aquifoliaceae",9,14,3
1.6,"alive",0.000482009,"verticillata","Aquifoliaceae",9,14,3
1.9,"alive",0.000535229,"verticillata","Aquifoliaceae",9,14,3
1.1,"alive",0.00015335,"verticillata","Aquifoliaceae",9,14,3
2.6,"alive",0.00168793,"verticillata","Aquifoliaceae",9,14,3
3,"alive",0.00753158,"mucronatus","Aquifoliaceae",16,14,3
1.4,"alive",0.000262763,"verticillata","Aquifoliaceae",9,14,3
1.4,"alive",0.000262763,"verticillata","Aquifoliaceae",9,14,3
1.2,"alive",0.000375892,"corymbosum","Ericaceae",24,14,3
1.7,"alive",0.000411586,"verticillata","Aquifoliaceae",9,14,3
2.4,"alive",0.001042536,"corymbosum","Ericaceae",24,14,3
15.2,"dead",0.111625626,"alleghaniensis","Betulaceae",34,14,3
1.4,"alive",0.000262763,"verticillata","Aquifoliaceae",9,14,3
1.1,"alive",0.00015335,"verticillata","Aquifoliaceae",9,14,3
1.1,"alive",0.00015335,"verticillata","Aquifoliaceae",9,14,3
1.1,"alive",0.00015335,"verticillata","Aquifoliaceae",9,14,3
1,"alive",0.000124729,"verticillata","Aquifoliaceae",9,14,3
2.3,"alive",0.000847761,"verticillata","Aquifoliaceae",9,14,3
1.7,"alive",0.000564937,"verticillata","Aquifoliaceae",9,14,3
1.4,"alive",0.000262763,"verticillata","Aquifoliaceae",9,14,3
1.9,"alive",0.000535229,"verticillata","Aquifoliaceae",9,14,3
1,"alive",0.000124729,"verticillata","Aquifoliaceae",9,14,3
1,"alive",0.000124729,"verticillata","Aquifoliaceae",9,14,3
2.2,"alive",0.00165353,"verticillata","Aquifoliaceae",9,14,3
2.5,"alive",0.001039519,"verticillata","Aquifoliaceae",9,14,3
1,"alive",0.000249458,"verticillata","Aquifoliaceae",9,14,3
2.4,"alive",0.001513792,"verticillata","Aquifoliaceae",9,14,3
23.8,"dead",0.224870596,"strobus","Pinaceae",51,14,3
1,"alive",0.000249458,"verticillata","Aquifoliaceae",9,14,3
2.4,"alive",0.001042536,"corymbosum","Ericaceae",24,14,3
2,"alive",0.000867697,"verticillata","Aquifoliaceae",9,14,3
1.1,"alive",0.00015335,"verticillata","Aquifoliaceae",9,14,3
1.4,"alive",0.000262763,"verticillata","Aquifoliaceae",9,14,3
2.3,"alive",0.000743866,"rubrum","Sapindaceae",31,14,3
1.2,"alive",0.000185765,"verticillata","Aquifoliaceae",9,14,3
2.7,"alive",0.001875528,"corymbosum","Ericaceae",24,14,3
1.5,"alive",0.000307736,"verticillata","Aquifoliaceae",9,14,3
2,"alive",0.001487062,"verticillata","Aquifoliaceae",9,14,3
1,"alive",0.000124729,"verticillata","Aquifoliaceae",9,14,3
1.1,"alive",0.00015335,"verticillata","Aquifoliaceae",9,14,3
2.2,"alive",0.000983191,"verticillata","Aquifoliaceae",9,14,3
3.6,"alive",0.008601084,"corymbosum","Ericaceae",24,14,3
22.6,"dead",0.19640272,"strobus","Pinaceae",51,14,3
10.3,"dead",0.024558506,"strobus","Pinaceae",51,14,3
9.2,"dead",0.028778334,"unknown","Betulaceae",68,15,3
2.2,"alive",0.002056631,"verticillata","Aquifoliaceae",9,15,3
2.5,"alive",0.002942398,"verticillata","Aquifoliaceae",9,15,3
3.7,"alive",0.008412986,"corymbosum","Ericaceae",24,15,3
1.8,"alive",0.00059557,"mucronatus","Aquifoliaceae",16,15,3
1.7,"alive",0.000689666,"verticillata","Aquifoliaceae",9,15,3
2,"alive",0.0017973,"corymbosum","Ericaceae",24,15,3
1.7,"alive",0.000674349,"verticillata","Aquifoliaceae",9,15,3
1.5,"alive",0.000307736,"verticillata","Aquifoliaceae",9,15,3
3,"alive",0.006689941,"verticillata","Aquifoliaceae",9,15,3
2.1,"alive",0.000680138,"verticillata","Aquifoliaceae",9,15,3
2.1,"alive",0.001368718,"verticillata","Aquifoliaceae",9,15,3
2.8,"alive",0.002414972,"verticillata","Aquifoliaceae",9,15,3
2.9,"alive",0.001625724,"verticillata","Aquifoliaceae",9,15,3
10.8,"dead",0.044043649,"unknown","Betulaceae",68,15,3
1.8,"alive",0.000470841,"verticillata","Aquifoliaceae",9,15,3
1.7,"alive",0.000633757,"verticillata","Aquifoliaceae",9,15,3
1.7,"alive",0.000411586,"verticillata","Aquifoliaceae",9,15,3
1.4,"alive",0.000262763,"verticillata","Aquifoliaceae",9,15,3
1.6,"alive",0.00035728,"verticillata","Aquifoliaceae",9,15,3
19.3,"dead",0.209854885,"alleghaniensis","Betulaceae",34,15,3
16.1,"dead",0.089817668,"canadensis","Pinaceae",63,15,3
1.2,"alive",0.000463844,"verticillata","Aquifoliaceae",9,15,3
1.4,"alive",0.000262763,"verticillata","Aquifoliaceae",9,15,3
1,"alive",0.000124729,"verticillata","Aquifoliaceae",9,15,3
1.2,"alive",0.000185765,"verticillata","Aquifoliaceae",9,15,3
19.2,"dead",0.127964773,"strobus","Pinaceae",51,15,3
1.2,"alive",0.000185765,"verticillata","Aquifoliaceae",9,15,3
1.3,"alive",0.00022217,"verticillata","Aquifoliaceae",9,15,3
1.1,"alive",0.00015335,"verticillata","Aquifoliaceae",9,15,3
1.5,"alive",0.000570498,"verticillata","Aquifoliaceae",9,15,3
1.4,"alive",0.000262763,"verticillata","Aquifoliaceae",9,15,3
45,"dead",1.658890251,"rubrum","Sapindaceae",31,15,3
1.1,"alive",0.000306701,"verticillata","Aquifoliaceae",9,15,3
1,"alive",0.000124729,"verticillata","Aquifoliaceae",9,15,3
1.6,"alive",0.00035728,"verticillata","Aquifoliaceae",9,15,3
2.3,"alive",0.000847761,"verticillata","Aquifoliaceae",9,15,3
1.1,"alive",0.00015335,"verticillata","Aquifoliaceae",9,15,3
1.1,"alive",0.00015335,"verticillata","Aquifoliaceae",9,15,3
1.1,"alive",0.00015335,"verticillata","Aquifoliaceae",9,15,3
1.6,"alive",0.00035728,"verticillata","Aquifoliaceae",9,15,3
1.1,"alive",0.00015335,"verticillata","Aquifoliaceae",9,15,3
1.1,"alive",0.00015335,"verticillata","Aquifoliaceae",9,15,3
1.2,"alive",0.000310494,"verticillata","Aquifoliaceae",9,15,3
1.7,"alive",0.000411586,"verticillata","Aquifoliaceae",9,15,3
1.6,"alive",0.000665016,"verticillata","Aquifoliaceae",9,15,3
1.4,"alive",0.000262763,"verticillata","Aquifoliaceae",9,15,3
1.5,"alive",0.000307736,"verticillata","Aquifoliaceae",9,15,3
1.1,"alive",0.00015335,"verticillata","Aquifoliaceae",9,15,3
1.1,"alive",0.00015335,"verticillata","Aquifoliaceae",9,15,3
1,"alive",0.000124729,"verticillata","Aquifoliaceae",9,15,3
1.6,"alive",0.00035728,"verticillata","Aquifoliaceae",9,15,3
1.2,"alive",0.000185765,"verticillata","Aquifoliaceae",9,15,3
1.3,"alive",0.00022217,"verticillata","Aquifoliaceae",9,15,3
1.5,"alive",0.000307736,"verticillata","Aquifoliaceae",9,15,3
1.2,"alive",0.000339115,"verticillata","Aquifoliaceae",9,15,3
1.3,"alive",0.00022217,"verticillata","Aquifoliaceae",9,15,3
1.6,"alive",0.00035728,"verticillata","Aquifoliaceae",9,15,3
1.3,"alive",0.00022217,"verticillata","Aquifoliaceae",9,15,3
1.1,"alive",0.00015335,"verticillata","Aquifoliaceae",9,15,3
16.6,"dead",0.137262819,"unk_hardwood","Unknown",71,15,3
27.2,"alive",0.458885853,"rubrum","Sapindaceae",31,15,3
1.6,"alive",0.000696396,"verticillata","Aquifoliaceae",9,15,3
1.6,"alive",0.000765215,"verticillata","Aquifoliaceae",9,15,3
1.5,"alive",0.000570498,"verticillata","Aquifoliaceae",9,15,3
1.5,"alive",0.000307736,"verticillata","Aquifoliaceae",9,15,3
1.2,"alive",0.000185765,"verticillata","Aquifoliaceae",9,15,3
1.3,"alive",0.00022217,"verticillata","Aquifoliaceae",9,15,3
1.8,"alive",0.00081774,"verticillata","Aquifoliaceae",9,15,3
1.7,"alive",0.000633757,"verticillata","Aquifoliaceae",9,15,3
1,"alive",0.000124729,"verticillata","Aquifoliaceae",9,15,3
1.7,"alive",0.001561535,"verticillata","Aquifoliaceae",9,15,3
1,"alive",0.000249458,"verticillata","Aquifoliaceae",9,15,3
1.3,"alive",0.00022217,"verticillata","Aquifoliaceae",9,15,3
2,"alive",0.000604934,"verticillata","Aquifoliaceae",9,15,3
1.4,"alive",0.000484933,"verticillata","Aquifoliaceae",9,15,3
1.4,"alive",0.000416113,"verticillata","Aquifoliaceae",9,15,3
1.2,"alive",0.000310494,"verticillata","Aquifoliaceae",9,15,3
1.4,"alive",0.001098136,"verticillata","Aquifoliaceae",9,15,3
1.6,"alive",0.000579451,"verticillata","Aquifoliaceae",9,15,3
1.4,"alive",0.000512221,"verticillata","Aquifoliaceae",9,15,3
1.3,"alive",0.000375521,"verticillata","Aquifoliaceae",9,15,3
1.2,"alive",0.000185765,"verticillata","Aquifoliaceae",9,15,3
1.5,"alive",0.000307736,"verticillata","Aquifoliaceae",9,15,3
1.3,"alive",0.00022217,"verticillata","Aquifoliaceae",9,15,3
1.4,"alive",0.000262763,"verticillata","Aquifoliaceae",9,15,3
1.1,"alive",0.00015335,"verticillata","Aquifoliaceae",9,15,3
1.4,"alive",0.000787642,"verticillata","Aquifoliaceae",9,15,3
1.6,"alive",0.00035728,"verticillata","Aquifoliaceae",9,15,3
1.3,"alive",0.00022217,"verticillata","Aquifoliaceae",9,15,3
1.6,"alive",0.000842213,"verticillata","Aquifoliaceae",9,15,3
1.2,"alive",0.000185765,"verticillata","Aquifoliaceae",9,15,3
1.3,"alive",0.00022217,"verticillata","Aquifoliaceae",9,15,3
1,"alive",0.000124729,"verticillata","Aquifoliaceae",9,15,3
1.3,"alive",0.00022217,"verticillata","Aquifoliaceae",9,15,3
1.2,"alive",0.000185765,"verticillata","Aquifoliaceae",9,15,3
1.4,"alive",0.000512221,"verticillata","Aquifoliaceae",9,15,3
1.4,"alive",0.000262763,"verticillata","Aquifoliaceae",9,15,3
1.1,"alive",0.00015335,"verticillata","Aquifoliaceae",9,15,3
1.5,"alive",0.000307736,"verticillata","Aquifoliaceae",9,15,3
10.1,"dead",0.036864572,"unknown","Betulaceae",68,15,3
8.7,"dead",0.024816734,"unknown","Betulaceae",68,15,3
1.6,"alive",0.00035728,"verticillata","Aquifoliaceae",9,15,3
1.8,"alive",0.001550541,"verticillata","Aquifoliaceae",9,15,3
13.1,"dead",0.071173082,"canadensis","Pinaceae",63,15,3
1.1,"alive",0.00015335,"verticillata","Aquifoliaceae",9,15,3
1.2,"alive",0.000185765,"verticillata","Aquifoliaceae",9,15,3
1.1,"alive",0.00015335,"verticillata","Aquifoliaceae",9,15,3
1.7,"alive",0.000564937,"verticillata","Aquifoliaceae",9,15,3
1,"alive",0.000124729,"verticillata","Aquifoliaceae",9,15,3
1.3,"alive",0.001057544,"verticillata","Aquifoliaceae",9,15,3
1.2,"alive",0.000185765,"verticillata","Aquifoliaceae",9,15,3
1.4,"alive",0.000262763,"verticillata","Aquifoliaceae",9,15,3
1.2,"alive",0.000339115,"verticillata","Aquifoliaceae",9,15,3
1.1,"alive",0.00015335,"verticillata","Aquifoliaceae",9,15,3
1.2,"alive",0.000162999,"rubrum","Sapindaceae",31,15,3
1,"alive",0.000109443,"rubrum","Sapindaceae",31,15,3
50.5,"dead",1.533702375,"strobus","Pinaceae",51,15,3
1.1,"alive",0.00015335,"verticillata","Aquifoliaceae",9,15,3
1.1,"alive",0.00015335,"verticillata","Aquifoliaceae",9,15,3
1.1,"alive",0.000306701,"verticillata","Aquifoliaceae",9,15,3
1.3,"alive",0.00022217,"verticillata","Aquifoliaceae",9,15,3
1.4,"alive",0.000697985,"verticillata","Aquifoliaceae",9,15,3
1.3,"alive",0.00022217,"verticillata","Aquifoliaceae",9,15,3
1.6,"alive",0.000991572,"verticillata","Aquifoliaceae",9,15,3
1.4,"alive",0.000262763,"verticillata","Aquifoliaceae",9,15,3
1.6,"alive",0.000510631,"verticillata","Aquifoliaceae",9,15,3
1,"alive",0.000124729,"verticillata","Aquifoliaceae",9,15,3
1.3,"alive",0.00022217,"verticillata","Aquifoliaceae",9,15,3
1.2,"alive",0.000185765,"verticillata","Aquifoliaceae",9,15,3
1.2,"alive",0.000185765,"verticillata","Aquifoliaceae",9,15,3
2.1,"alive",0.001253395,"verticillata","Aquifoliaceae",9,15,3
1.2,"alive",0.000162999,"rubrum","Sapindaceae",31,15,3
1,"alive",0.000124729,"verticillata","Aquifoliaceae",9,15,3
1.4,"alive",0.000484933,"verticillata","Aquifoliaceae",9,15,3
1.2,"alive",0.000185765,"verticillata","Aquifoliaceae",9,15,3
1.2,"alive",0.000310494,"verticillata","Aquifoliaceae",9,15,3
1.3,"alive",0.00022217,"verticillata","Aquifoliaceae",9,15,3
1,"alive",0.000124729,"verticillata","Aquifoliaceae",9,15,3
1,"alive",0.000124729,"verticillata","Aquifoliaceae",9,15,3
1.9,"alive",0.001512552,"verticillata","Aquifoliaceae",9,15,3
1.7,"alive",0.000819521,"verticillata","Aquifoliaceae",9,15,3
1.2,"alive",0.000339115,"verticillata","Aquifoliaceae",9,15,3
1.2,"alive",0.000310494,"verticillata","Aquifoliaceae",9,15,3
1.4,"alive",0.000707103,"verticillata","Aquifoliaceae",9,15,3
1.2,"alive",0.000185765,"verticillata","Aquifoliaceae",9,15,3
1.5,"alive",0.000307736,"verticillata","Aquifoliaceae",9,15,3
2.1,"alive",0.002255524,"verticillata","Aquifoliaceae",9,15,3
1,"alive",0.000140936,"dentatum","Adoxaceae",29,15,3
1.5,"alive",0.000307736,"verticillata","Aquifoliaceae",9,15,3
1.1,"alive",0.00015335,"verticillata","Aquifoliaceae",9,15,3
1.5,"alive",0.001318193,"verticillata","Aquifoliaceae",9,15,3
1.5,"alive",0.001461585,"verticillata","Aquifoliaceae",9,15,3
1.3,"alive",0.000407935,"verticillata","Aquifoliaceae",9,15,3
1.5,"alive",0.001252421,"verticillata","Aquifoliaceae",9,15,3
1.4,"alive",0.000650254,"verticillata","Aquifoliaceae",9,15,3
1.7,"alive",0.000411586,"verticillata","Aquifoliaceae",9,15,3
1.1,"alive",0.00015335,"verticillata","Aquifoliaceae",9,15,3
1.6,"alive",0.001043295,"verticillata","Aquifoliaceae",9,15,3
1,"alive",0.000124729,"verticillata","Aquifoliaceae",9,15,3
1.1,"alive",0.00015335,"verticillata","Aquifoliaceae",9,15,3
1.1,"alive",0.00015335,"verticillata","Aquifoliaceae",9,15,3
1.1,"alive",0.00015335,"verticillata","Aquifoliaceae",9,15,3
1.1,"alive",0.000402809,"verticillata","Aquifoliaceae",9,15,3
1.1,"alive",0.000278079,"verticillata","Aquifoliaceae",9,15,3
16.6,"dead",0.241280505,"alleghaniensis","Betulaceae",34,15,3
1.9,"alive",0.000535229,"verticillata","Aquifoliaceae",9,15,3
1.1,"alive",0.00015335,"verticillata","Aquifoliaceae",9,15,3
1,"alive",0.000124729,"verticillata","Aquifoliaceae",9,15,3
1.4,"alive",0.000448527,"verticillata","Aquifoliaceae",9,15,3
1.5,"alive",0.000307736,"verticillata","Aquifoliaceae",9,15,3
1.3,"alive",0.00022217,"verticillata","Aquifoliaceae",9,15,3
1.2,"alive",0.000310494,"verticillata","Aquifoliaceae",9,15,3
1.4,"alive",0.000262763,"verticillata","Aquifoliaceae",9,15,3
27.7,"dead",0.481735556,"rubrum","Sapindaceae",31,15,3
2.3,"alive",0.001263874,"verticillata","Aquifoliaceae",9,15,3
1.2,"alive",0.000185765,"verticillata","Aquifoliaceae",9,15,3
10.8,"dead",0.046979338,"rubrum","Sapindaceae",31,15,3
2.6,"alive",0.001685292,"corymbosum","Ericaceae",24,16,3
1.2,"alive",0.000178847,"unknown","Betulaceae",68,16,3
2.4,"alive",0.000926324,"alleghaniensis","Betulaceae",34,16,3
1.3,"alive",0.000194943,"rubrum","Sapindaceae",31,16,3
1.4,"alive",0.000262763,"verticillata","Aquifoliaceae",9,16,3
1.1,"alive",0.00015335,"verticillata","Aquifoliaceae",9,16,3
1.3,"alive",0.00022217,"verticillata","Aquifoliaceae",9,16,3
1.1,"alive",0.00015335,"verticillata","Aquifoliaceae",9,16,3
1.1,"alive",0.00015335,"verticillata","Aquifoliaceae",9,16,3
1.4,"alive",0.000262763,"verticillata","Aquifoliaceae",9,16,3
3,"alive",0.003079809,"corymbosum","Ericaceae",24,16,3
1.3,"alive",0.00022217,"verticillata","Aquifoliaceae",9,16,3
1.4,"alive",0.000484933,"verticillata","Aquifoliaceae",9,16,3
1.3,"alive",0.00022217,"verticillata","Aquifoliaceae",9,16,3
1.8,"alive",0.000693011,"verticillata","Aquifoliaceae",9,16,3
1.3,"alive",0.000174653,"incana","Betulaceae",1,16,3
1.5,"alive",0.000307736,"verticillata","Aquifoliaceae",9,16,3
1.3,"alive",0.000471628,"verticillata","Aquifoliaceae",9,16,3
1.5,"alive",0.000307736,"verticillata","Aquifoliaceae",9,16,3
17.3,"alive",0.140075924,"rubrum","Sapindaceae",31,16,3
1.7,"alive",0.000411586,"verticillata","Aquifoliaceae",9,16,3
1.1,"alive",0.00015335,"verticillata","Aquifoliaceae",9,16,3
1.3,"alive",0.00022217,"verticillata","Aquifoliaceae",9,16,3
1,"alive",0.000124729,"verticillata","Aquifoliaceae",9,16,3
1,"alive",0.000249458,"verticillata","Aquifoliaceae",9,16,3
22,"dead",0.263778164,"rubrum","Sapindaceae",31,16,3
5.5,"dead",0.00742312,"unknown","Betulaceae",68,16,3
1.6,"alive",0.000403704,"dentatum","Adoxaceae",29,16,3
1.1,"alive",0.00015335,"verticillata","Aquifoliaceae",9,16,3
3.3,"alive",0.002300533,"corymbosum","Ericaceae",24,16,3
13,"alive",0.065682183,"rubrum","Sapindaceae",31,16,3
10.5,"alive",0.048154089,"rubrum","Sapindaceae",31,16,3
1.7,"alive",0.000456223,"ligustrina","Ericaceae",14,16,3
1,"alive",0.000218886,"rubrum","Sapindaceae",31,16,3
1.8,"alive",0.000978125,"ligustrina","Ericaceae",14,16,3
9.2,"dead",0.028778334,"unknown","Betulaceae",68,16,3
1,"alive",0.000124729,"verticillata","Aquifoliaceae",9,16,3
3.1,"alive",0.001965762,"corymbosum","Ericaceae",24,16,3
36.4,"alive",0.970980578,"rubrum","Sapindaceae",31,16,3
1.2,"alive",0.000205911,"corymbosum","Ericaceae",24,16,3
18.9,"dead",0.198584798,"alleghaniensis","Betulaceae",34,16,3
1.1,"alive",0.000328653,"laevis","Rosaceae",82,16,3
25.8,"dead",0.399991031,"rubrum","Sapindaceae",31,16,3
6.6,"alive",0.011638069,"rubrum","Sapindaceae",31,16,3
1.2,"alive",0.000339115,"verticillata","Aquifoliaceae",9,16,3
1,"alive",0.000124729,"verticillata","Aquifoliaceae",9,16,3
1.7,"alive",0.000411586,"verticillata","Aquifoliaceae",9,16,3
1.2,"alive",0.000185765,"verticillata","Aquifoliaceae",9,16,3
1.6,"alive",0.00035728,"verticillata","Aquifoliaceae",9,16,3
2,"alive",0.000790699,"verticillata","Aquifoliaceae",9,16,3
12.4,"dead",0.063324939,"unk_conifer","Unknown",72,16,3
2,"alive",0.002107901,"verticillata","Aquifoliaceae",9,16,3
1.6,"alive",0.00035728,"verticillata","Aquifoliaceae",9,16,3
12.4,"alive",0.066212662,"rubra","Fagaceae",58,17,4
8.6,"dead",0.024621482,"alleghaniensis","Betulaceae",34,17,4
6.8,"alive",0.013242343,"alleghaniensis","Betulaceae",34,17,4
23.5,"alive",0.510849429,"rubrum","Sapindaceae",31,17,4
54.4,"alive",2.059230245,"canadensis","Pinaceae",63,17,4
11.1,"dead",0.03347933,"canadensis","Pinaceae",63,17,4
11.5,"alive",0.047427254,"rubrum","Sapindaceae",31,17,4
18.9,"alive",0.198584798,"alleghaniensis","Betulaceae",34,17,4
20.5,"alive",0.169939177,"canadensis","Pinaceae",63,17,4
9.7,"alive",0.033876655,"alleghaniensis","Betulaceae",34,17,4
14.7,"alive",0.104011019,"rubra","Fagaceae",58,17,4
10,"alive",0.032722044,"rubrum","Sapindaceae",31,17,4
7.2,"alive",0.01371488,"rubrum","Sapindaceae",31,17,4
4.4,"alive",0.002941466,"canadensis","Pinaceae",63,17,4
8.6,"dead",0.024068304,"unknown","Betulaceae",68,17,4
12.1,"dead",0.059565685,"unknown","Betulaceae",68,17,4
28.3,"alive",0.581217747,"rubra","Fagaceae",58,17,4
6.9,"alive",0.013761169,"alleghaniensis","Betulaceae",34,17,4
6.4,"alive",0.007801308,"canadensis","Pinaceae",63,17,4
19.1,"alive",0.141064648,"canadensis","Pinaceae",63,17,4
4.9,"alive",0.003884975,"canadensis","Pinaceae",63,17,4
8.1,"alive",0.014517127,"canadensis","Pinaceae",63,17,4
7.1,"alive",0.010251018,"canadensis","Pinaceae",63,17,4
6.9,"alive",0.009507717,"canadensis","Pinaceae",63,17,4
23.6,"alive",0.245843023,"canadensis","Pinaceae",63,17,4
15.7,"alive",0.121620451,"alleghaniensis","Betulaceae",34,17,4
11.1,"alive",0.043170714,"rubrum","Sapindaceae",31,17,4
4,"alive",0.002302804,"canadensis","Pinaceae",63,17,4
3.5,"alive",0.001638813,"canadensis","Pinaceae",63,17,4
12.3,"alive",0.056703395,"rubrum","Sapindaceae",31,17,4
1.9,"alive",0.000364207,"canadensis","Pinaceae",63,17,4
2.4,"alive",0.000640006,"canadensis","Pinaceae",63,17,4
10.7,"alive",0.030369927,"canadensis","Pinaceae",63,17,4
15.9,"dead",0.109760247,"papyrifera","Betulaceae",36,17,4
48.4,"alive",1.380356262,"strobus","Pinaceae",51,17,4
21.7,"alive",0.423803916,"canadensis","Pinaceae",63,17,4
20.4,"alive",0.216332357,"rubrum","Sapindaceae",31,17,4
10.4,"alive",0.040759313,"alleghaniensis","Betulaceae",34,17,4
21.3,"alive",0.187922194,"canadensis","Pinaceae",63,17,4
54.7,"alive",2.08722623,"canadensis","Pinaceae",63,17,4
30.4,"alive",0.474544114,"canadensis","Pinaceae",63,17,4
17.1,"alive",0.105341939,"canadensis","Pinaceae",63,17,4
14.1,"alive",0.063193037,"canadensis","Pinaceae",63,17,4
15.7,"dead",0.108352765,"rubrum","Sapindaceae",31,17,4
17.9,"alive",0.11886946,"canadensis","Pinaceae",63,17,4
12.7,"dead",0.047875077,"canadensis","Pinaceae",63,17,4
37.3,"alive",0.780202661,"abies","Pinaceae",47,18,4
25,"alive",0.255679508,"strobus","Pinaceae",51,18,4
13.4,"alive",0.053752239,"abies","Pinaceae",47,18,4
23.5,"alive",0.358294965,"rubra","Fagaceae",58,18,4
17.8,"dead",0.172603339,"rubra","Fagaceae",58,18,4
12.2,"alive",0.041898469,"abies","Pinaceae",47,18,4
14.4,"alive",0.086166403,"rubrum","Sapindaceae",31,18,4
33.8,"alive",0.557567674,"strobus","Pinaceae",51,18,4
35.1,"alive",1.011395987,"rubra","Fagaceae",58,18,4
8,"dead",0.01979932,"unknown","Unknown",65,18,4
13,"alive",0.065682183,"rubrum","Sapindaceae",31,18,4
17.7,"alive",0.112357012,"abies","Pinaceae",47,18,4
19,"alive",0.247799023,"rubrum","Sapindaceae",31,18,4
19.7,"alive",0.225532954,"rubra","Fagaceae",58,18,4
24.1,"alive",0.232351294,"strobus","Pinaceae",51,18,4
5.8,"dead",0.005868703,"abies","Pinaceae",47,18,4
12.9,"alive",0.048590137,"abies","Pinaceae",47,18,4
10.4,"dead",0.041500391,"rubra","Fagaceae",58,18,4
17.5,"dead",0.165024283,"rubra","Fagaceae",58,18,4
8.5,"dead",0.024304566,"grandifolia","Fagaceae",43,18,4
17.7,"alive",0.170053855,"grandifolia","Fagaceae",43,18,4
19.2,"alive",0.282803165,"grandifolia","Fagaceae",43,18,4
10,"dead",0.024708482,"abies","Pinaceae",47,18,4
14.2,"alive",0.083028028,"rubrum","Sapindaceae",31,18,4
19.9,"alive",0.153028568,"abies","Pinaceae",47,18,4
14.2,"dead",0.057611285,"strobus","Pinaceae",51,18,4
11.3,"dead",0.045267756,"rubrum","Sapindaceae",31,18,4
9.8,"dead",0.033898438,"unk_hardwood","Unknown",71,18,4
13.7,"alive",0.057005975,"abies","Pinaceae",47,18,4
11.7,"alive",0.049649894,"rubrum","Sapindaceae",31,18,4
10.9,"alive",0.047011927,"grandifolia","Fagaceae",43,18,4
8.3,"dead",0.013854918,"strobus","Pinaceae",51,18,4
9.4,"alive",0.027767544,"rubrum","Sapindaceae",31,18,4
27.1,"alive",0.519450367,"rubra","Fagaceae",58,18,4
32.3,"alive",0.817420769,"rubra","Fagaceae",58,18,4
12.5,"dead",0.067640339,"rubra","Fagaceae",58,18,4
14.6,"dead",0.062016723,"strobus","Pinaceae",51,18,4
18.8,"dead",0.121056241,"strobus","Pinaceae",51,18,4
13.4,"dead",0.08135474,"rubra","Fagaceae",58,18,4
32.1,"alive",0.804480067,"rubra","Fagaceae",58,18,4
14.5,"alive",0.087762654,"rubrum","Sapindaceae",31,18,4
8.8,"dead",0.018079406,"canadensis","Pinaceae",63,18,4
18.4,"alive",0.124472191,"abies","Pinaceae",47,18,4
8.6,"alive",0.021935502,"rubrum","Sapindaceae",31,18,4
24.1,"alive",0.38269625,"rubra","Fagaceae",58,18,4
16.3,"dead",0.083032926,"strobus","Pinaceae",51,18,4
18.6,"alive",0.169610889,"rubrum","Sapindaceae",31,18,4
9.5,"dead",0.021564221,"abies","Pinaceae",47,18,4
23.2,"dead",0.591838374,"rubra","Fagaceae",58,18,4
6,"dead",0.008493184,"rubrum","Sapindaceae",31,18,4
10.8,"alive",0.04014074,"rubrum","Sapindaceae",31,18,4
11.9,"alive",0.040277171,"canadensis","Pinaceae",63,19,4
20.3,"alive",0.213554408,"rubrum","Sapindaceae",31,19,4
4.6,"alive",0.003298904,"canadensis","Pinaceae",63,19,4
8.7,"alive",0.017540187,"canadensis","Pinaceae",63,19,4
2.6,"alive",0.001230094,"lenta","Betulaceae",35,19,4
1.4,"alive",0.000188213,"dentata","Fagaceae",41,19,4
13.7,"alive",0.088712817,"rubrum","Sapindaceae",31,19,4
18.2,"alive",0.160154925,"rubrum","Sapindaceae",31,19,4
4.7,"alive",0.005139482,"grandifolia","Fagaceae",43,19,4
2.9,"alive",0.001505194,"grandifolia","Fagaceae",43,19,4
26.1,"dead",0.471094022,"grandifolia","Fagaceae",43,19,4
3.1,"alive",0.001778395,"grandifolia","Fagaceae",43,19,4
22.6,"alive",0.323486834,"rubra","Fagaceae",58,19,4
3.6,"alive",0.003537195,"grandifolia","Fagaceae",43,19,4
20.3,"alive",0.24406218,"grandifolia","Fagaceae",43,19,4
3,"alive",0.001638169,"grandifolia","Fagaceae",43,19,4
2.8,"alive",0.0013793,"grandifolia","Fagaceae",43,19,4
1.6,"alive",0.000483358,"grandifolia","Fagaceae",43,19,4
3.5,"alive",0.002415093,"grandifolia","Fagaceae",43,19,4
2.7,"alive",0.001260322,"grandifolia","Fagaceae",43,19,4
13.5,"alive",0.072604309,"rubrum","Sapindaceae",31,19,4
1.9,"alive",0.000364207,"canadensis","Pinaceae",63,19,4
55.3,"alive",2.143841771,"canadensis","Pinaceae",63,19,4
2.8,"alive",0.000935954,"canadensis","Pinaceae",63,19,4
4,"alive",0.003393606,"grandifolia","Fagaceae",43,19,4
3.3,"alive",0.002812962,"grandifolia","Fagaceae",43,19,4
4.3,"alive",0.002918344,"dentata","Fagaceae",41,19,4
2.2,"alive",0.000667756,"rubrum","Sapindaceae",31,19,4
2,"alive",0.000411639,"canadensis","Pinaceae",63,19,4
9.5,"alive",0.028558022,"rubrum","Sapindaceae",31,19,4
1.2,"alive",0.000126407,"canadensis","Pinaceae",63,19,4
17.3,"alive",0.108630308,"canadensis","Pinaceae",63,19,4
20.3,"dead",0.239703927,"alleghaniensis","Betulaceae",34,19,4
2.2,"alive",0.000545107,"dentata","Fagaceae",41,19,4
36.5,"alive",1.117472333,"rubra","Fagaceae",58,19,4
29.8,"alive",0.546597239,"canadensis","Pinaceae",63,19,4
51.1,"alive",2.600987603,"rubra","Fagaceae",58,19,4
17.9,"dead",0.167536119,"unk_hardwood","Unknown",71,19,4
2.1,"alive",0.000620232,"dentata","Fagaceae",41,19,4
7.3,"alive",0.011030063,"canadensis","Pinaceae",63,19,4
2.1,"alive",0.000462813,"canadensis","Pinaceae",63,19,4
11.9,"alive",0.040277171,"canadensis","Pinaceae",63,19,4
6.5,"alive",0.010477729,"rubrum","Sapindaceae",31,19,4
2.7,"alive",0.000855218,"canadensis","Pinaceae",63,19,4
10.8,"alive",0.04014074,"rubrum","Sapindaceae",31,19,4
1.5,"alive",0.000209405,"canadensis","Pinaceae",63,19,4
9.4,"alive",0.021534014,"canadensis","Pinaceae",63,19,4
3.8,"alive",0.003304193,"canadensis","Pinaceae",63,19,4
2.4,"alive",0.000943166,"grandifolia","Fagaceae",43,19,4
37.6,"alive",1.20513377,"rubra","Fagaceae",58,20,4
14.9,"alive",0.094329757,"rubrum","Sapindaceae",31,20,4
11.4,"alive",0.056742435,"lenta","Betulaceae",35,20,4
20,"alive",0.159251621,"canadensis","Pinaceae",63,20,4
22,"alive",0.301460759,"rubra","Fagaceae",58,20,4
19.5,"dead",0.133300033,"strobus","Pinaceae",51,20,4
16.4,"dead",0.12161792,"rubrum","Sapindaceae",31,20,4
2.5,"alive",0.000707361,"canadensis","Pinaceae",63,20,4
1,"alive",0.0000849,"canadensis","Pinaceae",63,20,4
2.9,"alive",0.001021381,"canadensis","Pinaceae",63,20,4
13.6,"dead",0.084617849,"rubra","Fagaceae",58,20,4
28.2,"alive",0.575913041,"rubra","Fagaceae",58,20,4
11.7,"dead",0.049649894,"rubrum","Sapindaceae",31,20,4
17.5,"alive",0.144396248,"rubrum","Sapindaceae",31,20,4
31.5,"dead",0.656897779,"papyrifera","Betulaceae",36,20,4
12.7,"alive",0.061733652,"rubrum","Sapindaceae",31,20,4
9.4,"dead",0.027767544,"rubrum","Sapindaceae",31,20,4
18.5,"dead",0.116027326,"strobus","Pinaceae",51,20,4
8.1,"dead",0.032942429,"rubrum","Sapindaceae",31,20,4
9.3,"alive",0.026990954,"rubrum","Sapindaceae",31,20,4
15.5,"alive",0.081222688,"canadensis","Pinaceae",63,20,4
14.3,"dead",0.058693866,"strobus","Pinaceae",51,20,4
15.2,"alive",0.173841718,"rubrum","Sapindaceae",31,20,4
7.9,"alive",0.013588403,"canadensis","Pinaceae",63,20,4
17.1,"alive",0.105341939,"canadensis","Pinaceae",63,20,4
18,"alive",0.135627127,"canadensis","Pinaceae",63,20,4
22.8,"alive",0.354683062,"lenta","Betulaceae",35,20,4
21.1,"alive",0.299858257,"lenta","Betulaceae",35,20,4
11.5,"alive",0.03678032,"canadensis","Pinaceae",63,20,4
28.6,"alive",0.597304808,"rubra","Fagaceae",58,20,4
17.8,"dead",0.104794884,"strobus","Pinaceae",51,20,4
1.4,"alive",0.000178802,"canadensis","Pinaceae",63,20,4
23.7,"alive",0.366321676,"rubra","Fagaceae",58,20,4
1.4,"alive",0.000263498,"grandifolia","Fagaceae",43,20,4
23.3,"alive",0.294064534,"serotina","Rosaceae",55,20,4
28.2,"alive",0.695609634,"rubra","Fagaceae",58,20,4
24.3,"alive",0.391044915,"rubra","Fagaceae",58,20,4
4.9,"alive",0.003884975,"canadensis","Pinaceae",63,20,4
5.8,"alive",0.009516816,"lenta","Betulaceae",35,20,4
40.3,"alive",2.625527082,"rubra","Fagaceae",58,20,4
7.5,"dead",0.011533805,"abies","Pinaceae",47,21,4
18.1,"alive",0.157842482,"rubrum","Sapindaceae",31,21,4
7.6,"alive",0.015818142,"rubrum","Sapindaceae",31,21,4
5.5,"alive",0.004694306,"strobus","Pinaceae",51,21,4
7.7,"alive",0.016373851,"rubrum","Sapindaceae",31,21,4
28.2,"alive",0.575913041,"rubra","Fagaceae",58,21,4
12.1,"alive",0.063542675,"rubrum","Sapindaceae",31,21,4
9.5,"alive",0.028558022,"rubrum","Sapindaceae",31,21,4
11.8,"alive",0.038347935,"abies","Pinaceae",47,21,4
18.5,"alive",0.191103831,"rubra","Fagaceae",58,21,4
12.4,"alive",0.066212662,"rubra","Fagaceae",58,21,4
10,"alive",0.032722044,"rubrum","Sapindaceae",31,21,4
7.5,"alive",0.015274498,"rubrum","Sapindaceae",31,21,4
9.2,"alive",0.019804933,"abies","Pinaceae",47,21,4
11.5,"alive",0.047427254,"rubrum","Sapindaceae",31,21,4
10.1,"alive",0.033597834,"rubrum","Sapindaceae",31,21,4
25.7,"alive",0.452534334,"rubra","Fagaceae",58,21,4
7.2,"alive",0.01371488,"rubrum","Sapindaceae",31,21,4
24.7,"alive",0.408066976,"rubra","Fagaceae",58,21,4
1.1,"alive",0.00010435,"canadensis","Pinaceae",63,21,4
22,"alive",0.19917943,"abies","Pinaceae",47,21,4
11.9,"alive",0.051936352,"rubrum","Sapindaceae",31,21,4
11.7,"alive",0.049649894,"rubrum","Sapindaceae",31,21,4
34.5,"alive",1.036930562,"lenta","Betulaceae",35,21,4
25.9,"alive",0.461758615,"rubra","Fagaceae",58,21,4
26.6,"alive",0.33583929,"canadensis","Pinaceae",63,21,4
6,"alive",0.00641322,"abies","Pinaceae",47,21,4
13,"dead",0.071791538,"unk_hardwood","Unknown",71,21,4
35.4,"alive",1.380066314,"rubra","Fagaceae",58,21,4
6.2,"dead",0.010116255,"unk_hardwood","Unknown",71,21,4
5.2,"alive",0.0058456,"rubrum","Sapindaceae",31,21,4
14.5,"alive",0.118776384,"rubrum","Sapindaceae",31,21,4
15.4,"alive",0.077740543,"abies","Pinaceae",47,21,4
21.2,"alive",0.185614327,"canadensis","Pinaceae",63,21,4
17.9,"alive",0.15327904,"rubrum","Sapindaceae",31,21,4
14.1,"alive",0.081485758,"rubrum","Sapindaceae",31,21,4
13.4,"alive",0.071185398,"rubrum","Sapindaceae",31,21,4
11.5,"dead",0.043251914,"unknown","Pinaceae",67,22,4
11.4,"dead",0.046339655,"rubrum","Sapindaceae",31,22,4
23.2,"alive",0.346454476,"rubra","Fagaceae",58,22,4
32.5,"alive",0.830482365,"rubra","Fagaceae",58,22,4
13.8,"dead",0.058116979,"abies","Pinaceae",47,22,4
18.2,"dead",0.120933311,"abies","Pinaceae",47,22,4
27.5,"alive",0.539583055,"velutina","Fagaceae",59,22,4
18.5,"alive",0.167215852,"rubrum","Sapindaceae",31,22,4
23.6,"alive",0.362294981,"rubra","Fagaceae",58,22,4
18.4,"alive",0.124472191,"abies","Pinaceae",47,22,4
1.3,"alive",0.000222792,"grandifolia","Fagaceae",43,22,4
41.5,"alive",0.939263486,"strobus","Pinaceae",51,22,4
11.6,"alive",0.036645585,"abies","Pinaceae",47,22,4
24.7,"alive",0.492684825,"rubra","Fagaceae",58,22,4
21.5,"alive",0.18752159,"abies","Pinaceae",47,22,4
27.2,"alive",0.540115124,"rubra","Fagaceae",58,22,4
15.6,"dead",0.073921681,"strobus","Pinaceae",51,22,4
10.5,"alive",0.060560281,"rubrum","Sapindaceae",31,22,4
15.8,"dead",0.076458589,"strobus","Pinaceae",51,22,4
19.5,"alive",0.1450618,"abies","Pinaceae",47,22,4
15.6,"alive",0.106534188,"rubrum","Sapindaceae",31,22,4
7.8,"alive",0.020326772,"alleghaniensis","Betulaceae",34,22,4
11.6,"alive",0.054473166,"alleghaniensis","Betulaceae",34,22,4
10.4,"dead",0.027419901,"abies","Pinaceae",47,22,4
35.1,"alive",1.011395987,"rubra","Fagaceae",58,22,4
46.3,"alive",1.23597843,"strobus","Pinaceae",51,22,4
4.4,"alive",0.004145739,"virginiana","Hamamelidaceae",8,22,4
2.2,"alive",0.000908027,"virginiana","Hamamelidaceae",8,22,4
18.1,"alive",0.119187181,"abies","Pinaceae",47,22,4
17.7,"alive",0.170053855,"rubra","Fagaceae",58,22,4
15.6,"alive",0.073921681,"strobus","Pinaceae",51,22,4
17.9,"alive",0.175176046,"rubra","Fagaceae",58,22,4
12.8,"alive",0.047596309,"abies","Pinaceae",47,22,4
17.5,"alive",0.109033901,"abies","Pinaceae",47,22,4
2.4,"alive",0.000640006,"canadensis","Pinaceae",63,23,4
4.2,"alive",0.003365147,"rubrum","Sapindaceae",31,23,4
23.8,"alive",0.32551161,"rubrum","Sapindaceae",31,23,4
1.7,"alive",0.000737391,"virginiana","Hamamelidaceae",8,23,4
5.7,"alive",0.007426614,"rubrum","Sapindaceae",31,23,4
4.8,"alive",0.005330411,"alleghaniensis","Betulaceae",34,23,4
21.5,"dead",0.238203101,"serotina","Rosaceae",55,23,4
1.8,"alive",0.000532021,"cassinoides","Adoxaceae",28,23,4
1.2,"alive",0.000383179,"cassinoides","Adoxaceae",28,23,4
1.3,"alive",0.000424315,"cassinoides","Adoxaceae",28,23,4
11,"alive",0.04730606,"alleghaniensis","Betulaceae",34,23,4
2.5,"alive",0.002507374,"grandifolia","Fagaceae",43,23,4
1.3,"alive",0.000222792,"grandifolia","Fagaceae",43,23,4
1.5,"alive",0.000308596,"grandifolia","Fagaceae",43,23,4
9,"alive",0.019188867,"canadensis","Pinaceae",63,23,4
34.7,"dead",0.982209405,"grandifolia","Fagaceae",43,23,4
3.5,"alive",0.002415093,"grandifolia","Fagaceae",43,23,4
3.6,"alive",0.002594029,"grandifolia","Fagaceae",43,23,4
11.1,"alive",0.049337959,"grandifolia","Fagaceae",43,23,4
4,"alive",0.003393606,"grandifolia","Fagaceae",43,23,4
2.1,"alive",0.000682041,"grandifolia","Fagaceae",43,23,4
3,"alive",0.001638169,"grandifolia","Fagaceae",43,23,4
4.8,"alive",0.003876663,"dentata","Fagaceae",41,23,4
32.8,"alive",0.850301987,"rubra","Fagaceae",58,23,4
2.6,"alive",0.001697353,"cassinoides","Adoxaceae",28,23,4
7,"alive",0.024638035,"virginiana","Hamamelidaceae",8,23,4
3,"alive",0.001111615,"canadensis","Pinaceae",63,23,4
17.6,"alive",0.113679393,"canadensis","Pinaceae",63,23,4
5.7,"alive",0.008335995,"alleghaniensis","Betulaceae",34,23,4
2.1,"alive",0.000669861,"alleghaniensis","Betulaceae",34,23,4
6.4,"dead",0.018253437,"rubrum","Sapindaceae",31,23,4
1.1,"alive",0.000151033,"alleghaniensis","Betulaceae",34,23,4
8.3,"dead",0.021824625,"unk_hardwood","Unknown",71,23,4
7.4,"alive",0.01685114,"alleghaniensis","Betulaceae",34,23,4
1.6,"alive",0.000255914,"dentata","Fagaceae",41,23,4
9.6,"alive",0.032957888,"alleghaniensis","Betulaceae",34,23,4
1.1,"alive",0.00010435,"canadensis","Pinaceae",63,23,4
4.2,"alive",0.002335,"strobus","Pinaceae",51,23,4
2.4,"alive",0.000825271,"rubrum","Sapindaceae",31,23,4
4.4,"alive",0.007885826,"virginiana","Hamamelidaceae",8,23,4
20.6,"alive",0.172127343,"canadensis","Pinaceae",63,23,4
1.9,"alive",0.000364207,"canadensis","Pinaceae",63,23,4
1.1,"alive",0.000153779,"grandifolia","Fagaceae",43,23,4
2.1,"alive",0.000414096,"strobus","Pinaceae",51,23,4
2.4,"alive",0.001111589,"laevis","Rosaceae",82,23,4
2,"alive",0.000916803,"corymbosum","Ericaceae",24,23,4
2.6,"alive",0.001269047,"corymbosum","Ericaceae",24,23,4
7.6,"alive",0.017755057,"alleghaniensis","Betulaceae",34,23,4
10.2,"alive",0.03941505,"grandifolia","Fagaceae",43,23,4
1.7,"alive",0.000412738,"grandifolia","Fagaceae",43,24,4
5,"alive",0.006033322,"grandifolia","Fagaceae",43,24,4
17.7,"alive",0.124503716,"resinosa","Pinaceae",50,24,4
26.1,"alive",0.471094022,"rubra","Fagaceae",58,24,4
6.7,"alive",0.008799471,"canadensis","Pinaceae",63,24,4
6.1,"dead",0.009694035,"unknown","Unknown",65,24,4
11.6,"alive",0.037636006,"canadensis","Pinaceae",63,24,4
3.3,"alive",0.001412282,"canadensis","Pinaceae",63,24,4
1.9,"alive",0.000536726,"grandifolia","Fagaceae",43,24,4
13.2,"alive",0.053044478,"canadensis","Pinaceae",63,24,4
2.7,"alive",0.001179291,"strobus","Pinaceae",51,24,4
6.2,"alive",0.007177639,"canadensis","Pinaceae",63,24,4
10.4,"alive",0.041500391,"grandifolia","Fagaceae",43,24,4
4.2,"alive",0.003845882,"grandifolia","Fagaceae",43,24,4
37.5,"alive",0.876379847,"resinosa","Pinaceae",50,24,4
36.5,"alive",0.818149386,"resinosa","Pinaceae",50,24,4
2.1,"alive",0.000414096,"strobus","Pinaceae",51,24,4
1.8,"alive",0.000286667,"strobus","Pinaceae",51,24,4
26,"alive",0.818390091,"rubrum","Sapindaceae",31,24,4
8.7,"alive",0.017540187,"canadensis","Pinaceae",63,24,4
9.3,"alive",0.030295969,"alleghaniensis","Betulaceae",34,24,4
11.4,"alive",0.035936876,"canadensis","Pinaceae",63,24,4
6.1,"alive",0.006878067,"canadensis","Pinaceae",63,24,4
1.5,"alive",0.000308596,"grandifolia","Fagaceae",43,24,4
6.7,"alive",0.012736077,"alleghaniensis","Betulaceae",34,24,4
26.3,"alive",0.866169432,"rubrum","Sapindaceae",31,24,4
29.7,"alive",0.83374464,"rubrum","Sapindaceae",31,24,4
8.3,"alive",0.015484908,"canadensis","Pinaceae",63,24,4
2.4,"alive",0.000615131,"unknown","Pinaceae",66,24,4
3.6,"alive",0.002594029,"grandifolia","Fagaceae",43,24,4
3.2,"alive",0.001891643,"americana","Oleaceae",44,24,4
9.7,"dead",0.032988274,"unk_hardwood","Unknown",71,24,4
5.3,"alive",0.006894878,"alleghaniensis","Betulaceae",34,24,4
4.1,"alive",0.003615241,"rubra","Fagaceae",58,24,4
1.8,"alive",0.000660159,"corymbosum","Ericaceae",24,24,4
1.2,"alive",0.000185765,"verticillata","Aquifoliaceae",9,24,4
8.4,"alive",0.015983644,"canadensis","Pinaceae",63,24,4
3.7,"alive",0.004707227,"grandifolia","Fagaceae",43,24,4
1.8,"alive",0.000286667,"strobus","Pinaceae",51,24,4
1,"alive",0.000122844,"alleghaniensis","Betulaceae",34,24,4
5.7,"alive",0.008335995,"alleghaniensis","Betulaceae",34,24,4
1.9,"alive",0.001115177,"corymbosum","Ericaceae",24,24,4
2.1,"alive",0.002532849,"cassinoides","Adoxaceae",28,24,4
6.4,"alive",0.011496665,"grandifolia","Fagaceae",43,24,4
17,"alive",0.13374539,"rubrum","Sapindaceae",31,24,4
13,"alive",0.065682183,"rubrum","Sapindaceae",31,24,4
8.5,"alive",0.023870556,"alleghaniensis","Betulaceae",34,24,4
9,"alive",0.028300502,"alleghaniensis","Betulaceae",34,24,4
24.2,"alive",0.338499956,"rubrum","Sapindaceae",31,24,4
7.2,"alive",0.015394254,"alleghaniensis","Betulaceae",34,24,4
25,"alive",1.138074316,"rubrum","Sapindaceae",31,24,4
10.9,"alive",0.031900951,"canadensis","Pinaceae",63,24,4
29.4,"alive",0.469654079,"resinosa","Pinaceae",50,24,4
12.2,"alive",0.04303086,"canadensis","Pinaceae",63,24,4
1.6,"alive",0.000422258,"spp.","Rosaceae",4,24,4
1.7,"alive",0.000412738,"grandifolia","Fagaceae",43,25,4
6,"alive",0.009706496,"rubra","Fagaceae",58,25,4
2.5,"alive",0.000707361,"canadensis","Pinaceae",63,25,4
2,"alive",0.001090084,"pennsylvanicum","Sapindaceae",30,25,4
17.6,"alive",0.18743618,"rubrum","Sapindaceae",31,25,4
1.5,"alive",0.000209405,"canadensis","Pinaceae",63,25,4
11.9,"alive",0.064196303,"rubrum","Sapindaceae",31,25,4
1.9,"alive",0.000536726,"grandifolia","Fagaceae",43,25,4
2.7,"alive",0.000855218,"canadensis","Pinaceae",63,25,4
8,"alive",0.014047923,"canadensis","Pinaceae",63,25,4
5.6,"alive",0.008682947,"lenta","Betulaceae",35,25,4
13.2,"alive",0.083754439,"lenta","Betulaceae",35,25,4
8.1,"alive",0.018719453,"rubrum","Sapindaceae",31,25,4
6.3,"dead",0.011031051,"rubra","Fagaceae",58,25,4
2.2,"alive",0.00076315,"grandifolia","Fagaceae",43,25,4
5.6,"alive",0.008104084,"grandifolia","Fagaceae",43,25,4
10.2,"alive",0.049230981,"rubrum","Sapindaceae",31,25,4
4.6,"alive",0.004861543,"grandifolia","Fagaceae",43,25,4
10.7,"alive",0.039161222,"rubrum","Sapindaceae",31,25,4
14,"alive",0.091384381,"grandifolia","Fagaceae",43,25,4
4,"alive",0.003393606,"grandifolia","Fagaceae",43,25,4
5.4,"alive",0.007370564,"grandifolia","Fagaceae",43,25,4
22.1,"alive",0.30506688,"rubra","Fagaceae",58,25,4
4.8,"alive",0.005427328,"grandifolia","Fagaceae",43,25,4
4.3,"alive",0.004085682,"grandifolia","Fagaceae",43,25,4
12.6,"alive",0.060451128,"rubrum","Sapindaceae",31,25,4
3.3,"alive",0.001412282,"canadensis","Pinaceae",63,25,4
8,"alive",0.018114427,"rubrum","Sapindaceae",31,25,4
8,"alive",0.022180931,"lenta","Betulaceae",35,25,4
1.6,"alive",0.000281506,"pennsylvanicum","Sapindaceae",30,25,4
5.7,"alive",0.008487559,"grandifolia","Fagaceae",43,25,4
1.4,"alive",0.000263498,"grandifolia","Fagaceae",43,25,4
2.8,"alive",0.001477822,"lenta","Betulaceae",35,25,4
9.9,"alive",0.031860708,"rubrum","Sapindaceae",31,25,4
16.7,"alive",0.127593295,"rubrum","Sapindaceae",31,25,4
3.3,"alive",0.002081258,"grandifolia","Fagaceae",43,25,4
3.1,"alive",0.001778395,"grandifolia","Fagaceae",43,25,4
23.4,"alive",0.349192602,"rubrum","Sapindaceae",31,25,4
1.5,"alive",0.000308596,"grandifolia","Fagaceae",43,25,4
9.2,"alive",0.026228154,"rubrum","Sapindaceae",31,25,4
3.4,"alive",0.002244223,"grandifolia","Fagaceae",43,25,4
12.4,"dead",0.063324939,"unk_hardwood","Unknown",71,25,4
9.8,"dead",0.033898438,"unk_hardwood","Unknown",71,25,4
10.4,"alive",0.044084908,"rubrum","Sapindaceae",31,25,4
6.7,"alive",0.011346687,"rubrum","Sapindaceae",31,25,4
11.6,"alive",0.048530639,"rubrum","Sapindaceae",31,25,4
3.1,"alive",0.001492582,"serotina","Rosaceae",55,25,4
12.7,"alive",0.061733652,"rubrum","Sapindaceae",31,25,4
5,"alive",0.005279157,"rubrum","Sapindaceae",31,25,4
18,"alive",0.368895148,"rubrum","Sapindaceae",31,25,4
14.6,"alive",0.089377042,"rubrum","Sapindaceae",31,26,4
6,"alive",0.006586551,"canadensis","Pinaceae",63,26,4
23.4,"alive",0.240432498,"canadensis","Pinaceae",63,26,4
33.2,"alive",0.595211385,"canadensis","Pinaceae",63,26,4
11.1,"alive",0.03347933,"canadensis","Pinaceae",63,26,4
10.5,"alive",0.037247362,"rubrum","Sapindaceae",31,26,4
13.2,"alive",0.053044478,"canadensis","Pinaceae",63,26,4
24.5,"alive",0.271090435,"canadensis","Pinaceae",63,26,4
31.3,"alive",0.753921021,"rubra","Fagaceae",58,26,4
14.8,"dead",0.071859181,"canadensis","Pinaceae",63,26,4
17.4,"alive",0.110297751,"canadensis","Pinaceae",63,26,4
29.5,"alive",0.647131581,"rubra","Fagaceae",58,26,4
28,"alive",0.565389861,"rubra","Fagaceae",58,26,4
34.2,"alive",0.946422087,"rubra","Fagaceae",58,26,4
21.5,"alive",0.192589741,"canadensis","Pinaceae",63,26,4
15.8,"alive",0.11019032,"rubrum","Sapindaceae",31,26,4
21.2,"alive",0.185614327,"canadensis","Pinaceae",63,26,4
15.3,"alive",0.101191637,"rubrum","Sapindaceae",31,26,4
14.6,"alive",0.085729,"serotina","Rosaceae",55,26,4
7.5,"dead",0.016695238,"unk_hardwood","Unknown",71,26,4
5.4,"dead",0.005001454,"canadensis","Pinaceae",63,26,4
7,"dead",0.009874942,"canadensis","Pinaceae",63,26,4
14.8,"alive",0.071859181,"canadensis","Pinaceae",63,26,4
5.4,"dead",0.010002908,"canadensis","Pinaceae",63,26,4
12.8,"alive",0.048882696,"canadensis","Pinaceae",63,26,4
45.3,"alive",1.1703599,"strobus","Pinaceae",51,26,4
21.3,"alive",0.187922194,"canadensis","Pinaceae",63,26,4
21.5,"alive",0.468308226,"rubrum","Sapindaceae",31,26,4
2.4,"alive",0.000640006,"canadensis","Pinaceae",63,26,4
7,"alive",0.014552547,"grandifolia","Fagaceae",43,26,4
8.5,"alive",0.021266495,"rubrum","Sapindaceae",31,26,4
30.4,"alive",0.699328167,"rubra","Fagaceae",58,26,4
17.1,"alive",0.105341939,"canadensis","Pinaceae",63,26,4
28.9,"alive",0.613652107,"rubra","Fagaceae",58,26,4
21.4,"alive",0.190247319,"canadensis","Pinaceae",63,26,4
11.4,"dead",0.035936876,"canadensis","Pinaceae",63,26,4
26,"alive",0.316494132,"canadensis","Pinaceae",63,26,4
19.7,"alive",0.24164245,"lenta","Betulaceae",35,26,4
18.3,"alive",0.182384409,"alleghaniensis","Betulaceae",34,26,4
26.7,"alive",0.303432129,"strobus","Pinaceae",51,26,4
17,"alive",0.170992753,"rubrum","Sapindaceae",31,26,4
61.4,"alive",2.475542072,"strobus","Pinaceae",51,27,4
19.1,"dead",0.330696275,"rubrum","Sapindaceae",31,27,4
5.1,"alive",0.004310124,"canadensis","Pinaceae",63,27,4
24.1,"alive",0.590752662,"rubrum","Sapindaceae",31,27,4
5,"alive",0.006033322,"grandifolia","Fagaceae",43,27,4
1.2,"alive",0.000550077,"corymbosum","Ericaceae",24,27,4
1.9,"alive",0.000585925,"americana","Rosaceae",62,27,4
2.5,"alive",0.001137982,"americana","Rosaceae",62,27,4
1.1,"alive",0.0000934,"strobus","Pinaceae",51,27,4
27.6,"alive",0.712214832,"rubra","Fagaceae",58,27,4
2.9,"alive",0.001663776,"corymbosum","Ericaceae",24,27,4
2.6,"alive",0.003004754,"corymbosum","Ericaceae",24,27,4
2.3,"alive",0.000928061,"americana","Rosaceae",62,27,4
1.2,"alive",0.00020336,"americana","Rosaceae",62,27,4
12.7,"alive",0.063289748,"rubrum","Sapindaceae",31,27,4
2,"alive",0.000683538,"cassinoides","Adoxaceae",28,27,4
23.5,"alive",0.345368802,"rubrum","Sapindaceae",31,27,4
6.7,"alive",0.011346687,"rubrum","Sapindaceae",31,27,4
24,"alive",0.378562336,"rubra","Fagaceae",58,27,4
1.8,"alive",0.000705297,"cassinoides","Adoxaceae",28,27,4
1.5,"alive",0.000308596,"grandifolia","Fagaceae",43,27,4
1.6,"alive",0.000342654,"virginiana","Hamamelidaceae",8,27,4
18.8,"alive",0.174463407,"rubrum","Sapindaceae",31,27,4
21,"dead",0.233459482,"rubrum","Sapindaceae",31,27,4
12,"alive",0.079331877,"rubrum","Sapindaceae",31,27,4
5.3,"alive",0.00702024,"grandifolia","Fagaceae",43,27,4
26.5,"alive",0.490099644,"rubra","Fagaceae",58,27,4
16.9,"alive",0.091366292,"strobus","Pinaceae",51,27,4
4.9,"alive",0.004089447,"dentata","Fagaceae",41,27,4
15.4,"alive",0.102953692,"rubrum","Sapindaceae",31,27,4
8.7,"alive",0.025848697,"grandifolia","Fagaceae",43,27,4
1.4,"alive",0.000263498,"grandifolia","Fagaceae",43,27,4
8.7,"alive",0.017540187,"canadensis","Pinaceae",63,27,4
1.5,"alive",0.000682218,"corymbosum","Ericaceae",24,27,4
2.1,"alive",0.000768514,"cassinoides","Adoxaceae",28,27,4
19.3,"alive",0.186961625,"rubrum","Sapindaceae",31,27,4
26.5,"alive",0.490099644,"rubra","Fagaceae",58,27,4
23.7,"alive",0.320531466,"rubrum","Sapindaceae",31,27,4
3.7,"alive",0.00278119,"grandifolia","Fagaceae",43,27,4
7.3,"alive",0.016254829,"grandifolia","Fagaceae",43,27,4
15.4,"alive",0.102953692,"rubrum","Sapindaceae",31,27,4
2.6,"alive",0.001148088,"grandifolia","Fagaceae",43,27,4
8.9,"dead",0.032361851,"strobus","Pinaceae",51,27,4
3.4,"alive",0.001522865,"canadensis","Pinaceae",63,27,4
5.7,"alive",0.008487559,"grandifolia","Fagaceae",43,27,4
18.7,"alive",0.133408478,"canadensis","Pinaceae",63,27,4
3.4,"alive",0.001522865,"canadensis","Pinaceae",63,27,4
7.3,"alive",0.011030063,"canadensis","Pinaceae",63,27,4
31.5,"alive",1.231624257,"rubrum","Sapindaceae",31,27,4
9.1,"dead",0.01767934,"strobus","Pinaceae",51,27,4
3.5,"alive",0.002415093,"grandifolia","Fagaceae",43,27,4
4.5,"alive",0.004593362,"grandifolia","Fagaceae",43,27,4
6,"alive",0.009706496,"grandifolia","Fagaceae",43,27,4
1.1,"alive",0.000278857,"grandifolia","Fagaceae",43,27,4
9.7,"dead",0.032988274,"unknown","Unknown",65,27,4
13.7,"dead",0.082516427,"unk_hardwood","Unknown",71,27,4
16,"alive",0.11392263,"rubrum","Sapindaceae",31,27,4
4.9,"alive",0.005725226,"grandifolia","Fagaceae",43,27,4
26.2,"alive",0.47580351,"rubra","Fagaceae",58,27,4
33.9,"alive",0.627895371,"canadensis","Pinaceae",63,28,4
17.3,"alive",0.16008677,"rubra","Fagaceae",58,28,4
8.1,"alive",0.021393661,"grandifolia","Fagaceae",43,28,4
62.2,"alive",4.207207662,"grandifolia","Fagaceae",43,28,4
4.5,"alive",0.004593362,"grandifolia","Fagaceae",43,28,4
8.7,"alive",0.025848697,"grandifolia","Fagaceae",43,28,4
1.6,"alive",0.00035828,"grandifolia","Fagaceae",43,28,4
15.5,"alive",0.081222688,"canadensis","Pinaceae",63,28,4
15.1,"alive",0.097723568,"rubrum","Sapindaceae",31,28,4
12.3,"alive",0.043974061,"canadensis","Pinaceae",63,28,4
7,"alive",0.009874942,"canadensis","Pinaceae",63,28,4
4.2,"alive",0.002609706,"canadensis","Pinaceae",63,28,4
12.9,"alive",0.064349101,"rubrum","Sapindaceae",31,28,4
44.3,"alive",6.021430861,"rubra","Fagaceae",58,28,4
2.7,"alive",0.000855218,"canadensis","Pinaceae",63,28,4
17.1,"alive",0.094253314,"strobus","Pinaceae",51,28,4
30.5,"alive",0.705275234,"rubra","Fagaceae",58,28,4
2.4,"alive",0.000640006,"canadensis","Pinaceae",63,28,4
16.3,"alive",0.136760113,"grandifolia","Fagaceae",43,28,4
10.8,"alive",0.030310355,"abies","Pinaceae",47,28,4
29,"alive",0.608102803,"alleghaniensis","Betulaceae",34,28,4
5.4,"alive",0.005001454,"canadensis","Pinaceae",63,28,4
5.4,"alive",0.005001454,"canadensis","Pinaceae",63,28,4
10.3,"alive",0.033475059,"canadensis","Pinaceae",63,28,4
1,"alive",0.0000849,"canadensis","Pinaceae",63,28,4
29.8,"alive",0.664265797,"rubra","Fagaceae",58,28,4
1.3,"alive",0.00015118,"canadensis","Pinaceae",63,28,4
5.5,"alive",0.005246577,"canadensis","Pinaceae",63,28,4
1.2,"alive",0.000126407,"canadensis","Pinaceae",63,28,4
2.3,"alive",0.000576876,"canadensis","Pinaceae",63,28,4
12.4,"alive",0.044930021,"canadensis","Pinaceae",63,28,4
21,"alive",0.233459482,"rubrum","Sapindaceae",31,28,4
4.6,"alive",0.003298904,"canadensis","Pinaceae",63,28,4
4.2,"alive",0.003777206,"alleghaniensis","Betulaceae",34,28,4
3.3,"alive",0.001412282,"canadensis","Pinaceae",63,28,4
2.7,"alive",0.000855218,"canadensis","Pinaceae",63,28,4
2.7,"alive",0.000855218,"canadensis","Pinaceae",63,28,4
17,"alive",0.13374539,"rubrum","Sapindaceae",31,28,4
2.8,"alive",0.000935954,"canadensis","Pinaceae",63,28,4
14.3,"alive",0.065599027,"canadensis","Pinaceae",63,28,4
17.4,"alive",0.159641482,"alleghaniensis","Betulaceae",34,28,4
18.5,"alive",0.129677599,"canadensis","Pinaceae",63,28,4
1.9,"alive",0.000364207,"canadensis","Pinaceae",63,28,4
3.3,"alive",0.001412282,"canadensis","Pinaceae",63,28,4
11.1,"alive",0.03347933,"canadensis","Pinaceae",63,28,4
9.1,"alive",0.029118913,"grandifolia","Fagaceae",43,28,4
52.7,"alive",2.806640785,"rubra","Fagaceae",58,28,4
35.8,"alive",0.721775332,"canadensis","Pinaceae",63,28,4
18.2,"dead",0.160154925,"rubrum","Sapindaceae",31,28,4
15.1,"alive",0.075785624,"canadensis","Pinaceae",63,28,4
23.7,"alive",0.366321676,"rubra","Fagaceae",58,29,4
14.8,"alive",0.06996815,"rubens","Pinaceae",49,29,4
12.2,"alive",0.04303086,"canadensis","Pinaceae",63,29,4
11.1,"alive",0.048456924,"alleghaniensis","Betulaceae",34,29,4
23.1,"alive",0.232451876,"canadensis","Pinaceae",63,29,4
20.5,"alive",0.240075593,"canadensis","Pinaceae",63,29,4
18,"alive",0.107933028,"strobus","Pinaceae",51,29,4
23.8,"alive",0.359471354,"rubrum","Sapindaceae",31,29,4
5.8,"alive",0.007772066,"rubrum","Sapindaceae",31,29,4
2,"alive",0.000580169,"virginiana","Hamamelidaceae",8,29,4
13,"dead",0.0737249,"alleghaniensis","Betulaceae",34,29,4
10.8,"alive",0.045055933,"alleghaniensis","Betulaceae",34,29,4
12.1,"alive",0.054287298,"rubrum","Sapindaceae",31,29,4
34,"alive",0.63264771,"canadensis","Pinaceae",63,29,4
15.3,"dead",0.078475147,"canadensis","Pinaceae",63,29,4
10.4,"alive",0.040759313,"alleghaniensis","Betulaceae",34,29,4
6.4,"dead",0.007801308,"canadensis","Pinaceae",63,29,4
29.5,"alive",0.439125001,"canadensis","Pinaceae",63,29,4
19.6,"alive",0.194714423,"rubrum","Sapindaceae",31,29,4
12.3,"alive",0.043974061,"canadensis","Pinaceae",63,29,4
9.1,"alive",0.028598932,"alleghaniensis","Betulaceae",34,29,4
13.3,"alive",0.078328762,"alleghaniensis","Betulaceae",34,29,4
16,"alive",0.137405505,"alleghaniensis","Betulaceae",34,29,4
12.6,"alive",0.072256746,"canadensis","Pinaceae",63,29,4
22.4,"alive",0.316040764,"rubra","Fagaceae",58,29,4
26,"alive",0.399782062,"papyrifera","Betulaceae",36,29,4
11.7,"alive",0.038503999,"canadensis","Pinaceae",63,29,4
2.2,"alive",0.000517852,"canadensis","Pinaceae",63,29,4
3.3,"alive",0.001412282,"canadensis","Pinaceae",63,29,4
20,"alive",0.234686599,"rubra","Fagaceae",58,29,4
7.9,"alive",0.017521888,"rubrum","Sapindaceae",31,29,4
6.7,"alive",0.011346687,"rubrum","Sapindaceae",31,29,4
4.9,"alive",0.003884975,"canadensis","Pinaceae",63,29,4
4.2,"alive",0.002609706,"canadensis","Pinaceae",63,29,4
7.6,"alive",0.015818142,"rubrum","Sapindaceae",31,29,4
24.5,"alive",0.335296064,"serotina","Rosaceae",55,29,4
18.4,"alive",0.164841551,"rubrum","Sapindaceae",31,29,4
22.4,"alive",0.265248499,"serotina","Rosaceae",55,29,4
14.9,"alive",0.123057073,"canadensis","Pinaceae",63,29,4
8.8,"alive",0.026167562,"alleghaniensis","Betulaceae",34,29,4
6.2,"alive",0.009255376,"rubrum","Sapindaceae",31,29,4
10.3,"alive",0.027447742,"canadensis","Pinaceae",63,29,4
19.5,"alive",0.192108871,"rubrum","Sapindaceae",31,29,4
6.9,"dead",0.013761169,"alleghaniensis","Betulaceae",34,29,4
6.7,"alive",0.012736077,"alleghaniensis","Betulaceae",34,29,4
17.3,"alive",0.108630308,"canadensis","Pinaceae",63,29,4
6.7,"dead",0.012449932,"unknown","Betulaceae",68,29,4
23.6,"alive",0.317008109,"rubrum","Sapindaceae",31,29,4
11.6,"dead",0.053044662,"unk_hardwood","Unknown",71,29,4
8.1,"alive",0.021011631,"alleghaniensis","Betulaceae",34,29,4
7.2,"alive",0.01371488,"rubrum","Sapindaceae",31,29,4
14.2,"alive",0.093194726,"alleghaniensis","Betulaceae",34,29,4
15,"alive",0.10777465,"alleghaniensis","Betulaceae",34,29,4
11,"alive",0.042145399,"rubrum","Sapindaceae",31,29,4
39.1,"alive",2.291499979,"rubra","Fagaceae",58,30,4
10.8,"dead",0.04014074,"rubrum","Sapindaceae",31,30,4
2.1,"alive",0.000768514,"cassinoides","Adoxaceae",28,30,4
14,"alive",0.079961334,"rubrum","Sapindaceae",31,30,4
3.9,"alive",0.003180822,"grandifolia","Fagaceae",43,30,4
8.9,"alive",0.024021529,"rubrum","Sapindaceae",31,30,4
51.6,"alive",1.617625317,"strobus","Pinaceae",51,30,4
10.2,"alive",0.034488169,"rubrum","Sapindaceae",31,30,4
1.5,"alive",0.000187362,"strobus","Pinaceae",51,30,4
6.7,"dead",0.012402086,"unknown","Unknown",65,30,4
26.9,"alive",0.445859772,"rubrum","Sapindaceae",31,30,4
2.7,"alive",0.000765195,"strobus","Pinaceae",51,30,4
1.5,"alive",0.000187362,"strobus","Pinaceae",51,30,4
1.6,"alive",0.000243118,"canadensis","Pinaceae",63,30,4
1.5,"alive",0.000303086,"alleghaniensis","Betulaceae",34,30,4
1.1,"alive",0.000173276,"cassinoides","Adoxaceae",28,30,4
3.9,"alive",0.003180822,"grandifolia","Fagaceae",43,30,4
2.7,"alive",0.001485379,"laevis","Rosaceae",82,30,4
3.1,"alive",0.001778395,"grandifolia","Fagaceae",43,30,4
2.4,"alive",0.001549793,"grandifolia","Fagaceae",43,30,4
45.4,"alive",3.466607249,"rubra","Fagaceae",58,30,4
17.2,"alive",0.175108929,"grandifolia","Fagaceae",43,30,4
8.3,"alive",0.019967381,"rubrum","Sapindaceae",31,30,4
11.1,"alive",0.02995519,"strobus","Pinaceae",51,30,4
20.8,"alive",0.275089837,"rubrum","Sapindaceae",31,30,4
2.5,"alive",0.001042427,"grandifolia","Fagaceae",43,30,4
8.6,"alive",0.022248997,"rubrum","Sapindaceae",31,30,4
2,"alive",0.000606626,"grandifolia","Fagaceae",43,30,4
2,"alive",0.000368309,"strobus","Pinaceae",51,30,4
11.8,"alive",0.051254739,"rubrum","Sapindaceae",31,30,4
12.3,"alive",0.056703395,"rubrum","Sapindaceae",31,30,4
40.1,"alive",1.41866752,"rubra","Fagaceae",58,30,4
1.7,"alive",0.000689666,"mucronatus","Aquifoliaceae",16,30,4
2.1,"alive",0.000652295,"virginiana","Hamamelidaceae",8,30,4
18.3,"alive",0.162487928,"rubrum","Sapindaceae",31,30,4
21,"alive",0.233459482,"rubrum","Sapindaceae",31,30,4
1.3,"alive",0.000391235,"virginiana","Hamamelidaceae",8,30,4
2.1,"alive",0.000744561,"americana","Rosaceae",62,30,4
30,"alive",0.675835392,"rubra","Fagaceae",58,30,4
3.3,"alive",0.002081258,"grandifolia","Fagaceae",43,30,4
4.3,"alive",0.004085682,"grandifolia","Fagaceae",43,30,4
10.8,"alive",0.040275297,"rubrum","Sapindaceae",31,30,4
9.2,"dead",0.026228154,"rubrum","Sapindaceae",31,30,4
3.7,"alive",0.002731526,"alleghaniensis","Betulaceae",34,30,4
24,"alive",0.378562336,"rubra","Fagaceae",58,30,4
2,"alive",0.002229175,"cassinoides","Adoxaceae",28,30,4
16.1,"dead",0.150305689,"rubrum","Sapindaceae",31,30,4
1.3,"alive",0.000194943,"rubrum","Sapindaceae",31,30,4
2.6,"alive",0.001148088,"rubra","Fagaceae",58,30,4
2.2,"alive",0.000749522,"alleghaniensis","Betulaceae",34,30,4
21.8,"dead",0.178697896,"strobus","Pinaceae",51,30,4
1.5,"alive",0.000347722,"alnifolium","Adoxaceae",27,30,4
2.7,"alive",0.002074855,"cassinoides","Adoxaceae",28,30,4
15.9,"alive",0.077746842,"strobus","Pinaceae",51,30,4
13.8,"dead",0.053404792,"strobus","Pinaceae",51,30,4
25.1,"dead",0.425524595,"rubra","Fagaceae",58,31,4
14.8,"alive",0.092660522,"rubrum","Sapindaceae",31,31,4
15.1,"alive",0.093734851,"serotina","Rosaceae",55,31,4
12.2,"dead",0.038501296,"strobus","Pinaceae",51,31,4
1.2,"alive",0.000126407,"canadensis","Pinaceae",63,31,4
1.4,"alive",0.000178802,"canadensis","Pinaceae",63,31,4
9.4,"alive",0.027767544,"rubrum","Sapindaceae",31,31,4
8.9,"alive",0.024021529,"rubrum","Sapindaceae",31,31,4
24.5,"alive",0.342430023,"papyrifera","Betulaceae",36,31,4
18.1,"alive",0.180391408,"rubra","Fagaceae",58,31,4
22.3,"alive",0.267734424,"papyrifera","Betulaceae",36,31,4
36.8,"alive",0.692751,"strobus","Pinaceae",51,31,4
17.8,"alive",0.114041492,"abies","Pinaceae",47,31,4
23.9,"alive",0.314274986,"serotina","Rosaceae",55,31,4
27.9,"alive",0.527094524,"canadensis","Pinaceae",63,31,4
11.5,"dead",0.045491448,"serotina","Rosaceae",55,31,4
23.8,"alive",0.25132596,"canadensis","Pinaceae",63,31,4
17.3,"alive",0.137217232,"papyrifera","Betulaceae",36,31,4
20.6,"alive",0.212894345,"serotina","Rosaceae",55,31,4
31.6,"alive",0.77265553,"rubra","Fagaceae",58,31,4
17.2,"alive",0.168913243,"lenta","Betulaceae",35,31,4
39.4,"alive",1.356862009,"rubra","Fagaceae",58,31,4
9.1,"alive",0.019239282,"abies","Pinaceae",47,31,4
16.4,"dead",0.129809013,"serotina","Rosaceae",55,31,4
11.5,"dead",0.032908707,"strobus","Pinaceae",51,31,4
7.7,"alive",0.016373851,"rubrum","Sapindaceae",31,31,4
14.5,"alive",0.087762654,"rubrum","Sapindaceae",31,31,4
16.8,"alive",0.148142026,"rubra","Fagaceae",58,31,4
25.7,"alive",0.452534334,"rubra","Fagaceae",58,31,4
35.9,"alive",1.071261202,"rubra","Fagaceae",58,31,4
24.8,"alive",0.336136356,"strobus","Pinaceae",51,31,4
18.9,"alive",0.122761512,"strobus","Pinaceae",51,31,4
18.1,"alive",0.157842482,"rubrum","Sapindaceae",31,32,4
15.2,"dead",0.113655183,"rubra","Fagaceae",58,32,4
7.9,"alive",0.017521888,"rubrum","Sapindaceae",31,32,4
17.9,"alive",0.15327904,"rubrum","Sapindaceae",31,32,4
8,"alive",0.018114427,"rubrum","Sapindaceae",31,32,4
9.3,"dead",0.018728417,"strobus","Pinaceae",51,32,4
33.6,"alive",1.370905704,"rubra","Fagaceae",58,32,4
16.3,"dead",0.083032926,"strobus","Pinaceae",51,32,4
22.4,"alive",0.316040764,"rubra","Fagaceae",58,32,4
14.1,"dead",0.081485758,"rubrum","Sapindaceae",31,32,4
2.1,"alive",0.000462813,"canadensis","Pinaceae",63,32,4
12.3,"alive",0.056703395,"rubrum","Sapindaceae",31,32,4
11.1,"dead",0.032598295,"abies","Pinaceae",47,32,4
12.3,"alive",0.117785862,"rubrum","Sapindaceae",31,32,4
9.8,"dead",0.031013731,"rubrum","Sapindaceae",31,32,4
9.1,"alive",0.025479049,"rubrum","Sapindaceae",31,32,4
20.1,"alive",0.237787051,"rubra","Fagaceae",58,32,4
11.9,"dead",0.036037469,"strobus","Pinaceae",51,32,4
24.7,"dead",0.510620765,"unknown","Fagaceae",64,32,4
24.2,"alive",0.674151092,"rubra","Fagaceae",58,32,4
26.8,"alive",0.504648207,"rubra","Fagaceae",58,32,4
8.7,"alive",0.02261761,"rubrum","Sapindaceae",31,32,4
1.4,"alive",0.000178802,"canadensis","Pinaceae",63,32,4
12.7,"dead",0.067475739,"unknown","Unknown",65,32,4
14,"alive",0.079961334,"rubrum","Sapindaceae",31,32,4
36.1,"alive",1.086539593,"rubra","Fagaceae",58,32,4
15.3,"dead",0.110603864,"unknown","Unknown",65,32,4
17.1,"dead",0.14847026,"unknown","Unknown",65,32,4
15.7,"alive",0.118431077,"unknown","Unknown",65,32,4
27.7,"alive",0.738210414,"rubra","Fagaceae",58,32,4
15,"alive",0.096017415,"rubrum","Sapindaceae",31,32,4
10.2,"alive",0.034488169,"rubrum","Sapindaceae",31,32,4
8.4,"alive",0.020610489,"rubrum","Sapindaceae",31,32,4
8.1,"alive",0.018719453,"rubrum","Sapindaceae",31,32,4
4.8,"alive",0.004748912,"rubrum","Sapindaceae",31,32,4
27.1,"alive",0.31538058,"strobus","Pinaceae",51,32,4
32.5,"alive",1.7564913,"rubra","Fagaceae",58,32,4
19,"alive",0.179399565,"rubrum","Sapindaceae",31,32,4
37.4,"alive",1.188911129,"rubra","Fagaceae",58,33,4
2.4,"alive",0.000640006,"canadensis","Pinaceae",63,33,4
1.3,"alive",0.00015118,"canadensis","Pinaceae",63,33,4
4,"alive",0.002302804,"canadensis","Pinaceae",63,33,4
1.3,"alive",0.000251038,"alnifolium","Adoxaceae",27,33,4
37.7,"alive",1.2132926,"rubra","Fagaceae",58,33,4
7.6,"alive",0.01226713,"canadensis","Pinaceae",63,33,4
13.8,"alive",0.087960833,"grandifolia","Fagaceae",43,33,4
2.7,"alive",0.000855218,"canadensis","Pinaceae",63,33,4
2.3,"alive",0.000850133,"grandifolia","Fagaceae",43,33,4
3.5,"alive",0.002415093,"grandifolia","Fagaceae",43,33,4
3,"alive",0.001638169,"grandifolia","Fagaceae",43,33,4
3.7,"alive",0.00278119,"grandifolia","Fagaceae",43,33,4
12.6,"alive",0.069087003,"grandifolia","Fagaceae",43,33,4
7.2,"alive",0.015674149,"grandifolia","Fagaceae",43,33,4
2.5,"alive",0.001042427,"grandifolia","Fagaceae",43,33,4
15.2,"alive",0.099448285,"rubrum","Sapindaceae",31,33,4
2.2,"alive",0.00076315,"grandifolia","Fagaceae",43,33,4
1.5,"alive",0.000335812,"canadensis","Pinaceae",63,33,4
24.5,"alive",0.399501694,"rubra","Fagaceae",58,33,4
4.5,"alive",0.00492146,"lenta","Betulaceae",35,33,4
4.1,"alive",0.002453199,"canadensis","Pinaceae",63,33,4
2.4,"alive",0.000943166,"grandifolia","Fagaceae",43,33,4
11.5,"alive",0.054202577,"grandifolia","Fagaceae",43,33,4
5.4,"alive",0.007370564,"grandifolia","Fagaceae",43,33,4
6.4,"alive",0.011496665,"grandifolia","Fagaceae",43,33,4
8.7,"alive",0.02261761,"rubrum","Sapindaceae",31,33,4
17.6,"dead",0.167527527,"rubra","Fagaceae",58,33,4
11.7,"alive",0.038503999,"canadensis","Pinaceae",63,33,4
2.6,"alive",0.000779059,"canadensis","Pinaceae",63,33,4
13.6,"alive",0.084617849,"grandifolia","Fagaceae",43,33,4
11.1,"alive",0.0352414,"dentata","Fagaceae",41,33,4
9.4,"dead",0.030350311,"unk_hardwood","Unknown",71,33,4
28.9,"dead",0.586888988,"unk_hardwood","Unknown",71,33,4
38.9,"alive",0.891424387,"canadensis","Pinaceae",63,33,4
2.8,"alive",0.000985215,"dentata","Fagaceae",41,33,4
2.3,"alive",0.000607238,"dentata","Fagaceae",41,33,4
7.5,"alive",0.011845529,"canadensis","Pinaceae",63,33,4
15.9,"alive",0.112046919,"rubrum","Sapindaceae",31,33,4
1.2,"alive",0.000126407,"canadensis","Pinaceae",63,33,4
1.5,"alive",0.000209405,"canadensis","Pinaceae",63,33,4
6.9,"dead",0.012259951,"rubrum","Sapindaceae",31,33,4
3.6,"alive",0.002594029,"grandifolia","Fagaceae",43,33,4
4.1,"alive",0.003550683,"alleghaniensis","Betulaceae",34,33,4
5.7,"alive",0.008487559,"grandifolia","Fagaceae",43,33,4
4.7,"alive",0.005139482,"grandifolia","Fagaceae",43,33,4
3.3,"alive",0.002229919,"lenta","Betulaceae",35,33,4
18.7,"dead",0.11936548,"strobus","Pinaceae",51,33,4
9.3,"alive",0.033050148,"lenta","Betulaceae",35,33,4
9.1,"alive",0.020799223,"dentata","Fagaceae",41,33,4
42.1,"alive",1.603977953,"rubra","Fagaceae",58,33,4
48.9,"alive",2.332320082,"rubra","Fagaceae",58,33,4
6.3,"alive",0.011031051,"grandifolia","Fagaceae",43,33,4
3.8,"alive",0.002976736,"grandifolia","Fagaceae",43,33,4
7.3,"alive",0.015964564,"alleghaniensis","Betulaceae",34,34,4
1.1,"alive",0.000314212,"cassinoides","Adoxaceae",28,34,4
5.8,"alive",0.008723748,"alleghaniensis","Betulaceae",34,34,4
10.6,"alive",0.046771583,"lenta","Betulaceae",35,34,4
33.2,"alive",0.767509417,"rubrum","Sapindaceae",31,34,4
10.3,"alive",0.039726995,"alleghaniensis","Betulaceae",34,34,4
1,"alive",0.000140936,"cassinoides","Adoxaceae",28,34,4
1.6,"alive",0.000403704,"cassinoides","Adoxaceae",28,34,4
3.5,"alive",0.002590779,"alleghaniensis","Betulaceae",34,34,4
1.2,"alive",0.000300896,"prinophyllum","Ericaceae",18,34,4
3.1,"alive",0.001492582,"serotina","Rosaceae",55,34,4
55.4,"alive",3.173370529,"rubra","Fagaceae",58,34,4
1,"alive",0.000110672,"prinophyllum","Ericaceae",18,34,4
1.2,"alive",0.000219549,"laevis","Rosaceae",82,34,4
8.4,"alive",0.014301156,"strobus","Pinaceae",51,34,4
1.4,"alive",0.000233148,"prinophyllum","Ericaceae",18,34,4
2.4,"alive",0.000825271,"rubrum","Sapindaceae",31,34,4
1.9,"alive",0.001448895,"cassinoides","Adoxaceae",28,34,4
1,"alive",0.000140936,"cassinoides","Adoxaceae",28,34,4
1.1,"alive",0.000173276,"cassinoides","Adoxaceae",28,34,4
3.2,"alive",0.001685282,"rubrum","Sapindaceae",31,34,4
1,"alive",0.000104976,"serotina","Rosaceae",55,34,4
2.3,"alive",0.00108387,"rubrum","Sapindaceae",31,34,4
1.2,"alive",0.000162999,"rubrum","Sapindaceae",31,34,4
8,"alive",0.012569194,"strobus","Pinaceae",51,34,4
7.1,"alive",0.013218418,"rubrum","Sapindaceae",31,34,4
1.4,"alive",0.000252006,"virginiana","Hamamelidaceae",8,34,4
37.8,"alive",1.221483134,"rubra","Fagaceae",58,34,4
8.2,"alive",0.01933707,"rubrum","Sapindaceae",31,34,4
1.2,"alive",0.000383179,"dentatum","Adoxaceae",29,34,4
1.3,"alive",0.000262576,"laevis","Rosaceae",82,34,4
33,"alive",0.755708554,"rubrum","Sapindaceae",31,34,4
1.2,"alive",0.000325233,"virginiana","Hamamelidaceae",8,34,4
1,"alive",0.000140936,"alnifolium","Adoxaceae",27,34,4
1.6,"alive",0.000342654,"virginiana","Hamamelidaceae",8,34,4
1.6,"alive",0.000403704,"cassinoides","Adoxaceae",28,34,4
2.1,"alive",0.000891541,"virginiana","Hamamelidaceae",8,34,4
1.5,"alive",0.000308596,"grandifolia","Fagaceae",43,34,4
2.1,"alive",0.000753898,"corymbosum","Ericaceae",24,34,4
3,"alive",0.001608916,"alleghaniensis","Betulaceae",34,34,4
1.4,"alive",0.000252006,"virginiana","Hamamelidaceae",8,34,4
1.7,"alive",0.000674969,"cassinoides","Adoxaceae",28,34,4
3.7,"alive",0.002731526,"alleghaniensis","Betulaceae",34,34,4
2,"alive",0.000699792,"virginiana","Hamamelidaceae",8,34,4
16.2,"alive",0.117731654,"rubrum","Sapindaceae",31,34,4
2.5,"alive",0.000996963,"virginiana","Hamamelidaceae",8,34,4
1,"alive",0.000138256,"corymbosum","Ericaceae",24,34,4
4.5,"alive",0.00802917,"virginiana","Hamamelidaceae",8,34,4
50.8,"alive",2.563390991,"rubra","Fagaceae",58,34,4
7.3,"dead",0.014222975,"rubrum","Sapindaceae",31,34,4
4.3,"alive",0.003907494,"virginiana","Hamamelidaceae",8,34,4
7,"alive",0.015313667,"virginiana","Hamamelidaceae",8,34,4
2.6,"alive",0.001098016,"virginiana","Hamamelidaceae",8,34,4
4.8,"alive",0.005190627,"virginiana","Hamamelidaceae",8,34,4
34.9,"alive",0.996740708,"rubra","Fagaceae",58,34,4
3.5,"alive",0.00340778,"virginiana","Hamamelidaceae",8,34,4
1.3,"alive",0.000251038,"cassinoides","Adoxaceae",28,34,4
8.2,"alive",0.021704875,"alleghaniensis","Betulaceae",34,34,4
1.1,"alive",0.000169981,"corymbosum","Ericaceae",24,34,4
16.3,"alive",0.119665099,"rubrum","Sapindaceae",31,34,4
5.4,"alive",0.014490421,"virginiana","Hamamelidaceae",8,34,4
5.2,"alive",0.006442386,"rubrum","Sapindaceae",31,34,4
13.1,"dead",0.073267209,"unknown","Unknown",65,35,4
26,"alive",0.466412406,"rubra","Fagaceae",58,35,4
19.9,"alive",0.153028568,"abies","Pinaceae",47,35,4
9.2,"dead",0.028667737,"unknown","Unknown",65,35,4
19.2,"alive",0.280437235,"rubrum","Sapindaceae",31,35,4
16.2,"alive",0.088899412,"abies","Pinaceae",47,35,4
30.2,"dead",0.601582408,"rubrum","Sapindaceae",31,35,4
16.1,"dead",0.087454045,"abies","Pinaceae",47,35,4
10.9,"alive",0.031061452,"abies","Pinaceae",47,35,4
12.8,"alive",0.057483735,"unknown","Pinaceae",67,35,4
40.8,"alive",0.979212933,"abies","Pinaceae",47,35,4
1.7,"alive",0.000442219,"lenta","Betulaceae",35,35,4
3.7,"alive",0.002659895,"virginiana","Hamamelidaceae",8,35,4
34,"alive",0.96236916,"rubrum","Sapindaceae",31,35,4
12.3,"dead",0.096990293,"unknown","Pinaceae",67,35,4
12.6,"dead",0.04564677,"abies","Pinaceae",47,35,4
22.4,"dead",0.208812648,"abies","Pinaceae",47,35,4
29.1,"alive",0.412745174,"abies","Pinaceae",47,35,4
16,"alive",0.19146117,"rubrum","Sapindaceae",31,35,4
16.5,"dead",0.0933232,"abies","Pinaceae",47,35,4
14.2,"dead",0.062694634,"abies","Pinaceae",47,35,4
31.3,"alive",0.753921021,"rubra","Fagaceae",58,35,4
7.2,"dead",0.014990555,"unknown","Unknown",65,35,4
10.3,"dead",0.026725433,"abies","Pinaceae",47,35,4
14.3,"dead",0.077141349,"unknown","Pinaceae",67,35,4
27.8,"alive",1.132676975,"rubrum","Sapindaceae",31,35,4
12.4,"dead",0.063324939,"unknown","Unknown",65,35,4
10.6,"alive",0.028842476,"abies","Pinaceae",47,35,4
40.3,"alive",0.872231114,"strobus","Pinaceae",51,35,4
13.4,"dead",0.053752239,"abies","Pinaceae",47,35,4
24.8,"alive",0.279836361,"canadensis","Pinaceae",63,35,4
10.9,"dead",0.031061452,"abies","Pinaceae",47,35,4
11.4,"dead",0.044972423,"abies","Pinaceae",47,35,4
11.5,"dead",0.035812417,"abies","Pinaceae",47,35,4
18.2,"alive",0.1830342,"rubra","Fagaceae",58,35,4
29.1,"alive",0.423900449,"canadensis","Pinaceae",63,36,4
15.9,"alive",0.086893529,"canadensis","Pinaceae",63,36,4
22.7,"alive",0.321405341,"alleghaniensis","Betulaceae",34,36,4
28.3,"alive",0.394397757,"canadensis","Pinaceae",63,36,4
10.1,"alive",0.026055463,"canadensis","Pinaceae",63,36,4
12.6,"alive",0.060451128,"rubrum","Sapindaceae",31,36,4
17.4,"alive",0.110297751,"canadensis","Pinaceae",63,36,4
8.4,"dead",0.015983644,"canadensis","Pinaceae",63,36,4
19.8,"alive",0.19998966,"rubrum","Sapindaceae",31,36,4
10.9,"dead",0.031900951,"canadensis","Pinaceae",63,36,4
15.5,"alive",0.081222688,"canadensis","Pinaceae",63,36,4
19.4,"alive",0.146978279,"canadensis","Pinaceae",63,36,4
25.6,"alive",0.303975403,"canadensis","Pinaceae",63,36,4
16.3,"alive",0.092801505,"canadensis","Pinaceae",63,36,4
32.9,"alive",0.749848092,"rubrum","Sapindaceae",31,36,4
1.1,"alive",0.00010435,"canadensis","Pinaceae",63,36,4
21.4,"alive",0.245318911,"rubrum","Sapindaceae",31,36,4
24.1,"alive",0.259686741,"canadensis","Pinaceae",63,36,4
25.6,"alive",0.303975403,"canadensis","Pinaceae",63,36,4
50.1,"alive",1.680716928,"canadensis","Pinaceae",63,36,4
32.4,"alive",0.559099727,"canadensis","Pinaceae",63,36,4
12.1,"dead",0.042100354,"canadensis","Pinaceae",63,36,4
14.9,"alive",0.073153689,"canadensis","Pinaceae",63,36,4
18.3,"alive",0.126011046,"canadensis","Pinaceae",63,36,4
17.5,"alive",0.144396248,"rubrum","Sapindaceae",31,36,4
27.7,"alive",0.37309219,"canadensis","Pinaceae",63,36,4
21.3,"alive",0.187922194,"canadensis","Pinaceae",63,36,4
9.1,"alive",0.028598932,"alleghaniensis","Betulaceae",34,36,4
46.9,"alive",1.426472905,"canadensis","Pinaceae",63,36,4
12.7,"dead",0.047875077,"canadensis","Pinaceae",63,36,4
16.9,"dead",0.102115267,"canadensis","Pinaceae",63,36,4
24.9,"alive",0.416741149,"grandifolia","Fagaceae",43,36,4
30,"alive",0.458602587,"canadensis","Pinaceae",63,36,4
5,"alive",0.00409404,"canadensis","Pinaceae",63,36,4
12.5,"dead",0.045898802,"canadensis","Pinaceae",63,36,4
33.8,"alive",0.674101074,"canadensis","Pinaceae",63,36,4
2.7,"alive",0.000855218,"canadensis","Pinaceae",63,37,4
27.8,"alive",0.376594515,"canadensis","Pinaceae",63,37,4
41.7,"alive",1.565877291,"rubra","Fagaceae",58,37,4
5.3,"alive",0.004763734,"canadensis","Pinaceae",63,37,4
10.3,"alive",0.035393141,"rubrum","Sapindaceae",31,37,4
35,"alive",0.681321568,"canadensis","Pinaceae",63,37,4
15.8,"dead",0.085453718,"canadensis","Pinaceae",63,37,4
7.9,"alive",0.013588403,"canadensis","Pinaceae",63,37,4
10.3,"dead",0.027447742,"canadensis","Pinaceae",63,37,4
4.7,"alive",0.003487506,"canadensis","Pinaceae",63,37,4
1.3,"alive",0.00015118,"canadensis","Pinaceae",63,37,4
6.9,"alive",0.013761169,"alleghaniensis","Betulaceae",34,37,4
1.6,"alive",0.000243118,"canadensis","Pinaceae",63,37,4
5.4,"alive",0.005001454,"canadensis","Pinaceae",63,37,4
16.6,"alive",0.153773821,"lenta","Betulaceae",35,37,4
5.6,"alive",0.0054992,"canadensis","Pinaceae",63,37,4
12.3,"alive",0.043974061,"canadensis","Pinaceae",63,37,4
2,"alive",0.000411639,"canadensis","Pinaceae",63,37,4
5.1,"alive",0.004310124,"canadensis","Pinaceae",63,37,4
7.1,"alive",0.010251018,"canadensis","Pinaceae",63,37,4
14.9,"alive",0.073153689,"canadensis","Pinaceae",63,37,4
4.2,"alive",0.003777206,"alleghaniensis","Betulaceae",34,37,4
8,"alive",0.014047923,"canadensis","Pinaceae",63,37,4
6.2,"alive",0.010388688,"alleghaniensis","Betulaceae",34,37,4
23.3,"alive",0.318837869,"rubrum","Sapindaceae",31,37,4
17.2,"alive",0.137945815,"rubrum","Sapindaceae",31,37,4
13.5,"alive",0.056305383,"canadensis","Pinaceae",63,37,4
12.5,"alive",0.066432476,"alleghaniensis","Betulaceae",34,37,4
14.2,"alive",0.064389083,"canadensis","Pinaceae",63,37,4
17.9,"alive",0.205215392,"rubrum","Sapindaceae",31,37,4
16.6,"alive",0.125581953,"rubrum","Sapindaceae",31,37,4
7.3,"alive",0.017415888,"lenta","Betulaceae",35,37,4
32.4,"alive",0.559099727,"canadensis","Pinaceae",63,37,4
7.4,"alive",0.014742812,"rubrum","Sapindaceae",31,37,4
5.5,"dead",0.006765324,"rubrum","Sapindaceae",31,37,4
8.8,"alive",0.023312919,"rubrum","Sapindaceae",31,37,4
1.3,"alive",0.00015118,"canadensis","Pinaceae",63,37,4
10.4,"alive",0.02816098,"canadensis","Pinaceae",63,37,4
12.3,"alive",0.043974061,"canadensis","Pinaceae",63,37,4
12.9,"alive",0.073541829,"grandifolia","Fagaceae",43,37,4
6.5,"alive",0.008125586,"canadensis","Pinaceae",63,37,4
28.3,"alive",0.394397757,"canadensis","Pinaceae",63,37,4
14.6,"alive",0.089377042,"rubrum","Sapindaceae",31,37,4
6.8,"alive",0.009149255,"canadensis","Pinaceae",63,37,4
2.8,"alive",0.000935954,"canadensis","Pinaceae",63,37,4
6.2,"alive",0.007177639,"canadensis","Pinaceae",63,37,4
5.5,"dead",0.005246577,"canadensis","Pinaceae",63,37,4
9.6,"alive",0.022770904,"canadensis","Pinaceae",63,37,4
8.5,"alive",0.016492384,"canadensis","Pinaceae",63,37,4
14.3,"alive",0.065599027,"canadensis","Pinaceae",63,37,4
9,"alive",0.024238569,"papyrifera","Betulaceae",36,37,4
8.4,"alive",0.015983644,"canadensis","Pinaceae",63,37,4
1.6,"alive",0.000243118,"canadensis","Pinaceae",63,37,4
5.9,"alive",0.006302998,"canadensis","Pinaceae",63,37,4
5,"alive",0.00409404,"canadensis","Pinaceae",63,37,4
6.7,"alive",0.008799471,"canadensis","Pinaceae",63,37,4
5.8,"alive",0.006027317,"canadensis","Pinaceae",63,37,4
7.9,"alive",0.013588403,"canadensis","Pinaceae",63,37,4
5.8,"alive",0.006027317,"canadensis","Pinaceae",63,37,4
2.4,"alive",0.000640006,"canadensis","Pinaceae",63,37,4
30.6,"alive",0.482635233,"canadensis","Pinaceae",63,38,4
26.2,"alive",0.399335089,"serotina","Rosaceae",55,38,4
32.5,"alive",0.563541605,"canadensis","Pinaceae",63,38,4
46.9,"alive",1.426472905,"canadensis","Pinaceae",63,38,4
28.4,"alive",0.39801692,"canadensis","Pinaceae",63,38,4
25.5,"alive",0.435502586,"alleghaniensis","Betulaceae",34,38,4
18.6,"alive",0.131534975,"canadensis","Pinaceae",63,38,4
32.2,"alive",0.55027754,"canadensis","Pinaceae",63,38,4
38.8,"alive",0.885628854,"canadensis","Pinaceae",63,38,4
29.5,"alive",0.566240133,"rubrum","Sapindaceae",31,38,4
31.1,"alive",0.503215598,"canadensis","Pinaceae",63,38,4
48.7,"dead",2.308702651,"rubra","Fagaceae",58,38,4
31.2,"alive",0.507392299,"canadensis","Pinaceae",63,38,4
27.4,"alive",0.362701367,"canadensis","Pinaceae",63,38,4
31.5,"alive",0.752695372,"alleghaniensis","Betulaceae",34,38,4
23.8,"alive",0.25132596,"canadensis","Pinaceae",63,38,4
31.2,"alive",0.734383591,"alleghaniensis","Betulaceae",34,38,4
10.3,"alive",0.027447742,"canadensis","Pinaceae",63,38,4
13.8,"alive",0.059687708,"canadensis","Pinaceae",63,38,4
20.8,"dead",0.227662582,"rubrum","Sapindaceae",31,38,4
25.3,"alive",0.294783434,"canadensis","Pinaceae",63,38,4
32.2,"alive",0.55027754,"canadensis","Pinaceae",63,38,4
40.5,"alive",3.068897293,"rubrum","Sapindaceae",31,38,4
1.2,"alive",0.000514978,"latifolia","Ericaceae",11,39,4
5.2,"alive",0.009268044,"virginiana","Hamamelidaceae",8,39,4
2.2,"alive",0.002869903,"latifolia","Ericaceae",11,39,4
2.6,"alive",0.001144885,"mucronatus","Aquifoliaceae",16,39,4
4.3,"alive",0.0079283,"virginiana","Hamamelidaceae",8,39,4
2.8,"alive",0.001697338,"latifolia","Ericaceae",11,39,4
1.9,"alive",0.001051192,"latifolia","Ericaceae",11,39,4
8.6,"dead",0.023975808,"unknown","Unknown",65,39,4
12.1,"alive",0.043407307,"canadensis","Pinaceae",63,39,4
15.1,"alive",0.097723568,"rubrum","Sapindaceae",31,39,4
43.8,"alive",1.771738387,"rubra","Fagaceae",58,39,4
23,"alive",0.205635196,"strobus","Pinaceae",51,39,4
13.4,"alive",0.055205002,"canadensis","Pinaceae",63,39,4
7.4,"alive",0.011433201,"canadensis","Pinaceae",63,39,4
24.3,"alive",0.265351907,"canadensis","Pinaceae",63,39,4
35.7,"alive",1.056107856,"rubra","Fagaceae",58,39,4
6.4,"alive",0.010059582,"rubrum","Sapindaceae",31,39,4
19.2,"dead",0.143019452,"canadensis","Pinaceae",63,39,4
1.2,"alive",0.00017816,"virginiana","Hamamelidaceae",8,39,4
2.1,"alive",0.00096136,"latifolia","Ericaceae",11,39,4
3.1,"alive",0.001700834,"virginiana","Hamamelidaceae",8,39,4
12.9,"dead",0.064349101,"rubrum","Sapindaceae",31,39,4
3.4,"alive",0.002293418,"virginiana","Hamamelidaceae",8,39,4
1.1,"alive",0.000170256,"latifolia","Ericaceae",11,39,4
11.4,"alive",0.035936876,"canadensis","Pinaceae",63,39,4
6.3,"alive",0.011818983,"lenta","Betulaceae",35,39,4
9.5,"alive",0.034969006,"lenta","Betulaceae",35,39,4
8.1,"alive",0.014517127,"canadensis","Pinaceae",63,39,4
6.5,"alive",0.008125586,"canadensis","Pinaceae",63,39,4
11.5,"alive",0.03678032,"canadensis","Pinaceae",63,39,4
13.5,"alive",0.111765531,"rubrum","Sapindaceae",31,39,4
10.9,"alive",0.041135436,"rubrum","Sapindaceae",31,39,4
11.3,"alive",0.035105607,"canadensis","Pinaceae",63,39,4
4.7,"alive",0.003487506,"canadensis","Pinaceae",63,39,4
17.1,"alive",0.105341939,"canadensis","Pinaceae",63,39,4
10.4,"alive",0.02816098,"canadensis","Pinaceae",63,39,4
4.7,"alive",0.003487506,"canadensis","Pinaceae",63,39,4
1.8,"alive",0.000320393,"canadensis","Pinaceae",63,39,4
33.5,"alive",0.897612519,"rubra","Fagaceae",58,39,4
15.7,"alive",0.084028675,"canadensis","Pinaceae",63,39,4
6.6,"alive",0.013355175,"lenta","Betulaceae",35,39,4
3.9,"alive",0.002158415,"canadensis","Pinaceae",63,39,4
10.3,"alive",0.04333854,"lenta","Betulaceae",35,39,4
6.1,"alive",0.006878067,"canadensis","Pinaceae",63,39,4
15.1,"alive",0.075785624,"canadensis","Pinaceae",63,39,4
5.3,"alive",0.004763734,"canadensis","Pinaceae",63,39,4
37.6,"alive",1.20513377,"rubra","Fagaceae",58,39,4
20.7,"alive",0.275261825,"lenta","Betulaceae",35,39,4
9.1,"alive",0.019759262,"canadensis","Pinaceae",63,39,4
25,"alive",0.28575945,"canadensis","Pinaceae",63,39,4
12.6,"alive",0.074021789,"lenta","Betulaceae",35,39,4
7.5,"alive",0.011845529,"canadensis","Pinaceae",63,39,4
14.3,"alive",0.084588219,"rubrum","Sapindaceae",31,39,4
23.9,"dead",0.358124239,"unknown","Unknown",65,39,4
7.4,"alive",0.011433201,"canadensis","Pinaceae",63,39,4
48.4,"alive",2.27352796,"rubra","Fagaceae",58,39,4
9.1,"alive",0.019759262,"canadensis","Pinaceae",63,39,4
29.9,"alive",0.670035892,"rubra","Fagaceae",58,39,4
1.9,"alive",0.000594232,"latifolia","Ericaceae",11,39,4
5.3,"alive",0.004763734,"canadensis","Pinaceae",63,39,4
6.4,"dead",0.010995263,"unknown","Unknown",65,39,4
3.1,"alive",0.001700834,"virginiana","Hamamelidaceae",8,39,4
2.9,"alive",0.001439548,"virginiana","Hamamelidaceae",8,39,4
11.9,"alive",0.040277171,"canadensis","Pinaceae",63,39,4
6.3,"alive",0.007485356,"canadensis","Pinaceae",63,39,4
2.7,"alive",0.001395356,"latifolia","Ericaceae",11,39,4
2.6,"alive",0.001271097,"latifolia","Ericaceae",11,39,4
3,"alive",0.001566724,"virginiana","Hamamelidaceae",8,39,4
1.8,"alive",0.000451566,"virginiana","Hamamelidaceae",8,39,4
5.9,"alive",0.031549802,"virginiana","Hamamelidaceae",8,39,4
21,"alive",0.181050211,"canadensis","Pinaceae",63,39,4
11.1,"alive",0.03347933,"canadensis","Pinaceae",63,39,4
5.2,"alive",0.006389322,"virginiana","Hamamelidaceae",8,39,4
16.5,"alive",0.095845448,"canadensis","Pinaceae",63,39,4
11.7,"dead",0.038503999,"canadensis","Pinaceae",63,39,4
11.1,"alive",0.058626587,"grandifolia","Fagaceae",43,39,4
1.3,"alive",0.00022217,"verticillata","Aquifoliaceae",9,40,4
2.1,"alive",0.000833489,"verticillata","Aquifoliaceae",9,40,4
1.8,"alive",0.000470841,"verticillata","Aquifoliaceae",9,40,4
1.1,"alive",0.00015335,"verticillata","Aquifoliaceae",9,40,4
2.4,"alive",0.001248271,"verticillata","Aquifoliaceae",9,40,4
1.9,"alive",0.000688579,"verticillata","Aquifoliaceae",9,40,4
1.1,"alive",0.00015335,"verticillata","Aquifoliaceae",9,40,4
1.8,"alive",0.000624191,"verticillata","Aquifoliaceae",9,40,4
1.2,"alive",0.000185765,"verticillata","Aquifoliaceae",9,40,4
33.2,"alive",0.767509417,"rubrum","Sapindaceae",31,40,4
42.8,"alive",1.015088176,"strobus","Pinaceae",51,40,4
25.3,"alive",0.38011548,"rubrum","Sapindaceae",31,40,4
8,"alive",0.02033252,"alleghaniensis","Betulaceae",34,40,4
5.3,"alive",0.00702024,"grandifolia","Fagaceae",43,40,4
30.4,"alive",0.474544114,"canadensis","Pinaceae",63,40,4
31,"alive",1.023639105,"rubrum","Sapindaceae",31,40,4
4.2,"alive",0.002609706,"canadensis","Pinaceae",63,40,4
3.8,"alive",0.002019928,"canadensis","Pinaceae",63,40,4
39.7,"alive",0.839774006,"strobus","Pinaceae",51,40,4
42.3,"alive",1.770552979,"grandifolia","Fagaceae",43,40,4
2.3,"alive",0.000957917,"cassinoides","Adoxaceae",28,40,4
4,"alive",0.004793682,"corymbosum","Ericaceae",24,40,4
25.1,"alive",0.425437743,"rubrum","Sapindaceae",31,40,4
1.6,"alive",0.000329409,"benzoin","Lauraceae",12,40,4
2.8,"alive",0.001375453,"mucronatus","Aquifoliaceae",16,40,4
1.3,"alive",0.00022217,"verticillata","Aquifoliaceae",9,40,4
1.5,"alive",0.000307736,"verticillata","Aquifoliaceae",9,40,4
2.9,"alive",0.001500995,"verticillata","Aquifoliaceae",9,40,4
1.1,"alive",0.00015335,"verticillata","Aquifoliaceae",9,40,4
2.7,"alive",0.001256806,"verticillata","Aquifoliaceae",9,40,4
1.6,"alive",0.00035728,"verticillata","Aquifoliaceae",9,40,4
8,"dead",0.02033252,"alleghaniensis","Betulaceae",34,40,4
1.8,"alive",0.00091793,"corymbosum","Ericaceae",24,40,4
16,"alive",0.11392263,"rubrum","Sapindaceae",31,40,4
2.1,"alive",0.000680138,"verticillata","Aquifoliaceae",9,40,4
1.5,"alive",0.000307736,"verticillata","Aquifoliaceae",9,40,4
1.6,"alive",0.00035728,"verticillata","Aquifoliaceae",9,40,4
1.1,"alive",0.00015335,"verticillata","Aquifoliaceae",9,40,4
1.6,"alive",0.00035728,"verticillata","Aquifoliaceae",9,40,4
1.3,"alive",0.000346899,"verticillata","Aquifoliaceae",9,40,4
1.1,"alive",0.00015335,"verticillata","Aquifoliaceae",9,40,4
1,"alive",0.000124729,"verticillata","Aquifoliaceae",9,40,4
1,"alive",0.000124729,"verticillata","Aquifoliaceae",9,40,4
26.3,"alive",0.326081334,"canadensis","Pinaceae",63,40,4
30.7,"alive",0.627600981,"rubrum","Sapindaceae",31,40,4
1.2,"alive",0.000185765,"verticillata","Aquifoliaceae",9,40,4
1.5,"alive",0.000283729,"benzoin","Lauraceae",12,40,4
6.4,"alive",0.007801308,"canadensis","Pinaceae",63,41,4
5.6,"alive",0.0054992,"canadensis","Pinaceae",63,41,4
39.1,"alive",0.903080557,"canadensis","Pinaceae",63,41,4
27.7,"alive",0.37309219,"canadensis","Pinaceae",63,41,4
41.5,"alive",0.939263486,"strobus","Pinaceae",51,41,4
17.6,"alive",0.113679393,"canadensis","Pinaceae",63,41,4
16.7,"alive",0.143216964,"alleghaniensis","Betulaceae",34,41,4
29.2,"alive",0.427676895,"canadensis","Pinaceae",63,41,4
5.9,"alive",0.006302998,"canadensis","Pinaceae",63,41,4
19.2,"alive",0.143019452,"canadensis","Pinaceae",63,41,4
12.4,"dead",0.065030293,"alleghaniensis","Betulaceae",34,41,4
38,"alive",2.007308856,"rubrum","Sapindaceae",31,41,4
1.1,"alive",0.00010435,"canadensis","Pinaceae",63,41,4
24,"dead",0.256881585,"canadensis","Pinaceae",63,41,4
9.6,"dead",0.022770904,"canadensis","Pinaceae",63,41,4
31.3,"alive",0.659680893,"rubrum","Sapindaceae",31,41,4
6.5,"alive",0.008125586,"canadensis","Pinaceae",63,41,4
12.8,"alive",0.048882696,"canadensis","Pinaceae",63,41,4
27,"alive",0.349116901,"canadensis","Pinaceae",63,41,4
34.3,"dead",1.441062461,"rubrum","Sapindaceae",31,41,4
21,"alive",0.181050211,"canadensis","Pinaceae",63,41,4
8.5,"dead",0.016492384,"canadensis","Pinaceae",63,41,4
10.3,"alive",0.039726995,"alleghaniensis","Betulaceae",34,41,4
35.1,"alive",0.884971488,"rubrum","Sapindaceae",31,41,4
21.9,"alive",0.202133173,"canadensis","Pinaceae",63,41,4
3.2,"alive",0.001306953,"canadensis","Pinaceae",63,41,4
5.7,"alive",0.005759415,"canadensis","Pinaceae",63,41,4
2,"alive",0.000411639,"canadensis","Pinaceae",63,41,4
33.5,"alive",0.881583724,"alleghaniensis","Betulaceae",34,41,4
43,"alive",1.147880467,"canadensis","Pinaceae",63,41,4
14.3,"alive",0.065599027,"canadensis","Pinaceae",63,41,4
18.4,"alive",0.127836305,"canadensis","Pinaceae",63,41,4
8.5,"alive",0.016492384,"canadensis","Pinaceae",63,41,4
3.3,"alive",0.001412282,"canadensis","Pinaceae",63,41,4
1,"alive",0.0000849,"canadensis","Pinaceae",63,41,4
24.6,"alive",0.353299404,"rubrum","Sapindaceae",31,41,4
12.2,"alive",0.04303086,"canadensis","Pinaceae",63,41,4
27.4,"alive",0.362701367,"canadensis","Pinaceae",63,41,4
1.7,"alive",0.000280072,"canadensis","Pinaceae",63,41,4
5.8,"alive",0.006027317,"canadensis","Pinaceae",63,41,4
11.3,"alive",0.035105607,"canadensis","Pinaceae",63,41,4
14.4,"alive",0.066822925,"canadensis","Pinaceae",63,41,4
25.3,"alive",0.38011548,"rubrum","Sapindaceae",31,42,4
4.9,"alive",0.017238133,"virginiana","Hamamelidaceae",8,42,4
14.7,"dead",0.070578906,"canadensis","Pinaceae",63,42,4
24.1,"alive",0.334859218,"rubrum","Sapindaceae",31,42,4
14.1,"alive",0.091463606,"alleghaniensis","Betulaceae",34,42,4
30.4,"alive",0.474544114,"canadensis","Pinaceae",63,42,4
26.7,"alive",0.339130027,"canadensis","Pinaceae",63,42,4
4,"alive",0.003245601,"virginiana","Hamamelidaceae",8,42,4
5.6,"dead",0.007959368,"americana","Oleaceae",44,42,4
2.9,"alive",0.001425121,"pennsylvanicum","Sapindaceae",30,42,4
22,"alive",0.263778164,"rubrum","Sapindaceae",31,42,4
39.4,"alive",1.33263233,"americana","Oleaceae",44,42,4
34.4,"alive",0.651865858,"canadensis","Pinaceae",63,42,4
15.4,"alive",0.115560266,"americana","Oleaceae",44,42,4
25.8,"alive",0.412312393,"canadensis","Pinaceae",63,42,4
25.1,"alive",0.417925941,"alleghaniensis","Betulaceae",34,42,4
1.8,"alive",0.00079422,"virginiana","Hamamelidaceae",8,42,4
2.3,"alive",0.000847761,"verticillata","Aquifoliaceae",9,42,4
2.9,"alive",0.001478315,"americana","Oleaceae",44,42,4
22.4,"alive",0.508548929,"rubrum","Sapindaceae",31,42,4
5.4,"alive",0.006449243,"rubrum","Sapindaceae",31,42,4
2.1,"alive",0.000669861,"americana","Oleaceae",44,42,4
17,"alive",0.13374539,"rubrum","Sapindaceae",31,42,4
2.3,"alive",0.001001942,"laevis","Rosaceae",82,42,4
2.6,"alive",0.000779059,"canadensis","Pinaceae",63,42,4
25.9,"alive",0.453512926,"alleghaniensis","Betulaceae",34,42,4
1.2,"alive",0.000185765,"verticillata","Aquifoliaceae",9,42,4
2.4,"alive",0.000926324,"americana","Oleaceae",44,42,4
20.4,"alive",0.16776795,"canadensis","Pinaceae",63,42,4
1.3,"alive",0.00015118,"canadensis","Pinaceae",63,42,4
19.3,"alive",0.209854885,"alleghaniensis","Betulaceae",34,42,4
9.4,"alive",0.027767544,"rubrum","Sapindaceae",31,42,4
16.2,"alive",0.183999906,"alleghaniensis","Betulaceae",34,42,4
25.2,"alive",0.291756816,"canadensis","Pinaceae",63,42,4
19.3,"dead",0.209854885,"alleghaniensis","Betulaceae",34,42,4
12.8,"alive",0.114969302,"rubrum","Sapindaceae",31,43,4
14.3,"alive",0.058693866,"strobus","Pinaceae",51,43,4
1.1,"alive",0.000294145,"virginiana","Hamamelidaceae",8,43,4
2.6,"alive",0.001491723,"prinophyllum","Ericaceae",18,43,4
32.2,"alive",0.810935322,"rubra","Fagaceae",58,43,4
9.6,"alive",0.033557122,"grandifolia","Fagaceae",43,43,4
2,"alive",0.000714952,"laevis","Rosaceae",82,43,4
2.4,"alive",0.001594767,"cassinoides","Adoxaceae",28,43,4
1.6,"alive",0.000243118,"canadensis","Pinaceae",63,43,4
17.2,"alive",0.106978387,"canadensis","Pinaceae",63,43,4
1,"alive",0.000140936,"cassinoides","Adoxaceae",28,43,4
25.2,"alive",0.376212737,"rubrum","Sapindaceae",31,43,4
1.1,"alive",0.000314212,"cassinoides","Adoxaceae",28,43,4
14.3,"alive",0.084588219,"rubrum","Sapindaceae",31,43,4
3.6,"alive",0.002594029,"grandifolia","Fagaceae",43,43,4
1.4,"alive",0.000296905,"cassinoides","Adoxaceae",28,43,4
1.1,"alive",0.000147073,"virginiana","Hamamelidaceae",8,43,4
29.3,"alive",0.386054896,"strobus","Pinaceae",51,43,4
49.3,"alive",2.379957661,"rubra","Fagaceae",58,43,4
1.7,"alive",0.000606003,"cassinoides","Adoxaceae",28,43,4
2.1,"alive",0.001647244,"virginiana","Hamamelidaceae",8,43,4
22.7,"alive",0.327249075,"rubra","Fagaceae",58,43,4
1.6,"alive",0.000576981,"cassinoides","Adoxaceae",28,43,4
1.1,"alive",0.000169981,"corymbosum","Ericaceae",24,43,4
15.9,"alive",0.128053622,"grandifolia","Fagaceae",43,43,4
2.1,"alive",0.000620232,"dentata","Fagaceae",41,43,4
2.7,"alive",0.002180262,"virginiana","Hamamelidaceae",8,43,4
20.2,"alive",0.210798197,"rubrum","Sapindaceae",31,43,4
1.8,"alive",0.000521903,"corymbosum","Ericaceae",24,43,4
1,"alive",0.000138256,"corymbosum","Ericaceae",24,43,4
1.2,"alive",0.000162999,"rubrum","Sapindaceae",31,43,4
52,"alive",2.715601708,"rubra","Fagaceae",58,43,4
12.2,"alive",0.095627902,"rubrum","Sapindaceae",31,43,4
2.5,"alive",0.001510281,"virginiana","Hamamelidaceae",8,43,4
26.5,"alive",0.490099644,"rubra","Fagaceae",58,43,4
23.7,"alive",0.320531466,"rubrum","Sapindaceae",31,43,4
1.2,"alive",0.000186284,"grandifolia","Fagaceae",43,43,4
1.1,"alive",0.000173276,"cassinoides","Adoxaceae",28,43,4
2,"alive",0.000824474,"alnifolium","Adoxaceae",27,43,4
1.2,"alive",0.00017816,"virginiana","Hamamelidaceae",8,44,4
6.4,"alive",0.011496665,"grandifolia","Fagaceae",43,44,4
12.6,"alive",0.060451128,"rubrum","Sapindaceae",31,44,4
1.4,"alive",0.000252006,"virginiana","Hamamelidaceae",8,44,4
3.6,"alive",0.002932461,"virginiana","Hamamelidaceae",8,44,4
9.9,"alive",0.035762019,"alleghaniensis","Betulaceae",34,44,4
1.5,"alive",0.000295138,"virginiana","Hamamelidaceae",8,44,4
19.9,"alive",0.248154435,"lenta","Betulaceae",35,44,4
2.5,"alive",0.001042427,"grandifolia","Fagaceae",43,44,4
1.2,"alive",0.000186284,"grandifolia","Fagaceae",43,44,4
2.6,"alive",0.001911072,"virginiana","Hamamelidaceae",8,44,4
19.8,"alive",0.228559612,"grandifolia","Fagaceae",43,44,4
17,"alive",0.163769866,"lenta","Betulaceae",35,44,4
1.3,"alive",0.000213075,"virginiana","Hamamelidaceae",8,44,4
19.6,"alive",0.443179928,"lenta","Betulaceae",35,44,4
12.3,"alive",0.069432728,"lenta","Betulaceae",35,44,4
11.9,"alive",0.051936352,"rubrum","Sapindaceae",31,44,4
22.9,"alive",0.39373926,"lenta","Betulaceae",35,44,4
48,"alive",1.511244594,"canadensis","Pinaceae",63,44,4
2.8,"alive",0.001319145,"virginiana","Hamamelidaceae",8,44,4
7.3,"alive",0.016254829,"grandifolia","Fagaceae",43,44,4
3.8,"alive",0.004406082,"virginiana","Hamamelidaceae",8,44,4
47.1,"alive",2.124584173,"rubra","Fagaceae",58,44,4
61.8,"alive",4.14201125,"rubra","Fagaceae",58,44,4
3.7,"alive",0.004650383,"virginiana","Hamamelidaceae",8,44,4
2.5,"alive",0.001242625,"alleghaniensis","Betulaceae",34,44,4
3.2,"alive",0.005821393,"virginiana","Hamamelidaceae",8,44,4
7.3,"alive",0.015964564,"alleghaniensis","Betulaceae",34,44,4
3.1,"alive",0.002043488,"virginiana","Hamamelidaceae",8,44,4
19.7,"alive",0.24164245,"lenta","Betulaceae",35,44,4
3,"alive",0.001566724,"virginiana","Hamamelidaceae",8,44,4
5.1,"alive",0.004310124,"canadensis","Pinaceae",63,44,4
5.4,"alive",0.008291884,"virginiana","Betulaceae",46,44,4
