"secondary.id","primary.id","agb"
13,35,0.002594029
13,35,0.00166485
13,35,0.053103723
13,35,0.009874942
13,35,0.02093176
13,35,0.911356595
13,35,0.006680686
13,35,0.006033322
13,35,0.009288628
13,35,0.027773361
13,35,0.074021789
13,35,0.070942138
13,35,0.001663776
13,35,0.000595794
13,35,0.005485764
13,35,0.004555586
13,35,0.000671622
13,35,0.146683043
13,35,0.001395356
13,35,0.000522746
13,35,0.045898802
13,35,0.003337235
13,35,0.000291729
13,35,0.000411639
13,35,1.623223822
13,35,0.000308596
13,35,0.002327558
14,35,0.000262763
13,35,0.035936876
13,35,0.002371966
13,35,0.021266495
13,35,0.126065745
13,35,0.000702487
13,35,0.012166084
13,35,0.014996095
13,35,0.000307736
13,35,0.001796918
13,35,0.000167876
13,35,0.010293591
13,35,0.000262763
13,35,0.000185765
14,35,0.000680138
14,35,0.000262763
14,35,0.000307736
14,35,0.000307736
14,35,0.000185765
14,35,0.00015335
14,35,0.000109443
14,35,0.001005721
14,35,0.002071226
14,35,0.00035728
14,35,0.001017597
14,35,0.000407935
14,35,0.238948608
14,35,0.00152462
14,35,0.001313021
14,35,0.000341109
14,35,0.00022217
14,35,0.00022217
14,35,0.002453956
14,35,0.00022217
14,35,0.000310494
14,35,0.000262763
14,35,0.000604934
14,35,0.000185765
14,35,0.000691884
14,35,0.000411586
14,35,0.001526351
14,35,0.000205911
14,35,0.239344789
14,35,0.000411586
14,35,0.001011648
14,35,0.002634306
14,35,0.000680138
14,35,0.000307736
14,35,0.00022217
14,35,0.000484933
14,35,0.000124729
14,35,0.00015335
14,35,0.035762019
14,35,0.000719322
14,35,0.000314212
14,35,0.0004935
14,35,0.000307736
14,35,0.000411586
14,35,0.00022217
14,35,0.00239175
14,35,0.000310494
14,35,0.000470841
14,35,0.000307736
14,35,0.000470841
14,35,0.000185765
14,35,0.000761021
14,35,0.000339115
14,35,0.000185765
14,35,0.000804867
14,35,0.00015335
14,35,0.016548054
14,35,0.000246264
14,35,0.093194726
14,35,0.00015335
14,35,0.001039519
14,35,0.000262763
14,35,0.09494596
14,35,0.011845529
13,35,0.000463726
13,35,0.012657187
13,35,0.002659895
13,35,0.001505194
13,35,0.001965451
13,35,0.069432728
13,35,0.227662582
13,35,0.012736077
13,35,0.005246577
13,35,0.0013793
13,35,0.000375521
13,35,0.009854914
13,35,0.002116466
13,35,0.00035728
14,35,0.000614436
14,35,0.000867697
14,35,0.00015335
14,35,0.00022217
14,35,0.000262763
14,35,0.000209903
14,35,0.000185765
14,35,0.000461086
14,35,0.000306701
14,35,0.00015335
14,35,0.00015335
14,35,0.000262763
14,35,0.000411586
14,35,0.001979988
14,35,0.000535229
14,35,0.000138256
14,35,0.000801236
14,35,0.001117691
14,35,0.000601878
14,35,0.00015335
14,35,0.000726607
14,35,0.003318483
13,35,0.123683012
13,35,0.003892943
14,35,0.001732734
14,35,0.00015335
13,35,0.000185765
1,35,0.00290619
1,35,0.001393106
1,35,0.018446842
1,35,0.000140936
1,35,0.000465067
1,35,1.436981328
1,35,1.202251048
1,35,0.006649542
1,35,0.001205355
1,35,0.028558022
1,35,0.001098016
1,35,0.31003138
1,35,0.00628351
1,35,0.003678152
1,35,0.000844051
1,35,0.001522314
1,35,0.003252705
1,35,0.00015335
1,35,0.002055884
1,35,0.000604775
1,35,0.034450947
1,35,0.000262576
1,35,0.023161889
1,35,0.001773978
1,35,0.292995707
1,35,0.00251317
1,35,0.003066615
1,35,0.001963695
1,35,0.011291367
1,35,0.115393688
1,35,0.194714423
1,35,0.059606219
1,35,0.048882696
1,35,0.003333005
1,35,0.181899152
1,35,0.004012723
14,35,0.001457417
14,35,0.000858332
14,35,0.122468838
14,35,0.00253097
14,35,0.00022217
14,35,0.003330873
14,35,0.000407935
14,35,0.000543045
14,35,0.000865903
14,35,0.000185765
14,35,0.001186548
14,35,0.000296905
14,35,0.000307736
14,35,0.0014837
14,35,0.000843553
14,35,0.005243345
14,35,0.102953692
14,35,0.000124729
14,35,0.000831832
14,35,0.000307736
14,35,0.000341109
14,35,0.000185765
14,35,0.000169981
14,35,0.000461086
14,35,0.001686938
14,35,0.00022217
14,35,0.000995564
14,35,0.001760431
14,35,0.000996366
14,35,0.015258619
14,35,0.002512093
14,35,0.000124729
14,35,0.00022217
14,35,0.000185765
14,35,0.000262763
14,35,0.001531997
14,35,0.00022217
14,35,0.001515826
14,35,0.001810762
14,35,0.003747785
14,35,0.002410056
14,35,0.13374539
14,35,0.004696976
14,35,0.000169981
14,35,0.001075775
14,35,0.002965768
14,35,0.000185765
14,35,0.00022217
11,22,0.081494633
11,22,0.074563618
11,22,0.229841418
11,22,1.004052837
11,22,0.00022217
11,22,0.000185765
11,22,0.014837
11,22,0.000185765
15,22,0.000218813
15,22,0.03481133
15,22,0.089752517
15,22,0.008948916
15,22,0.037777442
15,22,0.001683091
15,22,0.000185765
15,22,0.000535229
11,22,0.000535229
11,22,0.000262763
15,22,0.003520863
15,22,0.022705092
15,22,0.000109443
15,22,0.000205911
15,22,0.002772812
15,22,0.002706541
15,22,0.000185765
15,22,0.00017816
15,22,0.000978998
15,22,0.012158045
15,22,0.001109694
15,22,0.041744063
15,22,0.001386702
15,22,0.007744764
15,22,0.123590183
15,22,0.000138256
15,22,0.008186176
15,22,0.005272076
15,22,0.000361145
15,22,0.000246264
15,38,0.253661347
15,38,0.000543045
15,38,0.006400705
15,38,0.003607468
15,38,0.004571508
15,38,0.000205911
15,38,0.001393106
11,51,0.001959344
11,51,0.000761021
11,51,0.000954632
11,51,0.00152211
11,51,0.003413232
11,51,0.000124729
11,51,0.000570695
11,51,0.000375892
11,51,0.001769026
11,51,0.000680138
11,51,0.000258792
11,51,0.007627118
11,51,0.008453972
11,51,0.001264039
11,51,0.000351882
11,51,0.000307736
11,51,0.000185765
11,51,0.000278079
11,51,0.000169981
11,51,0.000521903
11,51,0.000510631
11,51,0.001250636
11,51,0.00015335
11,51,0.000262763
11,51,0.000185765
11,51,0.000124729
11,51,0.000535229
11,51,0.001727647
11,51,0.000570498
11,51,0.00035728
11,51,0.00022217
11,51,0.181899152
11,51,0.000182958
11,51,0.000411586
11,51,0.000307736
11,51,0.000666992
11,51,0.003406667
11,51,0.000291259
11,51,0.000291259
11,51,0.00035728
11,51,0.000307736
11,51,0.000535229
11,51,0.000411586
11,51,0.000185765
11,51,0.00022217
11,51,0.00022217
11,51,0.000926744
11,51,0.000688579
11,51,0.000262763
11,51,0.000124729
11,51,0.005730607
11,51,0.000622156
11,51,0.001205361
11,51,0.00022217
11,51,0.000124729
11,51,0.000246264
11,51,0.000185765
11,51,0.000617195
11,51,0.000310494
11,51,0.00086503
11,51,0.00164105
11,51,0.000310494
11,51,0.000249458
11,51,0.000278079
11,51,0.020373967
11,51,0.000617505
11,51,0.000470841
11,51,0.001051473
11,51,0.000761021
11,51,0.001727647
11,51,0.000185765
11,51,0.000855459
11,51,0.000850781
11,51,0.000525525
11,51,0.00114519
11,51,0.000185765
16,51,0.000532664
16,51,0.000630105
16,51,0.000396027
16,51,0.00015335
16,51,0.000262763
16,51,0.382658275
16,51,0.002839843
16,51,0.000185765
16,51,0.000303086
16,51,0.000307736
16,51,0.000205911
11,51,0.000411586
11,51,0.002524237
11,51,0.00110792
11,51,0.000817188
11,51,0.000815608
11,51,0.000492691
11,51,0.001144885
11,51,0.000777542
11,51,0.000258792
11,51,0.00022217
11,51,0.000169981
11,51,0.001616628
11,51,0.000138168
11,51,0.00022217
16,51,0.000291259
16,51,0.008582005
16,51,0.006559262
16,51,0.000169981
16,51,0.000456223
16,51,0.001887281
11,51,0.000124729
11,51,0.000323557
11,51,0.00046124
11,51,0.001212517
11,51,0.000174653
11,51,0.000452175
11,51,0.001870666
11,51,0.000888556
11,51,0.000185765
11,51,0.000138256
11,51,0.001264989
11,51,0.000396027
11,51,0.004682524
11,51,0.001035478
11,51,0.004039272
11,51,0.000633757
11,51,0.00022217
11,51,0.000124583
11,51,0.761698829
11,51,0.002184532
11,51,0.000792054
4,51,0.002586793
4,51,0.000138256
4,51,0.000456223
4,51,0.000124729
4,51,0.000169981
4,51,0.000185765
4,51,0.003295781
4,51,0.000680138
4,51,0.000185765
4,51,0.00022217
4,51,0.094329757
4,51,0.000174653
4,51,0.000341109
4,51,0.000456223
4,51,0.000665016
4,51,0.000344166
4,51,0.000307736
4,51,0.000370757
4,51,0.000124729
4,51,0.000291259
4,51,0.002443083
11,51,0.199880937
11,51,0.000122844
11,51,0.004385364
11,51,0.000209903
11,51,0.00022217
11,51,0.000205911
11,51,0.000169981
11,51,0.00023056
11,51,0.000706275
11,51,0.000550077
11,51,0.000633549
4,51,0.000426899
4,51,0.004082726
4,51,0.014222975
4,51,0.174463407
4,51,0.000944703
4,51,0.194714423
4,51,0.000209903
4,51,0.002247927
4,51,0.000430925
4,51,0.000341109
4,51,0.000341109
10,37,0.000303086
10,37,0.000138256
10,37,0.00325382
10,37,0.000632902
10,37,0.000169981
10,37,0.002383165
10,37,0.17135315
10,37,0.00123785
10,37,0.000169981
10,37,0.000375892
10,37,0.000169981
10,37,0.0000981
10,37,0.001833539
10,37,0.000217527
10,37,0.000154002
10,37,0.000470289
10,37,0.000169981
10,37,0.372334021
10,37,0.000153171
10,37,0.005242463
10,37,0.000407457
10,37,0.001187752
7,37,0.000169874
7,37,0.000375892
7,37,0.19998966
7,37,0.002335
7,37,0.000452175
7,37,0.000169981
7,37,0.000169981
7,37,0.26693352
7,37,0.000344166
10,37,0.001961749
10,37,0.000174653
7,37,0.000291259
7,37,0.000341109
7,37,0.018107959
7,37,0.000146034
7,37,0.000273878
7,37,0.000341109
7,37,0.000205911
7,37,0.00015335
7,37,0.000307736
7,37,0.000205781
7,37,0.000310551
7,37,0.000306701
7,37,0.00046124
7,37,0.000272442
7,37,0.000680138
7,37,0.000568797
7,37,0.000147413
7,37,0.000262763
7,37,0.000341109
7,37,0.00023056
7,37,0.152570464
7,37,0.000185765
7,37,0.000124729
7,37,0.000262763
7,37,0.000124729
7,37,0.000470841
7,37,0.000866069
7,37,0.000205911
7,37,0.00018124
7,37,0.000680138
12,37,0.000521903
12,37,0.000313495
10,37,0.000138256
7,37,0.01028873
7,37,0.00537038
7,37,0.003979482
7,37,0.000396027
7,37,0.001474212
7,37,0.000717001
7,37,0.00046124
7,37,0.000169981
7,37,0.000113101
7,37,0.000375892
7,37,0.002161204
7,37,0.000218813
7,37,0.000448481
7,37,0.002857072
7,37,0.008869087
7,37,0.000344166
7,37,0.000825271
7,37,0.000124583
7,37,0.034450947
7,37,0.00022191
7,37,0.000527142
7,37,0.00018124
7,37,0.000169981
7,37,0.570323971
7,37,0.000205911
7,37,0.000205911
7,37,0.000138168
7,37,0.000463726
7,37,0.000187362
7,37,0.00022217
7,37,0.169610889
7,37,0.00211603
7,37,0.00015335
7,37,0.000124729
7,37,0.000691884
7,37,0.000169874
7,37,0.000153171
7,37,0.000534602
7,37,0.000395777
7,37,0.000452175
7,37,0.000307736
7,37,0.000169981
7,37,0.002433542
7,37,0.000138256
7,37,0.000456223
7,37,0.000375892
15,22,0.047100026
15,22,0.000846769
15,22,0.00054702
15,22,0.001184013
15,22,0.176555408
15,22,0.000291259
15,22,0.000604775
15,22,0.059687708
15,22,0.104734519
15,22,0.002158415
15,22,0.130134814
15,22,0.002345132
15,22,0.001786843
15,22,0.002508819
15,22,0.050785104
15,22,0.071185398
15,22,0.003237278
15,22,0.000396027
15,22,0.002749705
15,22,0.003155136
15,22,0.002332665
15,22,0.000593274
15,22,0.00070061
15,22,0.013370802
15,22,0.000138256
15,22,0.000808794
15,22,0.047427254
15,22,0.000347722
15,22,0.005108862
15,22,0.000396027
15,22,0.000109443
15,22,0.000138256
15,22,0.019967381
11,22,0.029439765
11,22,1.875909202
11,22,0.021594243
11,22,0.010167617
11,22,0.004511338
11,22,0.034671364
11,22,0.000433674
12,22,0.010577573
12,22,0.011333114
12,22,0.018628941
12,22,0.870395033
12,22,0.009358876
15,22,0.002958723
15,22,0.541764316
11,22,0.157164476
11,22,0.05300389
11,22,0.000396027
12,22,0.000296905
12,22,0.052013899
12,22,0.03678032
12,22,0.00152462
12,22,0.007370564
12,22,0.000307736
12,22,0.113582449
12,22,0.000904177
12,22,0.000169981
12,22,0.000138256
12,22,0.027852759
1,79,1.221483134
1,79,0.000147073
1,79,0.001898996
1,79,0.00017816
1,79,0.000140936
1,79,0.000683538
1,79,0.073541829
1,79,0.000185765
1,79,0.225181954
1,79,0.000479365
1,79,1.272931997
1,79,0.000173276
1,79,0.039161222
1,79,0.103198222
1,79,0.000967201
1,79,0.000422258
1,79,0.001075775
1,79,0.000296905
1,79,0.060416085
1,79,0.001228574
1,79,0.000296905
5,65,0.000251038
5,65,0.000456223
5,65,0.039726995
5,65,0.556373233
5,65,0.000291259
5,65,0.000291259
5,65,0.00022217
5,65,0.000719322
5,65,0.000124729
5,65,0.000922172
5,65,0.000173276
5,65,0.11392263
5,65,0.00015335
5,65,0.003191443
5,65,0.00015335
5,65,0.000407935
5,65,0.00015335
5,65,0.000525525
5,65,0.001461878
5,65,0.000416113
5,65,0.000761021
5,65,0.000262763
5,65,0.000375521
5,65,0.002073196
5,65,0.000346899
5,65,0.00035728
5,65,0.001144885
5,65,0.001415656
5,65,0.003476618
5,65,0.00022217
5,65,0.001629818
5,65,0.001375453
5,65,0.000461086
5,65,0.000387492
5,65,0.000124729
5,65,0.000761021
5,65,0.00088575
5,65,0.000809956
5,65,0.000535229
5,65,0.000604934
5,65,0.00022217
5,65,0.000209903
5,65,0.000448527
5,65,0.000470841
5,65,0.000185765
5,65,0.00109748
5,65,0.00035728
5,65,0.000124729
5,65,0.000124729
5,65,0.000407935
5,65,0.00035728
5,65,0.002408356
5,65,0.001192359
5,65,0.000470841
5,65,0.000185765
5,65,0.000375521
5,65,0.001325958
5,65,0.000375521
5,65,0.000307736
5,65,0.000185765
5,65,0.00015335
5,65,0.000124729
5,65,0.00119287
5,65,0.000461086
5,65,0.003014071
5,65,0.000307736
5,65,0.000882805
5,65,0.091009641
5,65,0.000609662
5,65,0.000529906
5,65,0.001231862
5,65,0.00015335
5,65,0.001352122
5,65,0.000185765
5,65,0.000630105
10,65,0.000185765
5,65,0.000307736
5,65,0.000307736
5,65,0.000525525
5,65,0.0004935
5,65,0.000633757
5,65,0.000185765
5,65,0.000307736
5,65,0.000579451
5,65,0.000185765
5,65,0.00044434
5,65,0.002104568
5,65,0.000169981
5,65,0.000262763
5,65,0.000124729
5,65,0.000778576
5,65,0.000656606
5,65,0.000396027
5,65,0.000310494
5,65,0.001347255
5,65,0.000470841
5,65,0.000185765
5,65,0.000787107
10,65,0.004748912
10,65,0.614061849
10,65,0.000307736
10,65,0.005515051
10,65,0.000185765
10,65,0.001773435
10,65,0.00015335
10,65,0.000375521
10,65,0.000847761
10,65,0.000733603
10,65,0.000484933
10,65,0.001475765
10,65,0.000827104
10,65,0.000185765
10,65,0.000564937
10,65,0.000375521
10,65,0.00015335
10,65,0.000387492
10,65,0.00015335
10,65,0.000185765
10,65,0.00022217
10,65,0.000847761
10,65,0.001039519
10,65,0.000262763
10,65,0.003094973
10,65,0.000529906
10,65,0.072672932
10,65,0.000683256
10,65,0.00015335
10,65,0.000124729
10,65,0.000696396
10,65,0.00100607
10,65,0.000411586
10,65,0.000185765
10,65,0.000601878
10,65,0.000411586
10,65,0.041145317
10,65,0.001901184
10,65,0.000185765
10,65,0.000306701
10,65,0.001685282
10,65,0.000470841
10,65,0.000940536
10,65,0.143216964
10,65,0.108352765
10,65,0.00091267
10,65,0.001920664
10,65,0.000169981
10,65,0.000262763
10,65,0.000757399
10,65,0.00022217
10,65,0.000470841
10,65,0.000470841
10,65,0.000604934
10,65,0.000347722
10,65,0.000729663
10,65,0.001668393
10,65,0.001140163
10,65,0.000867697
10,65,0.003480994
10,65,0.005579114
10,65,0.000310494
10,65,0.000680138
10,65,0.001148513
10,65,0.001558612
10,65,0.001561218
10,65,0.000847761
10,65,0.003319691
10,65,0.000761021
10,65,0.248339403
10,65,0.001500995
10,65,0.000124729
10,65,0.001039519
10,65,0.00015335
10,65,0.000124729
10,65,0.000185765
10,65,0.00022217
10,65,0.00335372
10,65,0.001269614
10,65,0.006055732
10,65,0.00015335
10,65,0.000492922
10,65,0.21829361
10,65,0.001275708
10,65,0.001966229
10,65,0.046339655
10,65,0.001918815
10,65,0.001609347
10,65,0.00095873
10,65,0.000151033
10,65,1.005294235
10,65,0.000151033
10,65,0.001299776
10,65,0.001750226
10,65,0.000209903
5,65,0.000124729
5,65,0.000124729
5,65,0.000307736
10,65,0.000185765
5,65,0.0031601
5,65,0.002313491
5,65,0.000847761
5,65,0.000387492
5,65,0.00122824
5,65,0.002947636
5,65,0.00035728
5,65,0.001738816
5,65,0.00200786
5,65,0.117731654
5,65,0.001873559
5,65,0.000680138
5,65,0.000482009
5,65,0.001037399
5,65,0.000654635
5,65,0.001256806
5,65,0.00063536
5,65,0.00015335
5,65,0.001118302
5,65,0.00179842
5,65,0.000411586
5,65,0.000535229
5,65,0.000761021
5,65,0.000470841
5,65,0.000878234
5,65,0.000484933
5,65,0.000946786
5,65,0.000940536
5,65,0.000307736
5,65,0.000604934
5,65,0.001500995
5,65,0.000307736
5,65,0.001637483
5,65,0.002520338
5,65,0.00015335
5,65,0.000307736
5,65,0.000124729
5,65,0.003398677
5,65,0.00015335
5,65,0.000535229
5,65,0.000124729
5,65,0.00022217
5,65,0.00022217
5,65,0.001028822
5,65,0.000173276
5,65,0.000306701
5,65,0.000865903
5,65,0.001039519
5,65,0.002405597
5,65,0.00035728
5,65,0.000604934
5,65,0.00015335
5,65,0.001251029
5,65,0.000209903
5,65,0.000540842
5,65,0.000570498
5,65,0.000185765
5,65,0.000535229
5,65,0.000185765
5,65,0.00105105
5,65,0.000867697
5,65,0.000185765
5,65,0.000124729
5,65,0.00100607
5,65,0.000528871
5,65,0.000758285
5,65,0.000463844
5,65,0.000185765
5,65,0.000451889
5,65,0.000535229
5,65,0.000842964
5,65,0.0004935
5,65,0.001256806
5,65,0.002091954
5,65,0.000470841
5,65,0.000249458
5,65,0.000411586
5,65,0.004684146
5,65,0.000124729
5,65,0.000689666
5,65,0.000262763
5,65,0.000667774
5,65,0.00015335
5,65,0.001614087
5,65,0.000173276
5,65,0.000535229
5,65,0.035762019
5,65,0.001977186
5,65,0.00118208
5,65,0.003499956
5,65,0.00015335
5,65,0.000570498
5,65,0.000124729
5,65,0.000124729
5,65,0.000836019
5,65,0.001175432
5,65,0.000124729
5,65,0.00022217
5,65,0.005970929
5,65,0.000124729
5,65,0.000173276
5,65,0.00015335
5,65,0.000411586
5,65,0.000470841
5,65,0.001048613
5,65,0.000411586
5,65,0.000185765
5,65,0.000341109
5,65,0.000448527
5,65,0.000720299
5,65,0.000375521
5,65,0.001113543
5,65,0.000307736
5,65,0.000185765
5,65,0.000470841
5,65,0.000169981
5,65,0.000124729
5,65,1.033241362
5,65,0.001654346
5,65,0.003339315
5,65,0.000124729
5,65,0.000670539
5,65,0.000482009
5,65,0.00015335
5,65,0.00022217
5,65,0.00035728
5,65,0.000411586
5,65,0.001945386
5,65,0.002092204
5,65,0.00022217
5,65,0.000307736
5,65,0.000896519
5,65,0.000680138
5,65,0.000665016
5,65,0.00022217
5,65,0.000339115
5,65,0.000915428
5,65,0.00015335
5,65,0.001075775
5,65,0.000604934
5,65,0.00022217
5,65,0.000604934
5,65,0.001035478
5,65,0.000656606
5,65,0.000470841
5,65,0.000185765
5,65,0.000278079
5,65,0.002917387
2,65,0.000307736
2,65,0.00015335
2,65,0.00035728
2,65,0.000185765
2,65,0.000396027
2,65,0.000624191
2,65,0.000670697
2,65,0.000185765
2,65,0.054473166
2,65,0.000262763
2,65,0.000262455
2,65,0.00015335
2,65,0.000185765
2,65,0.000124729
2,65,0.000185765
2,65,0.000185765
2,65,0.00015335
2,65,0.000833261
2,65,0.000670539
2,65,0.000185765
2,65,0.000561285
2,65,0.000882427
2,65,0.00035728
2,65,0.000124729
2,65,0.000308237
2,65,0.000307736
2,65,0.000146034
2,65,0.000124729
2,65,0.00022217
2,65,0.002662424
2,65,0.000185765
2,65,0.001506997
2,65,0.000719322
2,65,0.000124729
2,65,0.00035728
2,65,0.09494596
2,65,0.000827104
2,65,0.00015335
2,65,0.00022217
2,65,0.001145611
2,65,0.000341109
2,65,0.000660159
2,65,0.010954223
2,65,0.000761021
2,65,0.878546232
2,65,0.000633757
2,65,0.000124729
2,65,0.000262763
2,65,0.000674349
2,65,0.000185765
2,65,0.000124729
2,65,0.001702415
2,65,0.001155278
2,65,0.003597161
2,65,0.003009393
2,65,0.002790586
2,65,0.00106602
2,65,0.000768867
2,65,0.000124729
2,65,0.000375521
2,65,0.000718429
2,65,0.001053461
2,65,0.001062135
2,65,0.00074892
2,65,0.000461086
5,65,0.000307736
5,65,0.00015335
5,65,0.000683256
5,65,0.000848578
5,65,0.000185765
5,65,0.000339115
5,65,0.027773361
5,65,0.000262763
5,65,0.000682218
5,65,0.000140936
5,65,0.001221542
5,65,0.000540842
5,65,0.000124729
5,65,0.000173276
5,65,0.000665016
5,65,0.000307736
5,65,0.000693011
5,65,0.000947902
5,65,0.000883215
5,65,0.001557883
5,65,0.003261215
5,65,0.000138256
5,65,0.00022217
5,65,0.000262763
5,65,0.002262474
5,65,0.000138256
5,65,0.005650895
5,65,0.000688579
5,65,0.000262763
2,65,0.000940536
2,65,0.0004935
2,65,0.051375123
2,65,0.001181629
2,65,0.00015335
2,65,0.037711855
2,65,0.004332415
2,65,0.00015335
2,65,0.000680138
2,65,0.000875431
2,65,0.001071544
2,65,0.352882204
2,65,0.000185765
2,65,0.00015335
2,65,0.00015335
2,65,0.001567746
2,65,0.000914372
2,65,0.003962769
2,65,0.000809956
2,65,0.000124729
2,65,0.000346899
2,65,0.000492466
2,65,0.000278079
2,65,0.001256806
2,65,0.000124729
2,65,0.000670697
2,65,0.00022217
2,65,0.000604934
2,65,0.000978125
2,65,0.000470841
2,65,0.003641868
2,65,0.000124729
2,65,0.001001112
2,65,0.000934383
2,65,0.000662133
5,65,0.00015335
5,65,0.000714561
5,65,0.000262763
5,65,0.157842482
5,65,0.00015335
5,65,0.005021178
5,65,0.000561285
5,65,0.00015335
5,65,0.000185765
5,65,0.000387492
5,65,0.00015335
5,65,0.000291259
2,65,0.021704875
2,65,0.000719322
5,65,0.00015335
5,51,0.00015335
5,51,0.000719322
5,51,0.001846294
5,51,0.002037394
5,51,0.001037419
5,51,0.002964204
5,51,0.000124729
5,51,0.001674866
5,51,0.000470841
5,51,0.005634129
5,51,0.002266985
5,51,0.001580464
5,51,0.000339115
5,51,0.000823173
5,51,0.001259348
5,51,0.200987069
5,51,0.253021412
5,51,0.002422352
5,51,0.00453581
5,51,0.000124729
5,51,0.000124729
5,51,0.000790699
5,51,0.000471628
5,51,0.000262763
5,51,0.000209903
5,51,0.00119287
5,51,0.000387492
5,51,0.000411586
5,51,0.005361303
5,51,0.000892509
5,51,0.000529906
5,51,0.000262763
5,51,0.000620043
5,51,0.00106602
5,51,0.001561725
5,51,0.00022217
5,51,0.000561285
5,51,0.000307736
5,51,0.000461086
5,51,0.000246264
5,51,0.000387492
5,51,0.000246264
5,51,0.00022217
5,51,0.000339115
5,51,0.001373937
5,51,0.00015335
5,51,0.000205781
5,51,0.000387492
5,51,0.001031629
5,51,0.001155272
5,51,0.000307736
5,51,0.00022217
5,51,0.000138256
5,51,0.000262763
5,51,0.000124729
5,51,0.000124729
5,51,0.000307736
5,51,0.258354218
5,51,0.000892509
5,51,0.000535229
5,51,0.000185765
5,51,0.000291259
5,51,0.000395777
5,51,0.000291075
5,51,0.000173276
5,51,0.000341109
5,51,0.001152254
5,51,0.000734391
5,51,0.00022217
5,51,0.001825023
5,51,0.001180792
5,51,0.003306527
5,51,0.000535229
5,51,0.000138168
5,51,0.00022217
5,51,0.003867029
5,51,0.00022217
5,51,0.002191491
5,51,0.000396027
5,51,0.000169874
5,51,0.000138168
5,51,0.000291259
5,51,0.000521903
5,51,0.000124729
5,51,0.000525525
5,51,0.000124729
5,51,0.000604934
5,51,0.000452175
5,51,0.000205781
5,51,0.000484933
5,51,0.000758285
5,51,0.000122844
5,51,0.00022217
5,51,0.001068192
5,51,0.000307736
5,51,0.000251038
5,51,0.014742812
5,51,0.000411586
5,51,0.000262763
5,51,0.000395777
5,51,0.000205781
5,51,0.000185765
5,51,0.000696396
5,51,0.00046124
5,51,0.000246264
5,51,0.000122844
5,51,0.001691878
5,51,0.442825747
5,51,0.000185765
5,51,0.000733603
5,51,0.00015335
5,51,0.00035728
5,51,0.000839538
5,51,0.000521903
5,51,0.001515311
5,51,0.003194617
5,51,0.379279349
5,51,0.002789608
5,51,0.000818366
5,51,0.000670539
5,51,0.00015335
5,51,0.000753898
5,51,0.001810762
5,51,0.000843553
5,51,0.000940536
5,51,0.00015335
5,51,0.000124729
5,51,0.00015335
5,51,0.00050025
5,51,0.00022217
5,51,0.000185765
5,51,0.000291075
5,51,0.000124729
5,51,0.004130342
5,51,0.03006614
5,51,0.000307736
5,51,0.000169874
5,51,0.000262763
5,51,0.000185765
5,51,0.00046124
5,51,0.000124729
5,51,0.000246109
5,51,0.000281872
5,51,0.000626204
5,51,0.000246264
5,51,0.00022217
5,51,0.000169874
5,51,0.00015335
5,51,0.000276512
5,51,0.000346899
5,51,0.00015335
5,51,0.00015335
5,51,0.000262763
5,51,0.00015335
5,51,0.000185765
5,51,0.00015335
5,51,0.000122844
5,51,0.001560099
5,51,0.023930566
5,51,0.00035728
5,51,0.000585815
5,51,0.000307375
5,51,0.000365117
5,51,0.00022217
5,51,0.086521262
5,51,0.000452175
5,51,0.0009397
5,51,0.001411807
5,51,0.000205911
5,51,0.001580059
5,51,0.00163708
5,51,0.00022217
5,51,0.00015335
5,51,0.00035728
5,51,0.000138256
5,37,0.000415626
5,37,0.001135857
5,37,0.000371529
5,37,0.000649957
5,37,0.000138256
5,37,0.000217527
5,37,0.001549473
5,37,0.00015335
5,37,0.000185765
5,37,0.001563507
5,37,0.000185765
5,37,0.000205781
5,37,0.000384277
5,37,0.000778576
5,37,0.000384277
5,37,0.000262763
5,37,0.000124729
5,37,0.000205911
5,37,0.000124729
5,37,0.000153171
5,37,0.001330954
5,37,0.000205911
5,37,0.00022217
5,37,0.00022217
5,37,0.000943164
5,37,0.00071567
5,37,0.00015335
5,37,0.00015335
5,37,0.000761021
5,37,0.000185765
5,37,0.601582408
5,37,0.000340894
5,37,0.000451889
5,37,0.003014686
5,37,0.000593274
5,37,0.002524707
5,37,0.000411821
5,37,0.000169981
5,37,0.000249458
5,37,0.000336884
5,37,0.000339115
5,37,0.002123536
5,37,0.001571007
5,37,0.001116992
5,37,0.000153171
5,37,0.000356862
5,37,0.176942706
5,37,0.037668738
5,37,0.001255334
5,37,0.000356862
5,37,0.001834417
5,37,0.000153171
10,37,0.000244086
10,37,0.000993746
10,37,0.000138256
10,37,0.000169874
10,37,0.000908397
10,37,0.005726302
10,37,0.000855218
10,37,0.000138256
10,37,0.001773978
10,37,0.004056131
10,37,0.000913868
10,37,0.000286667
10,37,0.000153171
10,37,0.000521903
10,37,0.001285158
10,37,0.233459482
10,37,0.00015335
10,37,0.000307736
10,37,0.00015335
10,37,0.000913868
10,37,0.000432465
10,37,0.000307736
10,37,0.000185765
10,37,0.00076013
10,37,0.000278079
10,37,0.000205911
10,37,0.000169981
10,37,0.000169981
10,37,0.000344166
10,37,0.000185765
10,37,0.00053484
10,37,0.055173626
10,37,0.00015335
10,37,0.000138256
10,37,0.000685211
10,37,0.00022217
10,37,0.00022217
10,37,0.000307736
10,37,0.0000934
10,37,0.000262763
10,37,0.000185765
10,37,0.000617621
10,37,0.000135266
10,37,0.000276512
10,37,0.000153171
5,37,0.00015335
10,37,0.000138256
5,37,0.002417842
5,37,0.002082867
5,37,0.000138256
5,37,0.000822209
5,37,0.000761021
5,37,0.000338718
5,37,0.001023784
5,37,0.000881772
5,37,0.00022217
5,37,0.000615471
5,37,0.001369504
5,37,0.000185547
5,37,0.000138256
5,37,0.000535229
5,37,0.000593274
5,37,0.001076562
5,37,0.000352597
5,37,0.001367055
5,37,0.000983756
5,37,0.000674349
5,37,0.000680138
5,37,0.000307736
5,37,0.006216448
5,37,0.000307736
5,37,0.000307736
5,37,0.002123354
5,37,0.001135857
5,37,0.000262763
5,37,0.00015335
5,37,0.000543045
5,37,0.003016499
5,37,0.000185765
5,37,0.000371094
5,37,0.000752076
5,37,0.119840992
5,37,0.001149903
5,37,0.000375892
5,37,0.445859772
5,37,0.00015335
5,37,0.000246264
5,37,0.00015335
5,37,0.000797991
5,37,0.002254164
5,37,0.000411586
5,37,0.000124729
5,37,0.000262763
5,37,0.000151033
5,37,0.000662672
5,37,0.000185765
5,37,0.000185765
5,37,0.089377042
5,37,0.00035728
5,37,0.00015335
5,37,0.000246264
5,37,0.001013534
5,37,0.000124729
5,37,0.00015335
13,23,0.062910225
13,23,0.000138168
13,23,0.01981577
13,23,0.000138256
13,23,0.000395777
13,23,0.000370138
13,23,0.000978545
13,23,0.000209903
13,23,0.06040936
13,23,0.000878632
13,23,0.00022217
13,23,0.000856814
13,23,0.270111524
13,23,0.31538058
13,23,0.000185765
13,23,0.000169981
13,23,0.000597351
13,23,0.000827699
13,23,0.00163687
13,23,0.000521903
13,23,0.003313072
13,23,0.000479365
13,23,0.0005937
13,23,0.00015335
13,23,0.000364207
13,23,0.000680138
13,23,0.000246264
13,23,0.000383179
13,23,0.04730606
13,23,0.000853539
13,23,0.00015335
13,23,0.000185765
13,23,0.008795559
13,23,0.00035728
13,23,0.000976464
13,23,0.000124729
13,23,0.010059582
13,23,0.324078212
13,23,0.000387492
13,23,0.046152173
13,23,0.000680138
13,23,0.002240671
13,23,0.126215738
13,23,0.001895941
13,23,0.002787605
13,23,0.003574972
13,23,0.000291259
13,23,0.00562299
13,23,0.003632921
13,23,0.001620674
13,23,0.000411586
13,23,0.000124729
13,23,0.000307736
13,23,0.002221292
13,23,0.001259348
13,23,0.001301531
13,23,0.000303086
13,23,0.254447499
13,23,0.00015335
13,23,0.000185765
13,23,0.001204444
13,23,0.006158251
13,23,0.001373842
13,23,0.00015335
13,23,0.000185765
13,23,0.00015335
13,23,0.00059557
13,23,0.0004935
13,23,0.000375521
13,23,0.00015335
13,23,0.00062346
13,23,0.004810973
13,23,0.000396027
13,23,0.00290994
13,23,0.00614271
13,23,0.001032993
13,23,0.002966664
13,23,0.000219549
13,23,0.000169981
13,23,0.000138256
13,23,0.003297272
13,23,0.004208051
13,23,0.000461086
13,23,0.00015335
13,23,0.001653567
13,23,0.00183126
13,23,0.00049717
13,23,0.001201434
13,23,0.032154047
13,23,0.03141028
13,23,0.07475065
13,23,0.000341109
13,23,0.000307736
13,23,0.009115792
13,23,0.160154925
13,23,0.000310551
13,23,0.002750248
13,23,0.000674969
13,23,0.00015335
13,23,0.000124729
13,23,0.001256806
13,23,0.000124729
13,23,0.018378812
13,23,0.003695399
13,23,0.017152578
13,23,0.001110524
13,23,0.003417888
13,23,0.001039519
13,23,0.000346899
13,23,0.000604934
13,23,0.002887166
13,23,0.000296905
13,23,0.000524115
13,23,0.000387492
13,23,0.000723849
13,23,0.000307736
13,23,0.00022217
13,23,0.000185765
10,23,0.000733603
10,23,0.006561388
10,23,0.910944427
10,23,0.29465024
10,23,0.003074209
10,23,0.00035728
10,23,0.00022217
10,23,0.457737763
10,23,0.000465067
10,23,0.010103796
10,23,0.004532647
10,23,0.01429268
10,23,0.828119326
10,23,0.345768803
10,23,0.000484933
10,23,0.00015335
10,23,0.000185765
10,23,0.00035728
10,23,0.000411586
10,23,0.000618229
10,23,0.000470841
10,23,0.08663267
10,23,0.000416113
10,23,0.00015335
10,23,0.010834068
10,23,0.000124729
10,23,0.000278079
10,23,0.000847761
10,23,0.000185765
10,23,0.000411104
13,23,0.001608916
13,23,0.001608544
13,23,0.000492528
13,23,0.000402809
13,23,0.002467315
13,23,0.000124729
13,23,0.000307736
13,23,0.075651393
13,23,0.00163581
13,23,0.033597834
13,23,0.009872282
13,23,0.00022217
13,23,0.000512221
13,23,0.000124729
13,23,0.000482009
13,23,0.00129625
13,23,0.000173276
13,23,0.257535202
13,23,0.00022217
13,23,0.00022217
13,23,0.030295969
13,23,0.000347722
13,23,0.000262763
13,23,0.001025238
13,23,0.000429515
13,23,0.001103343
13,23,0.000262763
11,35,0.000363703
11,35,0.001249228
11,35,0.000147413
11,35,0.000307736
11,35,0.000124729
11,35,0.000882973
11,35,0.0000759
11,35,0.000205911
11,35,0.0003295
11,35,0.000452175
11,35,0.001218412
11,35,0.000697053
11,35,0.001420571
11,35,0.000291259
11,35,0.006757724
11,35,0.000246264
11,35,0.000768167
14,35,0.00035728
11,35,0.000169981
11,35,0.000138168
11,35,0.000138256
11,35,0.000169981
11,35,0.00015335
14,35,0.00015335
11,35,0.002351896
11,35,0.003990349
11,35,0.001306953
11,35,0.005537153
11,35,0.001226511
11,35,0.000138168
11,35,0.000291259
11,35,0.009171964
11,35,0.000814035
11,35,0.000205781
11,35,0.000642291
11,35,0.000632368
11,35,0.001180647
11,35,0.000185547
11,35,0.001456048
11,35,0.004497047
11,35,0.000416245
11,35,0.001456286
11,35,0.000340894
11,35,0.001299776
11,35,0.000138256
11,35,0.000456223
11,35,0.000700196
11,35,0.000169874
11,35,0.000456223
11,35,0.000169981
11,35,0.002435934
11,35,0.000169874
11,35,0.000341109
11,35,0.000138256
11,35,0.000185547
11,35,0.000185765
11,35,0.000306701
11,35,0.000153171
11,35,0.000246109
11,35,0.000219549
11,35,0.000147413
11,35,0.002410166
11,35,0.001993809
11,35,0.000787642
11,35,0.000308042
11,35,0.000138256
11,35,0.000185765
11,35,0.001559267
11,35,0.000479365
11,35,0.001589263
11,35,0.000169874
11,35,0.001522865
11,35,0.000669861
11,35,0.000566008
11,35,0.000258792
11,35,0.001716246
11,35,0.000138256
11,35,0.001620121
11,35,0.000270022
11,35,0.001437448
11,35,0.000341109
11,35,0.000364207
11,35,0.000341109
11,35,0.001713339
11,35,0.004585084
11,35,0.002044093
11,35,0.000364207
11,35,0.000749522
11,35,0.000169981
11,35,0.000169981
11,35,0.000487429
11,35,0.001059811
11,35,0.000994603
11,35,0.000205911
11,35,0.002672138
11,35,0.00373797
11,35,0.00302634
11,35,0.01503721
11,35,0.000185765
11,35,0.000469635
11,35,0.000185765
11,35,0.000124729
11,35,0.000407935
11,35,0.00015335
11,35,0.001045449
11,35,0.000124729
11,35,0.00015335
11,35,0.00046124
11,35,0.00022217
11,35,0.000185765
11,35,0.002969405
11,35,0.00070418
11,35,0.000341109
11,35,0.00245885
11,35,0.000138256
2,127,0.00015118
2,127,0.000411639
2,127,0.821396191
2,127,0.017846507
2,127,0.005823453
2,127,0.057419255
2,127,0.008799471
2,127,0.13650991
2,127,0.03678032
2,127,0.004763734
2,127,0.00015118
2,127,0.060842407
2,127,0.001206768
2,127,0.227474899
2,127,0.000243118
2,127,0.021854407
2,127,0.068060833
2,127,0.013588403
2,127,0.000320393
6,113,0.000126407
6,113,0.94456227
6,113,0.352484178
6,113,0.000779059
2,113,1.024440527
2,113,0.159251621
2,113,0.011845529
2,113,0.441567181
2,113,0.004310124
2,113,0.026745927
2,113,0.001306953
2,113,0.962667246
2,113,1.606855718
6,113,0.494922894
6,113,0.014517127
6,113,0.092801505
2,113,0.862663394
2,113,0.637420909
6,113,0.349116901
6,113,2.947037828
6,113,0.001760234
6,113,0.938570948
3,127,0.000517852
3,127,0.031900951
10,85,0.661600477
10,85,1.472372141
2,85,0.014996095
2,85,1.834160791
2,85,0.387993213
2,85,0.490806844
2,85,1.800525302
2,85,0.04303086
2,85,0.359276382
2,85,0.085453718
2,85,1.225741987
2,85,0.181050211
13,43,0.205028074
13,43,0.008835475
13,43,0.011845529
13,43,0.017456569
13,43,0.72675402
13,43,0.002731526
13,43,0.001746638
13,43,0.282788637
13,43,0.029362482
13,43,0.018728417
13,43,0.007177639
13,43,1.913423424
13,43,1.403480709
13,43,0.002783219
13,43,0.141245924
13,43,0.000433304
13,43,0.000470841
13,43,0.010577573
9,43,0.029362482
9,43,0.155240752
9,43,0.00137574
9,43,0.508214136
9,43,2.092408583
9,43,0.019361978
9,43,0.001102782
9,43,0.059355831
9,43,0.056742736
13,43,0.012158045
13,43,0.107933028
13,43,0.872231114
9,43,0.216218139
9,43,0.180855997
9,43,0.111980763
9,43,0.324522275
9,43,0.091302099
9,43,0.016373851
9,43,0.01767934
10,43,0.02888571
10,43,0.023244575
10,43,0.265336903
10,43,0.00409404
10,43,0.026962941
10,43,0.062694634
10,43,0.129897729
10,43,0.006878067
10,43,0.007801308
10,43,0.075494399
10,43,0.003487506
10,43,0.216599569
10,43,0.020967329
10,43,0.008458278
10,43,0.005001454
13,43,0.075494399
13,43,0.034492594
9,43,0.000912123
9,43,0.210765508
9,43,0.001712449
9,43,0.000522746
9,43,0.000693002
9,43,2.284283196
9,43,0.005557791
9,43,0.010577573
9,43,0.003365147
9,43,0.039384366
9,43,0.001852878
9,43,0.020702203
10,43,0.165613622
10,43,0.350624009
10,43,0.007873211
10,43,0.035105607
10,43,0.01063603
10,43,1.55634453
13,29,0.002132398
13,29,0.00230425
13,29,0.002421581
13,29,0.016725345
13,29,0.007032307
13,29,0.010746477
13,29,0.012025085
13,29,1.324301143
13,29,0.003757206
13,29,0.079822783
13,29,0.010746477
13,29,0.009834043
13,29,0.000844916
13,29,3.000942747
13,29,1.005678148
13,29,0.000755116
13,29,0.000206243
13,29,0.433055927
9,29,1.487853084
9,29,0.72675402
9,29,0.15765236
9,29,2.594292731
9,29,0.007396474
9,29,0.004799234
9,29,0.005085508
9,29,0.051311579
9,29,0.00667975
9,29,0.002871961
9,29,0.046794069
9,29,0.001968938
9,29,0.12161792
9,29,0.000185765
9,29,0.010283838
9,29,0.009834043
9,29,0.00230425
9,29,0.01122211
9,29,0.000663203
9,29,0.001154115
9,29,0.155455045
9,29,0.036387052
9,29,0.002132398
9,29,0.002132398
9,29,0.136930722
6,29,0.00230425
6,29,0.06780819
6,29,0.001666464
6,29,0.004257941
6,29,0.00104422
6,29,0.001271097
6,29,0.013735117
6,29,0.003079175
6,29,0.004257941
6,29,0.001968938
6,29,0.000844916
6,29,0.000311961
6,29,0.005690141
6,29,0.00034166
6,29,0.00045696
6,29,0.001271097
6,29,0.003521624
6,29,0.003487506
6,29,0.002338086
9,29,0.017011206
9,29,0.00035828
9,29,0.003757206
9,29,0.001395356
9,29,0.002474058
9,29,0.412207269
9,29,0.008560205
6,29,0.00045696
14,127,1.74494926
14,127,0.000576876
14,127,0.00409404
14,127,0.024051465
14,127,0.428037529
14,127,0.003487506
14,127,0.050616209
14,127,0.76205563
14,127,0.042100354
14,127,0.047875077
14,127,3.358794642
14,127,0.008799471
14,127,0.027447742
14,127,0.000707361
14,127,0.002941466
14,127,0.001206768
14,127,0.024051465
14,127,0.040098729
6,127,0.011433201
6,127,0.005759415
6,127,0.97484654
6,127,0.004310124
2,127,0.005759415
2,127,0.015964564
2,127,0.008799471
2,127,0.000411639
3,127,0.002158415
3,127,0.004310124
3,127,0.048636631
6,127,1.439637284
6,127,0.099448285
6,127,0.038196792
3,127,0.046982831
3,127,0.002772427
3,127,0.013242343
3,127,0.007959368
14,127,0.98096902
14,127,0.000576876
14,127,0.545897188
14,127,0.064690351
14,127,0.266810837
14,127,0.446856299
14,127,0.457132606
14,127,0.040277171
14,127,0.000243118
14,127,0.517924392
14,127,0.067032276
6,127,0.000855218
6,127,0.000576876
2,127,0.016492384
6,127,0.19998966
6,127,0.000462813
2,127,0.127836305
6,127,0.000126407
6,127,0.000126407
6,127,0.000280072
6,127,0.000576876
6,127,0.000243118
2,127,0.010251018
2,127,0.007177639
6,127,0.002772427
6,127,0.007485356
6,127,0.145496633
6,127,0.022147037
6,127,0.002941466
6,127,0.000517852
6,127,0.000935954
6,127,0.009874942
6,127,0.005246577
6,127,0.000243118
16,113,0.003678152
3,127,0.001638813
3,127,0.160154925
3,127,0.008799471
3,127,0.00409404
3,127,0.460649259
16,113,0.002772427
16,113,0.001638813
16,113,0.027773361
6,29,0.292995707
6,29,0.000396667
6,29,0.002132398
6,29,0.002992135
6,29,0.001124527
6,29,0.001968938
6,29,0.126978879
6,29,0.007570183
6,29,0.007772408
6,29,0.006344544
6,29,0.014301156
6,29,0.000522746
6,29,0.001154115
6,29,0.364648505
6,29,0.000771869
6,29,0.00230425
6,29,0.000755116
6,29,0.000667151
6,29,0.001271097
6,29,0.000642291
6,29,0.001051192
6,29,0.002056992
6,29,0.003079175
6,29,0.000493324
6,29,0.000522746
16,85,0.746052886
16,85,0.091302099
16,85,1.195376738
3,127,0.006878067
3,127,0.004310124
3,127,0.159641482
3,127,0.057003688
3,127,0.141449385
16,113,0.016695238
16,113,0.000779059
16,113,0.608102803
3,127,0.113582449
3,127,0.000640006
16,113,0.000209405
3,127,0.00015118
3,127,0.002941466
3,127,0.002609706
3,127,0.000411639
3,127,0.121067935
3,127,0.015983644
3,127,0.000462813
3,127,0.000126407
3,127,0.000935954
3,127,0.00010435
3,127,0.000411639
3,127,0.000320393
3,127,0.004310124
3,127,0.001911414
3,127,0.00015118
3,127,0.000209405
3,127,0.123683012
3,127,0.000411639
3,127,0.000364207
3,127,0.057585262
3,127,0.142226048
3,127,0.069732634
3,127,0.084141215
3,127,0.020832485
3,127,0.006586551
3,127,0.011433201
3,127,0.00015118
3,127,0.000280072
3,127,0.000517852
3,127,0.00015118
3,127,0.002302804
3,127,0.00010435
3,127,0.016548054
3,127,0.00368283
6,113,0.000411639
6,113,1.011910297
6,113,1.33711452
7,113,0.001926037
7,113,2.328617661
7,113,0.004541693
7,113,0.000147413
7,113,0.004536972
7,113,0.834442948
7,113,0.000411639
7,113,1.566619656
7,113,0.0000849
6,113,0.91482363
2,113,0.00015118
7,113,0.178793883
7,113,0.806761123
6,113,0.00013306
2,113,0.000666876
2,113,1.088413611
7,113,0.003518683
7,113,0.000186284
7,113,0.000606626
7,113,0.000178802
7,113,0.000462813
7,113,0.000243118
7,113,0.0000849
7,113,1.509318257
7,113,0.0000849
10,85,0.812254493
10,85,1.782078417
12,85,0.055487162
12,85,0.026055463
2,85,0.000640006
2,85,0.890075706
2,85,0.068060833
2,85,0.123413766
2,85,0.002404524
2,85,0.001905423
2,85,0.000517852
10,43,0.998376442
10,43,0.39801692
10,43,1.680219783
10,43,0.098456125
10,43,0.61376331
12,43,0.46255794
10,43,0.332330225
10,43,0.001887236
10,43,0.000855218
10,43,0.001852878
6,29,2.465781488
6,29,0.001813688
6,29,0.005780347
6,29,0.000291729
6,29,0.001277863
6,29,0.000138479
6,29,0.000522746
16,29,0.350345343
16,29,0.112046919
6,29,0.003727868
6,29,0.000738327
6,29,0.561801121
6,29,0.002491684
6,29,0.00034166
6,29,0.008984
6,29,0.002673853
6,29,0.007396474
6,29,0.001271097
6,29,0.000844916
6,29,0.000844916
6,29,0.527384323
6,29,0.391968283
6,29,0.069004933
6,29,0.005028303
6,29,0.001522865
6,29,0.028598932
6,29,0.000671622
6,29,0.000174097
16,113,0.000935954
16,113,0.00010435
16,113,0.00010435
16,113,0.000411639
16,113,0.006302998
16,113,0.024708304
16,113,0.000209405
16,113,0.306779028
16,113,0.000178802
16,113,0.000169749
16,113,0.002772427
16,113,0.117456531
16,113,0.000779059
16,113,0.002019928
16,113,0.000517852
16,113,1.167826632
16,113,0.056305383
16,113,0.132147774
16,113,0.000538046
16,113,0.12576695
16,113,0.000576876
16,113,0.111840598
16,113,0.005246577
16,113,0.000178802
16,113,0.001412282
16,113,0.00148642
16,113,0.003884975
16,113,0.003116924
16,113,0.000517852
16,113,0.000640006
16,113,0.002019928
16,113,0.007177639
16,113,0.001306953
16,113,0.009149255
16,113,0.002019928
16,113,0.002453199
16,113,0.004178343
16,113,0.024051465
16,113,0.000178802
16,113,0.042873951
16,113,0.000178802
16,113,0.00010435
16,113,0.002302804
16,113,0.000364207
16,113,0.000640006
16,113,0.001021381
16,113,0.002494031
16,113,0.002941466
16,113,0.007177639
16,113,0.002158415
16,113,0.024051465
16,113,0.009874942
16,113,0.007801308
16,113,1.181695017
16,113,0.181899152
16,113,0.000707361
16,113,0.000941218
16,113,0.245318911
16,113,0.012698088
16,113,0.000209405
16,113,0.000779059
16,113,0.000576876
16,113,0.000280072
16,113,0.000320393
16,113,0.000462813
16,113,0.434152201
16,113,0.001412282
16,113,0.001412282
16,113,0.000779059
16,113,0.001522865
16,113,0.000280072
16,113,0.000280072
16,113,0.010251018
16,113,0.003116924
16,113,0.001638813
16,113,0.001638813
16,113,0.00015118
16,113,0.000935954
16,113,0.088061378
16,113,0.005246577
16,113,0.000640006
16,113,0.000126407
16,113,0.000640006
16,113,0.009507717
16,113,0.000462813
10,23,0.003030469
12,134,0.230861249
15,34,0.000411639
15,34,0.010136099
11,33,0.68554404
3,74,0.014047923
9,100,1.664143545
9,100,0.001206768
9,100,0.000707361
9,100,0.222061872
9,100,2.002957446
16,85,0.025376279
16,85,0.06201083
16,85,0.524301967
16,85,0.604445869
16,85,0.000705932
16,85,0.000779059
16,85,0.279836361
16,85,0.000779059
16,85,0.000364207
16,85,0.000411639
16,85,0.000209405
16,85,0.063193037
16,85,0.586059695
16,85,0.332567616
12,85,0.003116924
12,85,0.035765649
12,85,0.000364207
16,85,0.304089065
16,85,0.000576876
16,85,0.106978387
16,85,0.041135436
12,85,0.060451128
12,85,0.088348162
12,85,0.004791493
12,85,0.002300533
12,85,0.003972167
12,85,0.004798498
12,85,0.000640006
12,85,0.072471792
12,85,0.009818181
12,43,0.423900449
12,43,0.024708304
12,43,2.819790293
12,43,0.002302804
12,43,3.077284181
12,43,0.387218027
12,43,0.094315938
12,43,1.11462159
12,43,0.256881585
12,43,1.289926105
12,43,3.077284181
12,43,0.375918097
12,43,0.030369927
12,43,1.138304967
5,44,0.656722689
5,44,0.25409467
5,44,1.300839186
5,44,1.550684555
5,44,0.073153689
5,44,0.00010435
5,44,0.002158415
5,44,0.004533323
5,44,0.008125586
5,44,2.201289436
5,44,0.129677599
16,29,2.155349447
16,29,0.000707361
16,29,0.197326632
16,29,0.336332352
16,29,0.001206768
16,29,0.108630308
16,29,0.276902591
16,29,0.273987293
16,29,0.00015118
16,29,3.198563826
16,29,0.084028675
16,29,1.127858551
16,29,0.779615937
13,2,0.003295672
13,2,0.006338643
13,2,0.001983943
13,2,0.00034166
13,2,0.000396667
13,2,0.000627215
13,2,1.652337443
13,2,0.001241583
13,2,0.001395356
13,2,0.006121411
13,2,0.00147734
13,2,0.000853626
13,2,0.001306953
13,2,0.003116924
13,2,0.000522746
13,2,0.003295672
13,2,0.00230425
13,2,0.005382423
13,2,0.000671622
13,2,0.002871961
13,2,0.001154115
13,2,0.000594232
13,2,0.001227622
13,2,0.001666464
13,2,0.002673853
13,2,0.02093176
13,2,0.000844916
13,2,0.000748689
13,2,0.001154115
13,2,0.001271097
13,2,0.000394737
13,2,0.001271097
13,2,0.000594232
13,2,0.001666464
13,2,0.00010435
13,2,0.001271097
13,2,0.001271097
13,2,0.002673853
13,2,0.003079175
13,2,0.010283838
13,2,0.157827103
13,2,0.001154115
13,2,0.00045696
13,2,0.00104422
13,2,0.369609243
13,2,0.28634294
13,2,0.000583459
13,2,0.004002588
13,2,0.000170256
13,2,0.189524623
13,2,0.000755116
13,2,0.002132398
13,2,0.006338643
13,2,0.000138479
13,2,0.002838063
13,2,0.000396667
13,2,0.001804943
13,2,0.00045696
13,2,0.541537302
13,2,0.000291729
13,2,0.002019928
13,2,0.000138479
13,2,0.002568804
9,100,0.054118054
9,100,0.026055463
9,100,0.892131539
6,100,0.322866668
6,100,0.006586551
6,100,0.711535078
6,100,1.25804975
6,100,0.001522865
6,100,0.987113408
6,100,0.042100354
6,100,0.499059137
6,100,0.054202577
6,100,0.87410282
6,100,0.003615241
6,100,0.003393606
6,100,0.002081258
6,100,0.000472158
6,100,0.000517852
6,100,0.001926037
6,100,0.000682041
6,100,0.141245924
6,100,0.706231234
6,100,0.000943166
6,100,0.000364207
6,100,0.018712972
6,100,0.000412738
6,100,0.000186284
14,86,0.637420909
14,86,0.726927244
14,86,0.000209405
14,86,0.000126407
14,86,0.458602587
14,86,0.329314974
14,86,0.600500144
14,86,0.499059137
14,86,0.635157243
14,86,0.868949507
14,86,0.163476152
14,86,0.763585565
14,86,1.388845417
14,86,0.316494132
6,86,0.006302998
6,86,0.268211984
6,86,0.03347933
6,86,0.532878836
6,86,0.085756454
6,86,0.00010435
6,86,0.33583929
7,86,0.485591173
7,86,0.232351294
7,86,0.279836361
14,86,0.235094108
9,100,1.851486014
9,100,0.000640006
9,100,0.000243118
9,100,0.000211282
9,100,0.000707361
6,86,0.490149894
6,86,1.075442404
6,86,0.97484654
6,86,0.345768803
6,86,0.570461984
6,86,0.129677599
6,86,0.28575945
6,86,0.049903384
6,86,1.322536939
7,86,1.188524731
7,86,0.086893529
7,86,0.174332489
6,86,0.0000849
6,86,0.903926901
7,86,0.000126407
7,86,0.0000849
5,44,0.712066264
5,44,0.008125586
5,44,0.000517852
5,44,0.00034166
5,44,0.001047138
5,44,0.16776795
13,2,0.008005107
13,2,0.005085508
13,2,0.003079175
13,2,1.12528399
13,2,0.002132398
13,2,0.001666464
15,2,0.176921002
15,2,0.00409404
15,2,0.000153779
15,2,0.000566923
13,2,0.950575418
7,2,0.141064648
7,2,0.00104422
7,2,0.257535202
7,2,0.527587164
15,2,0.000671622
15,2,0.000138479
15,2,0.021824625
15,2,0.000663203
7,2,0.001206768
7,2,0.412207269
7,2,0.001666464
7,2,0.003755772
7,2,0.003757206
7,2,0.00667975
7,2,0.075785624
16,100,0.768907666
16,100,0.119135922
16,100,0.507392299
16,100,0.000209405
16,100,0.00010435
16,100,0.0000849
16,100,0.000935954
16,100,0.001638813
16,100,1.202251048
16,100,0.711535078
16,100,0.541764316
16,100,0.37309219
16,100,0.001206768
16,100,0.001021381
16,100,0.012698088
16,100,0.000280072
16,100,0.000707361
16,100,0.001111615
16,100,0.000364207
16,100,0.000126407
16,100,0.133408478
16,100,0.000517852
16,100,0.031129554
16,100,0.003884975
16,100,0.000126407
16,100,0.000411639
16,100,0.004763734
16,100,0.000411639
16,100,0.000209405
16,100,0.000779059
16,100,0.001206768
16,100,0.225844904
16,100,0.00010435
16,100,0.003116924
8,100,1.480101278
8,100,0.279836361
8,100,0.891424387
8,100,0.000935954
8,100,2.899503641
8,100,0.092801505
8,100,0.0000849
7,86,0.060451128
7,86,1.121228979
7,86,0.669036964
7,86,0.763585565
7,86,0.141064648
7,86,0.0000849
7,86,0.000126407
7,86,0.0000849
7,86,0.0000849
7,86,0.00010435
7,86,0.000243118
7,86,0.049903384
7,86,1.503424734
4,86,0.494922894
4,86,0.435289146
4,86,0.00010435
4,86,2.249798705
4,86,0.25409467
4,86,0.968745953
4,86,1.138304967
4,86,0.209474243
4,86,0.170940966
4,86,1.64766151
4,86,0.227662582
4,86,1.825286049
12,44,0.000517852
12,44,0.001206768
12,44,0.000126407
12,44,0.001206768
12,44,0.000855218
12,44,2.003861291
12,44,3.427058837
12,44,0.000364207
12,44,0.000209405
12,44,0.000178802
12,44,0.00010435
12,44,0.000280072
12,44,0.00010435
12,44,0.000178802
12,44,0.000178802
12,44,0.000178802
12,44,0.000243118
12,44,0.000364207
12,44,0.000364207
12,44,0.000462813
12,44,0.001306953
12,44,0.000280072
12,44,0.000462813
12,44,0.001306953
12,44,0.002941466
12,44,0.000935954
12,44,0.00368283
12,44,0.002158415
12,44,0.000280072
12,44,0.002609706
12,44,0.013138485
12,44,0.006586551
12,44,2.106005669
12,44,0.001887236
12,44,0.001206768
12,44,0.001638813
12,44,0.008125586
12,44,0.002941466
12,44,0.002772427
12,44,0.000707361
12,44,0.002609706
12,44,0.00015118
8,44,0.066822925
8,44,0.000855218
12,44,0.00015118
12,44,0.000364207
12,44,0.000320393
12,44,0.000462813
12,44,0.001306953
12,44,0.000243118
12,44,4.680881574
12,44,0.000320393
4,44,0.056305383
4,44,0.001412282
8,44,0.056305383
8,44,0.139126193
8,44,0.151334918
8,44,0.129677599
8,44,0.000209405
8,44,0.001412282
8,44,0.002158415
8,44,0.002019928
8,44,0.412689518
4,44,0.000517852
4,44,0.000209405
4,44,0.014047923
4,44,0.005246577
4,44,0.011845529
4,44,0.000517852
4,44,0.000517852
4,44,0.862663394
8,44,0.000935954
8,44,0.00368283
4,44,0.01063603
4,44,0.014047923
8,44,0.009149255
8,44,0.059687708
8,44,0.000462813
8,44,0.002941466
8,44,0.007485356
8,44,6.61143502
8,44,0.040277171
8,44,0.005759415
12,44,0.000364207
12,44,0.002453199
12,44,0.004533323
12,44,0.003884975
8,44,0.00368283
8,44,0.037636006
8,44,0.003116924
12,44,0.02816098
8,44,0.004310124
8,44,0.000779059
8,44,0.101666974
8,44,0.002302804
8,44,0.000462813
8,44,0.048882696
8,44,0.000411639
8,44,0.000935954
8,44,0.005001454
8,44,0.002302804
8,44,0.270111524
8,44,0.001206768
8,44,0.003116924
8,44,0.007801308
8,44,0.001021381
8,44,0.03678032
12,44,0.000576876
12,44,0.01063603
12,44,0.024708304
12,44,4.70978126
12,44,0.003884975
12,44,0.001638813
12,44,0.03678032
12,44,0.003487506
12,44,0.001412282
12,44,0.000576876
4,44,0.19331396
4,44,0.088903236
4,44,0.024708304
4,44,0.019667425
4,44,0.000935954
4,44,0.302271073
4,44,0.111980763
4,44,0.009874942
4,44,0.090261645
4,44,0.342439854
4,44,0.115393688
4,44,0.005246577
4,44,0.182200559
4,44,0.07832947
4,44,0.085449559
4,44,0.02816098
4,44,0.001638813
4,44,0.003487506
4,44,0.043974061
4,44,0.042230411
4,44,0.023678045
4,44,0.000243118
4,44,0.038503999
4,44,0.082080339
4,44,0.001021381
4,44,0.0000849
4,44,0.106534188
4,44,0.594622918
4,44,0.010251018
4,44,0.040277171
4,44,0.03347933
4,44,0.009507717
4,44,0.01063603
4,44,0.009507717
4,44,0.024449855
15,2,1.018164419
15,2,0.630656131
15,2,0.000984731
15,2,0.000801682
15,2,0.003458365
15,2,0.00230425
15,2,0.000671622
15,2,0.034643298
15,2,0.000246662
15,2,1.640944157
7,2,0.229827572
7,2,0.000462813
7,2,0.339130027
8,2,0.300892696
8,2,0.050649887
8,2,0.002941466
7,2,0.320961688
8,2,0.035105607
8,2,0.094315938
8,2,0.884442927
8,2,0.000178802
8,2,0.82393644
8,2,0.296356606
8,2,0.009874942
7,2,0.000138479
7,2,0.000206243
7,2,0.001271097
7,2,0.000522746
7,2,1.652337443
7,2,0.004002588
7,2,0.004323899
7,2,0.003757206
7,2,0.032684187
7,2,0.192589741
7,2,0.076458589
7,2,0.01226713
8,2,0.085453718
8,2,0.050937203
7,2,0.198584798
7,2,0.076965729
8,2,0.216973722
8,2,0.015274498
8,2,0.00368283
8,2,0.637420909
8,2,0.001887236
8,2,0.317008109
8,2,0.006586551
8,2,0.000941218
8,2,0.0000849
8,2,0.726672069
8,2,0.435289146
8,2,0.532557555
6,101,0.473223608
6,101,0.000707361
6,101,0.00010435
6,101,0.000126407
6,101,0.000517852
6,101,0.167215852
6,101,1.272223198
6,101,0.001111615
6,101,0.000243118
6,101,0.000243118
6,101,0.000126407
6,101,0.0000849
6,101,0.000280072
6,101,0.197341334
6,101,0.006027317
6,101,0.151003022
6,101,0.851310456
6,101,1.555064067
13,87,0.003298904
13,87,1.74792498
13,87,0.092801505
13,87,0.313336203
13,87,0.000364207
13,87,1.236957536
13,87,0.190247319
13,87,1.195376738
13,87,0.623163871
13,87,1.566619656
13,87,0.303975403
13,87,0.391085766
13,87,1.272223198
5,87,1.06255959
5,87,0.086893529
5,87,0.044930021
5,87,0.0000849
5,87,1.388845417
5,87,0.0000849
5,87,0.000126407
5,87,0.000109842
5,87,1.188524731
5,87,0.000126407
5,87,0.000517852
5,87,0.000126407
5,87,0.000243118
10,73,1.403828648
10,73,0.001206768
10,73,0.000640006
10,73,0.282788637
10,73,0.001522865
10,73,0.002609706
10,73,0.00010435
10,73,0.349563982
10,73,0.000935954
10,73,0.00015118
10,73,0.711535078
10,73,0.345852295
10,73,0.000576876
10,73,0.000935954
10,73,0.000280072
10,73,0.018628941
10,73,0.000320393
2,73,0.000126407
2,73,0.00015118
2,73,0.999467959
2,73,0.000576876
2,73,0.006027317
2,73,0.000209405
2,73,0.00368283
2,73,0.001021381
2,73,0.000209405
10,73,1.056151301
10,73,0.000640006
10,73,0.00015118
10,73,0.003298904
10,73,0.024708304
10,73,0.003116924
10,73,0.002941466
10,73,0.441567181
10,73,0.859704836
2,73,0.390798135
2,73,0.642214987
2,73,0.000209405
2,73,0.000126407
2,73,0.360841624
2,73,0.0000849
2,73,0.123908126
2,73,0.001522865
2,73,0.017521888
2,73,0.000517852
2,73,0.000576876
2,73,0.000178802
2,73,0.002302804
2,73,0.005246577
2,73,0.000178802
2,73,0.000209405
2,73,0.97484654
8,44,0.006586551
2,45,2.013031792
2,45,0.000779059
2,45,0.001638813
2,45,0.00409404
2,45,0.622094273
2,45,0.521030834
2,45,0.014517127
2,45,0.030169484
2,45,0.06266301
2,45,0.00010435
2,45,0.001522865
2,45,0.057419255
2,45,0.000855218
2,45,0.010251018
2,45,1.739443887
2,45,0.000209405
2,45,0.00015118
2,45,0.000707361
2,45,0.001206768
2,45,0.001638813
2,45,0.000320393
2,45,0.007157878
2,45,0.001021381
14,129,0.542943145
14,129,0.000935954
14,129,0.018719453
14,129,0.046339655
14,129,0.499075672
14,129,0.01933707
14,129,0.035936876
14,129,0.913442203
14,129,0.327973461
14,129,0.112046919
14,129,0.000320393
14,129,0.000469257
14,129,0.001021381
14,129,0.795502202
14,129,0.376678762
14,129,0.019804933
14,129,0.00019959
14,129,0.323888578
14,129,0.503364872
14,129,0.001760234
14,129,0.135835658
15,129,0.000178802
15,129,0.0000983
15,129,0.000120827
15,129,0.000207034
15,129,0.003021765
15,129,0.000120827
15,129,0.000383871
15,129,0.556528082
15,129,0.000545107
15,129,0.471094022
15,129,0.010477729
14,129,0.025479049
14,129,0.170053855
15,129,0.002063611
15,129,0.00152462
14,129,0.215488639
14,129,0.001522865
14,129,0.026042087
14,129,0.004638373
15,129,0.0817687
15,129,0.00035828
15,129,1.112112736
15,129,0.032722044
15,129,0.007288373
15,129,0.002609706
15,129,0.009507717
15,129,0.000599618
15,129,0.647131581
15,129,0.290797142
15,129,0.026725433
15,129,0.000120827
15,129,0.108352765
15,129,0.00409404
15,129,0.000412738
15,129,0.152851875
15,129,0.000576876
15,129,0.002499217
15,129,0.213670428
15,129,0.004497047
15,129,0.059185297
15,129,0.000935954
15,129,0.004638373
15,129,0.13374539
15,129,0.593720504
15,129,0.021266495
15,129,0.379493677
15,129,0.000313495
15,129,0.000451381
3,129,0.005009573
3,129,0.00562299
3,129,0.000134557
3,129,0.087454045
3,129,0.617683382
4,129,0.068721566
3,129,1.16481436
3,129,0.37309219
3,129,1.356862009
3,129,0.105880339
3,129,0.069783806
3,129,0.000416245
3,129,0.000219685
3,129,0.705275234
3,129,0.001152254
4,129,0.368367097
4,129,0.000220426
4,129,0.427491597
3,129,0.107473576
4,129,0.002386843
3,129,0.000255914
3,129,0.0000849
3,129,0.245318911
15,101,0.12161792
15,101,0.020340201
15,101,0.002941466
15,101,0.048530639
15,101,0.000280072
15,101,0.005246577
15,101,0.006586551
15,101,0.078475147
15,101,0.005246577
15,101,0.000243118
15,101,0.000576876
15,101,0.000178802
15,101,0.016492384
15,101,0.000411639
15,101,0.094315938
15,101,0.022147037
15,101,0.014517127
15,101,0.03141028
15,101,0.015484908
15,101,0.091366292
15,101,0.001306953
15,101,0.039384366
15,101,0.333819328
15,101,0.000855218
15,101,0.0000849
15,101,2.600987603
15,101,0.000320393
15,101,0.113679393
15,101,0.482635233
15,101,0.008799471
15,101,0.009874942
15,101,0.000126407
15,101,0.002453199
15,101,0.000311961
15,101,0.266478325
15,101,0.02816098
15,101,0.003298904
6,101,0.001306953
6,101,0.000209405
6,101,0.000126407
6,101,2.955793178
7,101,0.001412282
7,101,0.000517852
7,101,0.000935954
7,101,0.000126407
7,101,0.02888571
7,101,0.320531466
7,101,0.004763734
6,101,0.002783219
6,101,0.121056241
6,101,0.001021381
6,101,1.809359524
6,101,0.002158415
6,101,0.00015118
6,101,0.001638813
6,101,0.002302804
7,101,0.000779059
6,101,0.037636006
7,101,0.020610489
7,101,0.009507717
7,101,0.058546677
7,101,0.000411639
7,101,0.000320393
7,101,0.023930566
7,101,0.002158415
7,101,0.000855218
7,101,0.000280072
6,101,0.003487506
6,101,0.001638813
6,101,0.001522865
6,101,0.000280072
6,101,0.0000849
7,101,0.000243118
7,101,0.002941466
7,101,0.000243118
7,101,0.146586586
7,101,0.005246577
7,101,0.001021381
7,101,0.005001454
7,101,0.000576876
7,101,0.000707361
7,101,0.000178802
7,101,0.004533323
7,101,0.000935954
7,101,0.001306953
7,101,0.33583929
7,101,0.0000849
7,101,0.01226713
8,101,0.041135436
8,101,0.00015118
7,101,0.00010435
7,101,0.37309219
7,101,0.007177639
7,101,0.293075252
7,101,0.169610889
7,101,0.000855218
7,101,0.445859772
7,101,0.007485356
7,101,0.00010435
7,101,0.0000849
7,101,0.003487506
7,101,0.007873211
7,101,0.001111615
7,101,0.000209405
7,101,0.003884975
7,101,0.000178802
7,101,0.00409404
7,101,0.000517852
7,101,0.117661362
7,101,0.541537302
7,101,0.000779059
7,101,0.671967909
7,101,0.423900449
7,101,0.045898802
8,101,0.455195029
8,101,0.192589741
16,87,0.586059695
16,87,1.187254258
8,87,0.884971488
8,87,0.993279717
15,73,0.454667212
15,73,0.000640006
15,73,0.216973722
15,73,0.950575418
10,73,0.00010435
10,73,0.00368283
10,73,0.003884975
10,73,0.000935954
10,73,0.000364207
10,73,0.005246577
10,73,0.001206768
10,73,0.011030063
10,73,0.00015118
10,73,0.042230411
10,73,0.002609706
10,73,0.0000849
10,73,0.004533323
10,73,0.049151927
15,73,0.0000849
15,73,0.000462813
10,73,0.000462813
10,73,0.000411639
10,73,0.541537302
15,73,0.000209405
15,73,0.230550007
15,73,0.002453199
15,73,0.002453199
15,73,0.001522865
15,73,0.000320393
15,73,0.55027754
15,73,1.049765072
15,73,0.14898239
15,73,0.000280072
15,73,0.00010435
15,73,1.216066625
15,73,0.060842407
15,73,0.001206768
15,73,0.000320393
15,73,0.000178802
15,73,0.000178802
15,73,0.000178802
15,73,0.000209405
15,73,0.00015118
15,73,0.204562658
15,73,0.139126193
15,73,0.176554655
15,73,0.00010435
15,73,0.851310456
10,73,0.002019928
10,73,0.000364207
10,73,0.001887236
10,73,0.000707361
10,73,0.000576876
10,73,0.004533323
10,73,0.163769866
10,73,0.001887236
10,73,0.006586551
10,73,0.000283152
10,73,0.003116924
10,73,0.001522865
10,73,0.008458278
2,73,0.002019928
2,73,0.000209405
2,73,0.000855218
2,73,0.004310124
8,73,0.701379462
8,73,0.0000849
8,73,0.000209405
8,73,0.00010435
8,73,1.300839186
8,73,0.466533296
8,73,0.716644616
2,73,0.000465067
2,73,0.309372087
2,73,1.229971545
2,73,0.0000849
2,73,0.000411639
2,73,0.000517852
2,73,0.009874942
2,73,0.000462813
2,73,0.000855218
15,45,0.000320393
15,45,0.001412282
15,45,0.000935954
15,45,0.000462813
15,45,0.000126407
15,45,0.000178802
15,45,0.0000849
15,45,0.001306953
15,45,2.449627823
15,45,0.000411639
15,45,0.005759415
15,45,0.000855218
15,45,0.000517852
15,45,0.000707361
15,45,0.000364207
15,45,3.177346926
15,45,2.744987799
15,45,0.133408478
15,45,0.001306953
15,45,0.002453199
15,45,0.001306953
15,45,0.000243118
15,45,0.022770904
15,45,0.000462813
15,45,0.000462813
15,45,0.000209405
15,45,0.000364207
15,45,0.0000849
15,45,0.00015118
15,45,0.000126407
15,45,0.00015118
15,45,0.000243118
15,45,0.00015118
15,45,0.00015118
15,45,0.000126407
7,45,1.06255959
7,45,0.524301967
7,45,0.000462813
2,45,0.001306953
2,45,0.002609706
7,45,0.000935954
7,45,0.001760234
7,45,0.038503999
7,45,0.000855218
7,45,0.000209405
7,45,1.825286049
4,45,0.000178802
4,45,0.022147037
4,45,0.000243118
7,45,0.000779059
7,45,0.000640006
7,45,0.001206768
2,45,0.004310124
2,45,0.00409404
2,45,0.015983644
2,45,0.009149255
2,45,0.001638813
2,45,0.000576876
2,45,0.383657406
2,45,0.009874942
2,45,0.005001454
2,45,0.019759262
2,45,0.017415888
2,45,0.001760234
2,45,0.010251018
2,45,0.006586551
2,45,0.001522865
2,45,0.001760234
2,45,0.030295969
2,45,0.005814994
2,45,0.036487212
2,45,0.02888571
2,45,0.000707361
2,45,0.139126193
2,45,0.025237333
2,45,0.039444015
4,45,0.114476283
2,45,0.114018565
4,129,0.150122377
4,129,1.118931811
4,129,0.003884975
4,129,0.002609706
4,129,0.125723656
4,129,0.0000983
4,129,2.261870075
4,129,0.000943166
4,129,0.000517852
4,129,0.000707361
4,129,0.002609706
4,129,0.221505579
4,129,0.292995707
4,129,0.193841016
4,129,0.000576876
4,129,0.761595654
4,129,0.000573612
4,129,0.195826273
4,129,0.000669032
4,129,0.237787051
4,129,0.124481331
4,129,0.033876655
13,116,1.500452828
13,116,0.002302804
13,116,0.006027317
13,116,0.042873951
13,116,0.015983644
13,116,0.002302804
13,116,0.0737249
13,116,0.005925584
13,116,0.001887236
13,116,0.018079406
13,116,0.002609706
13,116,0.22447819
13,116,0.00015118
13,116,0.004533323
13,116,0.009507717
13,116,0.010388688
13,116,0.522641707
13,116,0.059606219
13,116,0.243128727
13,116,0.39801692
13,116,1.800525302
9,116,0.738206969
9,116,0.001638813
9,116,0.109725102
9,116,0.00172462
9,116,0.034488169
9,116,0.061733652
9,116,0.048530639
9,116,0.009533165
9,116,0.019016228
9,116,0.092747382
9,116,0.113655183
9,116,0.026962941
9,116,0.009533165
13,116,0.029622002
13,116,0.000517852
9,116,0.000364207
13,116,0.000462813
9,116,0.000411639
9,116,0.000707361
9,116,0.011433201
9,116,0.001638813
9,116,0.061733652
9,116,0.01429268
9,116,0.070578906
9,116,0.631806594
9,116,0.550168248
9,116,0.01063603
9,116,0.059606219
13,116,0.000126407
13,116,0.744014239
13,116,0.174463407
13,116,0.01470305
9,116,0.001760234
9,116,0.013242343
13,116,0.007177639
8,101,0.165613622
8,101,0.000517852
8,101,0.135298152
8,101,0.042100354
8,101,0.711535078
8,101,0.001111615
8,101,0.061733652
8,101,0.222061872
8,101,0.02888571
8,101,0.306577918
8,101,0.303147666
8,101,0.035105607
8,101,0.001021381
8,101,0.69338673
8,101,0.000126407
8,101,0.25409467
8,101,0.242822033
8,101,0.923636465
8,101,0.190247319
8,101,0.482635233
8,101,0.322866668
8,101,0.131534975
16,87,0.000138479
16,87,0.000138479
16,87,0.004257941
16,87,0.233459482
16,87,0.001527083
16,87,1.289926105
16,87,0.098949902
16,87,0.168913243
16,87,1.269544092
16,87,0.117123694
16,87,0.408991924
16,87,0.571211969
16,87,0.047875077
16,87,0.758284797
16,87,0.652603674
16,87,0.027173093
16,87,0.025376279
16,87,0.04194568
16,87,0.229827572
8,87,0.000178683
8,87,0.0000849
8,87,0.131534975
8,87,0.053044478
8,87,0.329314974
8,87,0.181050211
8,87,0.064389083
8,87,0.342439854
8,87,0.181050211
8,87,0.187922194
8,87,0.210900288
8,87,0.300892696
8,87,0.665180967
8,87,0.108630308
8,87,0.431473119
8,87,0.339130027
8,87,1.322536939
8,73,0.001760234
8,73,0.503923911
8,73,0.101191637
8,73,0.908941223
8,73,0.000280072
8,73,0.00010435
8,73,0.000209405
8,73,0.000411639
8,73,0.00010435
8,73,0.084028675
8,73,0.461095121
8,73,0.085453718
8,73,0.034286447
8,73,1.195376738
8,73,0.524301967
8,73,0.227221161
8,73,0.82393644
8,73,0.084028675
5,74,0.1949495
5,74,0.057419255
5,74,0.000178802
1,74,0.000243118
1,74,0.000411639
1,74,0.00010435
1,74,0.017011206
1,74,0.117731654
1,74,0.00010435
1,74,0.005001454
1,74,1.731413285
1,74,0.000320393
5,74,0.0000849
5,74,0.00015118
5,74,0.661600477
5,74,0.049903384
5,74,0.071859181
5,74,0.120631032
5,74,0.248339403
5,74,0.057419255
5,74,0.073153689
5,74,0.326081334
5,74,1.147880467
5,74,0.482635233
5,74,0.106978387
5,74,0.124061116
5,74,0.078475147
5,74,0.009149255
5,74,0.032684187
1,74,0.001887236
1,74,0.288748832
1,74,0.186961625
1,74,0.000126407
1,74,0.987113408
1,74,0.611912146
1,74,0.002158415
1,74,0.001522865
1,74,0.445859772
1,74,0.007177639
1,74,0.00015118
1,74,0.014996095
1,74,0.014996095
1,74,0.513232344
1,74,0.030369927
1,74,0.002453199
1,74,0.003116924
1,74,0.000779059
1,74,0.346454476
1,74,0.000462813
1,74,0.11581752
1,74,0.237754304
1,74,0.099448285
1,74,0.002453199
4,45,0.048530639
4,45,1.434066202
4,45,0.657134328
4,45,0.001638813
4,45,0.027447742
4,45,0.044930021
4,45,1.487853084
4,45,0.003487506
4,45,0.318965512
4,45,0.096017415
4,45,0.099126501
4,45,0.001887236
4,45,0.002453199
4,45,0.001638813
4,45,0.095845448
4,45,0.020340201
4,45,0.36288564
4,45,0.03347933
4,45,0.018628941
4,45,0.091302099
4,45,0.517924392
4,45,0.706446699
5,32,0.000178802
5,32,0.950575418
5,32,0.051936352
5,32,0.301213088
5,32,0.146978279
5,32,0.014742812
5,32,0.026503897
5,32,0.008493184
5,32,0.345768803
5,32,0.001638813
5,32,0.02093176
5,32,0.016492384
5,32,0.338693264
5,32,0.047427254
5,32,1.16481436
5,32,1.351782117
5,32,1.594403929
5,32,0.524440975
5,32,0.26251017
9,18,0.428037529
9,18,0.144161208
9,18,0.00368283
9,18,0.000126407
9,18,2.605590694
9,18,0.020025015
9,18,0.018768382
9,18,0.172026722
9,18,0.1830342
9,18,0.571211969
9,18,0.073153689
9,18,0.097390086
9,18,0.012698088
9,18,0.0054992
13,116,0.000320393
13,116,0.00015118
13,116,0.05999193
13,116,0.123590183
13,116,0.391044915
13,116,0.002302804
13,116,0.001021381
13,116,0.00015118
13,116,0.001522865
13,116,0.000707361
13,116,0.01371488
13,116,0.009255376
13,116,0.013138485
13,116,0.001306953
13,116,0.026167562
13,116,0.003116924
13,116,0.001021381
9,116,0.135835658
9,116,0.096017415
9,116,0.638190047
9,116,0.002158415
9,116,0.013138485
9,116,0.047427254
9,116,0.047596309
14,74,0.11886946
14,74,0.169610889
14,74,0.091302099
14,74,0.141064648
14,74,0.67302325
14,74,0.000640006
14,74,0.001638813
14,74,0.050937203
14,74,0.427676895
14,74,0.073921681
14,74,0.38396893
14,74,0.470528679
14,74,0.049649894
14,74,0.405313977
14,74,0.284079005
14,74,0.002609706
14,74,0.197326632
14,74,0.001206768
14,74,0.151027921
14,74,0.499059137
5,74,1.714137948
5,74,0.001522865
5,74,0.070578906
5,74,0.0054992
5,74,0.61845319
5,74,0.109689719
3,74,0.015983644
3,74,0.28305098
1,74,0.010251018
1,74,0.007485356
1,74,0.0054992
1,74,0.011845529
1,74,0.109033901
1,74,0.000779059
1,74,0.000855218
1,74,0.108352765
3,74,1.081916952
3,74,0.004533323
3,74,0.08738711
3,74,0.02093176
3,74,0.020610489
3,74,0.144396248
3,74,0.104006709
3,74,0.023405689
3,74,0.00409404
3,74,0.099448285
6,32,4.609036106
6,32,0.345768803
6,32,0.563541605
6,32,0.031013731
6,32,0.428837189
6,32,0.002019928
6,32,0.001522865
6,32,0.011433201
6,32,0.031013731
6,32,0.097723568
5,32,0.106534188
6,32,0.000462813
6,32,0.009507717
6,32,0.0054992
6,32,0.014517127
6,32,0.029362482
6,32,0.353299404
6,32,0.001306953
6,32,0.000153779
6,32,0.006302998
6,32,0.035393141
6,32,0.009507717
6,32,0.001021381
6,32,0.100524946
6,32,1.011395987
6,32,0.000320393
5,32,0.355870662
6,32,0.001111615
6,32,0.050937203
6,32,0.115393688
6,32,1.731413285
6,32,0.071859181
6,32,0.599818267
9,18,0.963426968
9,18,5.712927263
2,18,0.554981391
2,18,0.002150473
7,18,0.297560498
7,18,0.007396474
7,18,0.170902929
7,18,0.00034166
7,18,0.001154115
7,18,0.00448754
7,18,0.00104422
7,18,0.000594232
7,18,0.11392263
7,18,0.16814091
7,18,0.069004933
7,18,0.000122844
7,18,0.000582518
7,18,0.04014074
7,18,0.056703395
7,18,0.000626873
7,18,0.000576876
7,18,0.097390086
7,18,0.000594232
2,18,0.647029964
2,18,0.020340201
2,18,0.524301967
2,18,0.073346544
2,18,0.04303086
2,18,0.94987517
2,18,0.04303086
2,18,0.086893529
2,18,0.152851875
2,18,0.13167495
2,18,0.006878067
2,18,0.210765508
2,18,0.021534014
2,18,0.248575423
2,18,0.014047923
2,18,0.297828716
2,18,0.11886946
2,18,0.001021381
2,18,0.008799471
2,18,0.237754304
2,18,0.056305383
2,18,0.11019032
2,18,0.245843023
2,18,0.559099727
2,18,0.001370568
2,18,0.656722689
2,18,0.823305693
12,116,0.00010435
12,116,0.018079406
12,116,0.000779059
12,116,0.000935954
12,116,0.864548895
8,116,0.002772427
8,116,0.003227794
8,116,0.001778395
8,116,0.005814994
12,116,0.520738014
12,116,0.001760234
12,116,0.662218308
8,116,0.561100186
8,116,0.002609706
8,116,0.579608216
8,116,0.003487506
8,116,0.003158212
8,116,0.013588403
8,116,0.708569217
8,116,0.002941466
8,116,0.014996095
8,116,0.001556096
8,116,0.000923912
8,116,0.02261761
8,116,0.000134557
8,116,0.598468778
12,116,0.002438487
12,116,0.50767568
8,116,0.000186284
12,116,0.213554408
12,116,0.00015118
12,116,0.516362225
12,116,0.134007182
12,116,0.031829308
12,116,0.000707361
12,116,0.308319406
12,116,0.136632755
12,116,0.000126407
12,116,0.21034025
12,116,0.01226713
12,116,0.006801642
12,116,0.652165279
12,116,1.071696536
12,116,0.003673102
12,116,0.57031023
12,116,0.009874942
12,116,0.37306634
12,116,0.006586551
12,116,0.000303086
12,116,0.003487506
8,116,0.00015118
8,116,0.000462813
8,116,0.000178802
8,116,0.000243118
8,116,0.003298904
8,116,0.024621482
8,116,0.001887236
8,116,0.014517127
8,116,0.000280072
8,116,0.165122341
8,116,0.000364207
8,116,0.002453199
8,116,0.022099509
8,116,0.936927995
8,116,0.000517852
8,116,0.000779059
8,116,0.000462813
8,116,0.001230094
8,116,0.888303511
8,116,0.002976736
8,116,0.0000849
8,116,0.009874942
8,116,0.000280072
8,116,0.026066935
8,116,0.745885315
8,116,0.000405267
8,116,0.006027317
8,116,0.57031023
8,116,0.003884975
8,116,0.005198739
8,116,0.542943145
8,116,0.682593582
3,74,0.162487928
3,74,0.017011206
3,74,0.005075231
3,74,0.065030293
3,74,0.008799471
3,74,0.003116924
3,74,0.174332489
3,74,0.529606195
3,74,0.164841551
3,74,0.001306953
3,74,0.02093176
3,74,0.00368283
3,74,0.000640006
3,74,0.029622002
3,74,1.712010432
12,32,2.112501155
12,32,0.33583929
12,32,0.737431528
12,32,0.058546677
12,32,0.096017415
12,32,0.248575423
12,32,0.235235352
12,32,0.002772427
12,32,0.011031051
12,32,0.061733652
12,32,1.976488086
12,32,0.059355831
12,32,0.000707361
12,32,0.08261835
12,32,0.299740577
12,32,0.075494399
12,32,0.060451128
12,32,0.421119189
12,32,0.190247319
12,32,0.170053855
4,32,0.092660522
4,32,0.169939177
4,32,0.000786882
4,32,0.001072924
4,32,0.000606626
4,32,0.000153779
4,32,0.000412738
4,32,0.094315938
4,32,0.679688711
4,32,0.003393606
4,32,0.018077877
4,32,0.16008677
4,32,0.021519731
4,32,0.000536726
4,32,0.041500391
4,32,0.202133173
4,32,0.002976736
4,32,0.087960833
4,32,0.579285957
4,32,2.495125679
4,32,0.001504378
4,32,0.24775495
4,32,0.012967642
4,32,0.480540914
4,32,0.000855218
4,32,0.133300033
4,32,0.326857372
4,32,0.386857093
7,18,0.03347933
7,18,0.002302804
7,18,0.721775332
7,18,0.081485758
8,18,0.470528679
8,18,0.774251118
8,18,0.292963584
7,18,0.00045696
7,18,0.101191637
7,18,0.037636006
7,18,2.135287195
8,18,1.434066202
7,18,0.01371488
7,18,0.810407912
7,18,0.006878067
7,18,0.001522865
8,18,0.00104422
8,18,0.00034166
8,18,0.000396667
8,18,0.044464705
8,18,0.010388688
8,18,3.082355001
8,18,0.903080557
8,18,0.000178802
8,18,0.000462813
8,18,0.129624273
8,18,0.556373233
8,18,0.003116924
8,18,0.342439854
8,18,0.002772427
8,18,0.000935954
8,18,0.004002588
5,103,0.036037469
5,103,0.001412282
5,103,0.991464665
5,103,0.003298904
5,103,0.000462813
5,103,0.000517852
5,103,0.000944493
5,103,0.000517852
5,103,0.000411639
5,103,0.000779059
5,103,0.083028028
5,103,0.012112599
5,103,0.000125078
5,103,2.191772262
5,103,0.0013793
5,103,1.459558057
5,103,0.45944303
5,103,0.101713141
5,103,0.017011206
5,103,0.204562658
5,103,0.820744941
5,103,0.004089447
5,103,0.173310369
5,103,0.058693866
5,103,0.059185297
5,103,0.000255914
5,103,0.012730539
5,103,0.000109842
5,103,0.000255914
5,103,0.084387944
5,103,0.231566752
5,75,0.123831732
5,75,0.323486834
5,75,0.001021381
5,75,1.041079346
5,75,0.000209405
5,75,0.00010435
5,75,0.000126407
5,75,0.000126407
5,75,0.24775495
5,75,0.003116924
5,75,0.46327744
5,75,0.037247362
5,75,0.294783434
5,75,0.038196792
5,75,0.0000849
5,75,0.391044915
5,75,0.897612519
5,75,0.075785624
5,75,0.207502465
5,75,0.000601938
5,75,0.000263498
5,75,0.000517852
5,75,0.000243118
5,75,0.100193315
14,33,0.128053622
14,33,0.279836361
14,33,0.155240752
14,33,0.017521888
14,33,0.001638813
14,33,0.113679393
14,33,0.11019032
14,33,0.256383245
14,33,0.308698885
14,33,0.224632606
14,33,0.008799471
14,33,0.166529833
14,33,0.375401533
14,33,0.017011206
14,33,0.049903384
2,33,0.798054971
2,33,0.002371966
2,33,0.089752517
2,33,0.055729473
2,33,0.068060833
2,33,0.045267756
2,33,0.026167562
2,33,0.077740543
2,33,0.798054971
2,33,0.180391408
10,79,0.003245601
10,79,0.000580169
10,79,0.150581137
10,79,0.204562658
10,79,0.273987293
10,79,0.500247124
10,79,0.00135467
10,79,0.015964564
10,79,0.024121285
10,79,0.070578906
10,79,6.197813035
8,79,0.192589741
8,79,0.027767544
8,79,0.000451566
8,79,0.011346687
8,79,0.047427254
8,79,0.005009573
10,65,0.010348746
10,65,0.000124729
10,65,0.000124729
10,65,0.001131783
10,65,0.000124729
10,65,0.002010925
10,65,0.00015335
10,65,0.000606738
10,65,0.124999397
10,65,0.00022217
10,65,0.000185765
10,65,0.001141224
10,65,0.000262763
10,65,0.001692029
10,65,0.00015335
10,65,0.001155497
10,65,0.000262763
10,65,0.001116301
10,65,0.000124729
10,65,0.000836607
10,65,0.000307736
10,65,0.003328308
10,65,0.000615471
10,65,0.000634292
10,65,0.000124729
10,65,0.000889944
10,65,0.00022217
10,65,0.002152945
10,65,0.005603108
10,65,0.000941638
10,65,0.001677549
10,65,0.00152509
10,65,0.002776399
10,65,0.000138256
10,65,0.002668128
10,65,0.00015335
10,65,0.000307736
10,65,0.000185765
10,65,0.000411586
10,65,0.00716029
10,65,0.001039519
10,65,0.007443411
10,65,0.117731654
10,65,0.002266935
10,65,0.000460941
10,65,0.000455148
10,65,0.000521903
10,65,0.000465067
10,65,0.00035728
10,65,0.000535229
10,65,0.000124729
10,65,0.001589142
10,65,0.000307736
10,65,0.000768514
10,65,0.00186174
10,65,0.000209903
10,65,0.000470841
10,65,0.001367055
10,65,0.000967099
10,65,0.000339115
10,65,0.000633757
10,65,0.000307736
10,65,0.00195177
10,65,0.000310494
10,65,0.000432465
10,65,0.00022217
10,65,0.000754834
10,65,0.000624979
10,65,0.000375521
10,65,0.000124729
10,65,0.00015335
10,65,0.000124729
10,65,0.000561285
10,65,0.003148888
10,65,0.006150655
10,65,0.00114519
10,65,0.001127792
10,65,0.000307736
10,65,0.000680138
10,65,0.000908361
10,65,0.001074671
10,65,0.061733652
10,65,0.000416245
10,65,0.000680705
10,65,0.000151033
10,65,0.375825078
10,65,0.002740549
10,65,0.00035728
10,65,0.001189994
10,65,0.000185765
10,65,0.00022217
10,65,0.001039519
10,65,0.000733603
10,65,0.000761021
10,65,0.000411586
10,65,0.001574748
10,65,0.000174653
12,65,0.000151033
12,65,0.000140936
12,65,0.000138256
12,65,0.000124729
12,65,0.065030293
12,65,0.000124729
12,65,0.000262763
12,65,0.00015335
12,65,0.000469635
12,65,0.000169981
12,65,0.000209903
12,65,0.001375619
12,65,0.001192086
12,65,0.000138168
12,65,0.000525525
12,65,0.00059557
12,65,0.00063695
2,65,0.000659958
2,65,0.000262763
2,65,0.000407935
2,65,0.00015335
2,65,0.000124729
2,65,0.008554375
2,65,0.000753898
2,65,0.00035728
2,65,0.000124729
2,65,0.00015335
2,65,0.00022217
2,65,0.003473621
2,65,0.000604934
2,65,0.187424323
2,65,0.546608474
2,65,0.001155272
2,65,0.056541138
2,65,0.00271583
2,65,0.000416245
2,65,0.000205911
2,65,0.000169981
2,65,0.000185765
2,65,0.000847761
2,65,0.000262763
2,65,0.001209868
2,65,0.000307736
2,65,0.000185765
2,65,0.000821125
2,65,0.00015335
2,65,0.000407935
2,65,0.000124729
2,65,0.000570498
2,65,0.000799078
2,65,0.000695227
2,65,0.00022217
2,65,0.000585815
2,65,0.002406246
2,65,0.00015335
2,65,0.018221469
2,65,0.000124729
2,65,0.001144885
2,65,0.00022217
2,65,0.057611285
2,65,0.000185765
2,65,0.0022273
2,65,0.00035728
2,65,0.002847033
2,65,0.001920664
2,65,0.000124729
2,65,0.00022217
2,65,0.000461086
2,65,0.000411586
2,65,0.003339962
2,65,0.002136788
2,65,0.000185765
2,65,0.000346899
2,65,0.003792943
2,65,0.00015335
2,65,0.234877521
2,65,0.003176983
2,65,0.002412749
2,65,0.045575392
2,65,0.001295761
2,65,0.087138498
2,65,0.000138256
2,65,0.000469635
2,65,0.000262763
2,65,0.00015335
2,65,0.000579451
2,65,0.000185765
2,65,0.000729663
2,65,0.00035728
2,65,0.000124729
2,65,0.024558506
2,65,0.000124729
2,65,0.023244575
2,65,0.000665016
2,65,0.000601878
2,65,0.000262763
2,65,0.069292875
2,65,0.000484933
2,65,0.00050025
2,65,0.007426614
2,65,0.0016336
2,65,0.001375453
2,65,0.000124729
2,65,0.000411586
2,65,0.000527142
2,65,0.000262763
16,135,0.049649894
16,135,0.059185297
16,135,0.000280072
16,135,0.157228078
16,135,0.387547409
16,135,0.073791265
16,135,0.279820024
16,135,0.391968283
16,135,0.081817394
16,135,0.445243172
16,135,0.263956476
9,136,0.135464977
9,136,0.236730602
9,136,0.174088781
8,135,0.03018102
8,135,3.168294149
8,135,0.039161222
8,135,0.061530062
8,135,0.186961625
8,135,0.079639129
8,135,1.304831699
8,135,0.083204936
8,135,0.034488169
8,135,0.083204936
8,135,0.015563022
8,135,0.56109877
8,135,0.201562046
5,136,0.000222792
5,136,0.081817394
5,136,0.017456569
5,136,0.00292358
5,136,0.025369793
5,136,0.052693894
9,136,1.603977953
9,136,0.167215852
9,136,0.055487162
5,136,0.055908222
5,136,0.236730602
5,136,0.00035828
5,136,0.03481133
9,136,0.428374771
9,136,0.000263498
9,136,0.094889175
9,136,0.012967642
9,136,0.0933232
9,108,0.00018124
9,108,0.652813679
9,108,0.040612505
9,108,0.000400789
9,108,0.000346553
9,108,0.00562299
9,108,0.000135266
9,108,0.398774802
9,108,0.072878568
9,108,0.310397179
9,108,0.0014242
9,108,0.012736077
9,108,0.002347178
9,108,0.000990253
9,108,0.991486201
9,108,0.001625604
9,108,0.000749522
9,108,0.069292875
9,108,0.000405367
9,108,0.000182958
9,108,0.00044175
9,108,0.003124022
9,108,0.000151033
9,108,0.003673102
9,108,0.011845529
9,108,0.015484908
9,108,0.040711884
9,108,0.143216964
8,79,0.024236964
8,79,0.033557122
8,79,0.001990488
8,79,0.000119623
8,79,0.002659895
8,79,0.004748912
8,79,0.003365147
8,79,0.243128727
8,79,0.001045157
8,79,1.575005678
8,79,0.01246483
8,79,0.025196666
8,79,0.027773361
8,79,0.000530798
8,79,0.00010435
8,79,0.00368283
8,79,0.000213075
8,79,0.007772066
8,79,0.031013731
8,79,0.049649894
8,79,0.19640272
8,79,0.091466873
8,79,0.005105689
8,79,0.000595794
8,79,0.004012723
8,79,1.430472118
8,79,0.295929834
8,79,1.197006621
8,79,0.00015118
1,80,0.033876655
1,80,0.005639524
1,80,0.009516448
1,80,1.086539593
1,80,0.003293952
1,80,0.133300033
1,80,0.00022217
1,80,0.00679017
1,80,0.210010889
1,80,0.000564937
1,80,0.000124729
1,80,0.001653533
1,80,0.000838031
1,80,0.002373494
1,80,0.000396027
1,80,0.002770414
1,80,0.77556812
1,80,0.002853298
1,80,0.001042536
1,80,0.059788933
1,80,0.001478976
1,80,0.004165319
1,80,0.735455571
1,80,0.378562336
1,80,0.002293418
1,80,0.001989109
1,80,0.039059353
1,80,0.00022217
1,80,0.000124729
12,65,0.207983258
12,65,0.01735615
12,65,0.000205911
12,65,0.00038452
12,65,0.000913017
12,65,0.000246264
12,65,0.084588219
12,65,0.003902991
12,65,0.007780543
12,65,0.000344166
12,65,0.018443364
12,65,0.003058448
12,65,0.065682183
12,65,0.001358164
12,65,0.167536119
12,65,0.002118999
12,65,0.000138256
12,65,0.005337881
12,65,0.003655041
12,65,0.003026798
12,65,0.005644567
12,65,0.000138256
12,65,0.076568928
12,65,0.000448527
12,65,0.006183183
12,65,0.003567294
12,65,0.087736023
12,65,0.000452175
12,65,0.000276512
12,65,0.000618229
12,65,0.00173675
12,65,0.000858314
12,65,0.000246264
12,65,0.000872672
12,65,0.000124729
12,65,0.001358392
12,65,0.000306701
12,65,0.037841475
12,65,0.000341109
12,65,0.000246264
12,65,0.094936326
12,65,0.030295969
12,65,0.000402809
12,65,0.002820476
12,65,0.00192434
12,65,0.000604934
12,65,0.000262763
12,65,0.000604934
12,65,0.001900978
12,65,0.001920664
12,65,0.000842964
12,65,0.000463844
12,65,0.010260399
12,65,0.001039519
12,65,0.000411586
12,65,0.000185765
12,65,0.000765215
12,65,0.000124729
12,65,0.000535229
12,65,0.592083874
12,65,0.000307736
12,65,0.00022217
12,65,0.00035728
12,65,0.000307736
12,65,0.002574136
12,65,0.001347255
12,65,0.000262763
12,65,0.000823173
12,65,0.000944049
12,65,0.000307736
12,65,0.007091073
12,65,0.00050025
12,65,0.000339115
12,65,0.001663776
16,51,0.000536315
16,51,0.000124729
16,51,0.000604934
16,51,0.000249458
16,51,0.000670539
16,51,0.306577918
16,51,0.00022217
16,51,0.000185765
16,51,0.000867697
16,51,0.007605592
16,51,0.000797332
16,51,0.001995605
16,51,0.000847761
16,51,0.002583382
16,51,0.000914372
16,51,0.001204444
16,51,0.151027921
16,51,0.004439665
16,51,0.000124729
16,51,0.0009397
16,51,0.00015335
16,51,0.000646851
16,51,0.297560498
16,51,0.000411586
16,51,0.000291259
16,51,0.000534283
16,51,0.00022217
16,51,0.000138256
16,51,0.00100607
16,51,0.000262763
16,51,0.000124729
16,51,0.000346899
16,51,0.003447647
16,51,0.001348471
16,51,0.000185765
16,51,0.00015335
16,51,0.000411586
16,51,0.000532664
16,51,0.000169981
16,51,0.000692757
16,51,0.227319658
16,51,0.001530066
16,51,0.000939021
16,51,0.000843553
16,51,0.000185765
16,51,0.056986155
16,51,0.000310551
16,51,0.023249113
16,51,0.000339115
16,51,0.000632368
16,51,0.000604934
16,51,0.00015335
16,51,0.001949585
16,51,0.000140936
16,51,0.000461086
16,51,0.000307736
16,51,0.000747695
16,51,0.000185765
16,51,0.000801202
16,51,0.000124729
16,51,0.000521903
16,51,0.002304235
16,51,0.000273878
16,51,0.000976534
16,51,0.000414767
16,51,0.00015335
16,51,0.056541138
16,51,0.001338537
16,51,0.006500704
16,51,0.586281405
16,51,0.000196104
16,51,0.000185765
16,51,0.000185765
1,24,0.069312808
1,24,1.049765072
1,24,0.017540187
1,24,0.046880466
1,24,0.043974061
1,24,0.012698088
1,24,0.235094108
1,24,0.032988274
1,24,0.006027317
1,24,0.092801505
1,24,0.073153689
1,24,0.022770904
1,24,0.405313977
1,24,0.62970557
1,24,0.00015335
1,24,0.000576876
9,136,0.175550687
9,136,0.155094022
9,136,0.038196792
11,136,1.019212565
11,136,0.008235691
11,136,0.017456569
11,136,0.002081258
11,136,0.007091073
11,136,0.011974548
11,136,0.165024283
11,136,0.00035828
9,136,0.005028848
9,136,0.000138256
5,136,0.070552745
5,136,0.021935502
5,136,0.000251038
5,136,0.000606626
5,136,0.004593362
3,136,0.00018124
3,136,0.009288628
3,136,0.296356606
11,136,0.000749522
11,136,0.013722325
11,136,0.181050211
3,136,0.000707361
3,136,0.097195539
3,136,1.463780635
3,136,0.007370564
3,136,0.0000893
9,108,0.000138256
9,108,0.003096191
9,108,0.054118054
9,108,0.011059769
9,108,0.00018124
7,108,0.089752517
7,108,0.000753898
7,108,0.000325869
7,108,0.028558022
7,108,0.468861174
1,80,0.031167652
1,80,0.000341109
1,80,0.010607132
1,80,0.000553843
1,80,0.205350774
1,80,0.011292374
2,80,0.795838765
2,80,0.000120084
2,80,0.000464964
2,80,0.000778576
2,80,0.000847761
2,80,0.002092859
2,80,0.118887971
2,80,0.001221949
1,80,0.000411586
1,80,0.059185297
2,80,0.005701992
1,80,0.216973722
1,80,0.216048248
2,80,0.70095136
2,80,0.229827572
2,80,0.000684129
2,80,1.229325882
2,80,0.002659895
2,80,0.000680138
2,80,0.000185765
2,80,0.052010057
2,80,0.000307736
2,80,0.577402839
1,80,1.221483134
2,80,0.000124729
2,80,0.001475765
2,80,0.488434326
2,80,0.001959199
2,80,0.034029215
2,80,0.00035728
10,38,0.000865903
10,38,0.019188867
10,38,0.001163852
10,38,0.000307736
10,38,0.000470841
10,38,0.000222402
10,38,0.00022217
10,38,0.000411586
10,38,0.000339017
10,38,0.002328868
10,38,0.000985215
10,38,0.00018124
10,38,0.355144099
10,38,0.086449677
10,38,0.000470841
10,38,0.002885157
10,38,0.002450879
10,38,0.192108871
10,38,0.211968514
10,38,0.024021529
10,38,0.000222792
10,38,0.870395033
10,38,0.004019192
10,38,0.308698885
10,38,0.003365147
10,38,0.00035728
10,38,0.000307736
10,38,0.000604934
10,38,0.002433542
10,38,0.000262763
10,38,0.009630795
10,38,0.00022217
10,38,0.000535229
10,38,0.000847761
10,38,0.000470841
10,38,0.000159137
10,38,0.000277587
7,38,0.146978279
7,38,0.870395033
7,38,0.005246577
7,38,0.004763734
10,38,0.00409404
10,38,0.002158415
10,38,0.641208341
10,38,0.007177639
10,38,0.031013731
10,38,0.000529906
10,38,0.000307736
10,38,0.0000893
10,38,0.000544564
10,38,0.00077056
10,38,0.000109443
10,38,1.69161332
10,38,0.047427254
10,38,0.000825475
10,38,0.0013793
10,38,0.03678032
10,38,0.000125078
15,38,1.033241362
15,38,0.001403342
15,38,0.008262698
10,38,0.974990176
7,38,0.102953692
7,38,0.005009573
7,38,0.018079406
7,38,0.016824889
7,38,0.000109842
7,38,0.000344166
7,38,0.000109842
7,38,0.34256066
7,38,0.015220552
7,38,0.0000893
7,38,0.003663089
7,38,0.037779054
14,24,0.02963742
14,24,0.001918102
14,24,0.319750748
14,24,0.037247362
14,24,0.002920515
14,24,0.006338643
14,24,0.000535229
14,24,0.001154115
14,24,0.338693264
14,24,0.001566966
14,24,0.00104422
14,24,0.000385141
14,24,0.000291729
14,24,0.000522746
14,24,0.000291729
14,24,0.000138479
14,24,0.323486834
14,24,0.007750642
14,24,0.276937969
14,24,0.000252006
14,24,0.001700834
14,24,0.000185765
14,24,0.000656606
14,24,0.001292594
14,24,0.00673649
14,24,0.000452905
14,24,0.000138479
14,24,0.461758615
14,24,0.000124729
14,24,0.000417775
14,24,1.741445289
14,24,0.012751444
14,24,0.02369614
14,24,0.003143704
14,24,0.002453199
14,24,0.044211471
14,24,0.001042536
14,24,0.000119623
14,24,0.74773602
14,24,0.007772066
14,24,0.004145739
14,24,0.461758615
14,24,0.145820909
14,24,0.338907256
14,24,0.002609706
14,24,0.000707361
14,24,1.466880549
14,24,0.000996963
14,24,0.002269972
14,24,0.000530798
3,24,0.417925941
3,24,0.37309219
1,24,0.000394737
1,24,0.000252006
1,24,0.000451566
1,24,0.001205355
1,24,0.524440975
1,24,0.000173276
3,24,0.000126407
3,24,0.000517852
3,24,0.0000849
3,24,1.168102427
3,24,0.388173194
3,24,0.000411639
3,24,0.000213075
15,103,0.001638169
15,103,0.049507313
15,103,0.000855218
15,103,0.000308596
15,103,0.101713141
15,103,0.115741316
15,103,0.261045572
15,103,0.89981729
15,103,0.303931362
15,103,0.018114427
15,103,0.001821101
15,103,0.161992294
15,103,0.18752159
15,103,0.014222975
15,103,0.021519731
15,103,0.713590561
15,103,0.362294981
15,103,0.190740659
15,103,0.30710997
15,103,0.029570719
15,103,0.161477438
15,103,0.072502946
15,103,0.014446193
15,103,0.096017415
15,103,0.009615075
15,103,0.011346687
15,103,0.034492594
15,103,0.292974467
15,103,0.075093603
15,103,0.04816617
3,103,0.067032276
3,103,0.170053855
3,103,0.102569782
3,103,0.134836338
3,103,0.20806367
4,103,0.780202661
3,103,0.210798197
3,103,0.032722044
3,103,0.785295127
3,103,1.039093262
3,103,0.271977992
15,89,0.659684753
15,89,0.026725433
15,89,0.070214605
15,89,0.956464696
15,89,0.014742812
15,89,1.202917371
15,89,0.399501694
15,89,0.000462813
15,89,0.0000849
15,89,0.039217245
15,89,0.24775495
15,89,0.030310355
15,89,0.405486204
15,89,0.079085249
15,89,0.069783806
15,89,0.058693866
15,89,0.30506688
3,103,0.058116979
3,103,0.067640339
3,103,0.101191637
3,103,0.028125559
3,103,0.080444182
3,103,0.289657834
3,103,0.048590137
3,103,0.040098729
3,103,0.100991417
3,103,0.0503785
3,103,0.075093603
4,103,0.377028079
4,103,0.38269625
3,103,0.02278975
4,103,0.019967381
4,103,0.358294965
4,103,0.172603339
4,103,0.041898469
3,103,0.086166403
3,103,0.481898607
3,103,0.194134383
11,89,0.000517852
11,89,0.681306713
11,89,0.463135681
15,89,0.74773602
15,89,0.089943373
11,89,0.106534188
15,89,0.009257514
11,89,0.0000849
11,89,0.069087003
11,89,0.471094022
11,89,0.425524595
11,89,0.117661362
11,89,0.024708482
11,89,0.279781905
11,89,0.025369793
11,89,0.020373967
11,89,0.105771616
11,89,0.14311043
11,89,0.063149547
11,89,0.056742736
11,89,0.245843023
11,89,0.128073529
11,89,0.057031833
11,89,1.144509446
15,89,0.115741316
3,89,0.026042087
3,89,0.008493184
3,89,0.438905477
3,89,0.227662582
3,89,0.236454269
3,89,0.13359341
3,89,0.439142966
3,89,0.490149894
3,89,0.087762654
3,89,1.039093262
3,89,0.536679502
3,89,0.039217245
3,89,0.135464977
3,89,0.063872737
3,89,0.687970017
3,89,0.104163166
3,89,0.057611285
4,89,0.057200342
3,89,0.735455571
4,89,0.233240374
4,89,0.170414647
4,89,0.315791068
3,89,0.085756454
3,89,0.490099644
4,89,0.039161222
15,75,0.018683897
15,75,0.065607644
15,75,0.114379852
15,75,0.03141028
15,75,0.136930722
15,75,0.331037525
15,75,0.047460849
15,75,0.043747652
15,75,0.349563982
15,75,0.170221285
15,75,0.188188282
15,75,0.557567674
15,75,0.189524623
15,75,0.346089212
12,75,0.034181775
12,75,0.276535669
12,75,0.008493184
12,75,0.028558022
12,75,0.046615207
12,75,0.466412406
12,75,0.14437071
15,75,0.010906726
15,75,0.297880466
15,75,0.000409989
15,75,1.289926105
15,75,0.057005975
15,75,0.065682183
15,75,0.19696911
15,75,0.146586586
15,75,0.016058374
15,75,0.092802924
16,75,0.062016723
15,75,0.845520386
16,75,0.005009573
15,75,0.092802924
16,75,0.127593295
15,75,0.524440975
15,75,0.203961763
16,75,0.066624329
15,75,0.05164857
12,75,0.017521888
12,75,0.290797142
12,75,2.19242874
14,33,0.153040218
14,33,0.061733652
14,33,0.025479049
14,33,0.01371488
14,33,1.349597406
14,33,0.386857093
14,33,0.025376279
14,33,0.136427691
14,33,1.400847985
11,33,0.382658275
11,33,0.022180931
11,33,0.890762333
14,33,0.953517841
7,33,0.064086729
7,33,0.099448285
11,33,0.053404792
11,33,0.045267756
7,33,0.042145399
7,33,0.261495193
7,33,0.026745927
11,33,0.026055463
11,33,0.157164476
11,33,0.044211471
11,33,0.009652169
11,33,0.209474243
11,33,0.002453199
11,33,0.03678032
11,33,0.11936548
11,33,0.068060833
11,33,3.046269949
11,33,0.008799471
11,33,0.88394271
2,33,0.072604309
2,33,0.057005975
7,33,0.148142026
7,33,0.026503897
7,33,0.319157642
7,33,0.031013731
7,33,0.101713141
7,33,0.133300033
7,33,0.050649887
2,33,0.058116979
2,33,0.00477473
2,33,0.652813679
2,33,0.132170329
2,33,0.095845448
2,33,0.022614459
2,33,0.233540854
2,33,0.000462813
2,33,0.109689719
2,33,0.918346757
7,33,0.183029746
7,33,0.027045032
7,33,0.022147037
7,33,0.00045696
7,33,0.019759262
7,33,0.362701367
7,33,0.416406787
13,118,0.155478935
13,118,0.526044701
13,118,0.211756288
13,118,0.331242044
13,118,1.141184283
13,118,0.075494399
13,118,0.104734519
13,118,0.279781905
13,118,0.520044075
13,118,0.190247319
13,118,0.219508923
13,118,0.104734519
4,103,0.225532954
4,103,0.232351294
4,103,0.062016723
4,103,0.121056241
4,103,0.08135474
4,103,0.804480067
4,103,0.087762654
4,103,0.623035101
4,103,0.366145644
4,103,0.018079406
4,103,0.124472191
4,103,0.021935502
4,103,0.38269625
4,103,0.083032926
4,103,0.169610889
4,103,0.026042087
4,89,0.791660002
4,89,0.044211471
4,89,0.041135436
4,89,0.38269625
4,89,0.346593036
4,89,0.699328167
4,89,0.068721566
4,89,0.02210743
4,89,0.088348162
4,89,0.15327904
4,89,0.050616209
4,89,0.120933311
4,89,0.196601968
4,89,0.007426614
4,89,0.109033901
4,89,0.480540914
4,89,0.01767934
4,89,0.084606857
16,75,0.095717504
16,75,0.242033964
16,75,0.702370336
16,75,0.202195431
16,75,1.113022115
16,75,0.96113674
16,75,0.164026449
16,75,0.06996815
16,75,0.358477606
16,75,0.091800004
16,75,0.237420127
16,75,0.021564221
16,75,0.636636648
12,75,0.019804933
12,75,0.009255376
12,75,0.133300033
12,75,0.071228592
12,75,0.092660522
12,75,0.140087777
12,75,0.277274429
12,75,0.591913591
12,75,0.040098729
12,75,0.05793608
12,75,0.043737149
12,75,0.037247362
12,75,0.429957414
12,75,0.047427254
12,75,0.034488169
16,75,0.234686599
16,75,1.303615331
12,75,0.019804933
12,75,0.036645585
12,75,0.031824076
12,75,0.338693264
12,75,0.05164857
12,75,0.046512192
13,48,0.766380742
13,48,0.088348162
13,48,0.002979847
13,48,0.016492384
13,48,2.476845999
13,48,0.106534188
13,48,0.012259951
13,48,0.020610489
13,48,0.002113206
13,48,0.005246577
13,48,0.125581953
13,48,0.002969405
13,48,0.002363931
13,48,0.989459573
13,48,0.009652169
13,48,0.609603508
13,48,0.001556096
13,48,0.025479049
13,48,0.023084441
1,34,0.157164476
1,34,0.260645408
1,34,0.00010435
1,34,0.040277171
1,34,0.031860708
1,34,0.000950479
1,34,0.013138485
1,34,0.213554408
1,34,0.003298904
1,34,0.017540187
1,34,0.001230094
1,34,0.000188213
1,34,0.001700834
1,34,0.04014074
1,34,3.229810322
1,34,0.088712817
1,34,0.30506688
1,34,0.014047923
1,34,0.04014074
1,34,0.091302099
1,34,0.160154925
1,34,0.000935954
1,34,0.005557791
1,34,0.002587599
1,34,0.013588403
1,34,0.000462813
1,34,0.058546677
9,6,1.202251048
9,6,0.069783806
9,6,0.591913591
9,6,0.160154925
9,6,0.002302804
9,6,0.005009573
9,6,0.009149255
9,6,0.00368283
9,6,1.500452828
9,6,0.20806367
9,6,0.494922894
9,6,0.018628941
9,6,0.079494333
9,6,0.012967642
9,6,0.001760234
9,6,0.001638813
9,6,0.018079406
9,6,0.000178802
9,6,0.011030063
9,6,0.000517852
9,6,0.000126407
9,6,0.002772427
9,6,0.024743539
9,6,0.005856672
9,6,0.012698088
9,6,0.001760234
9,6,0.006586551
9,6,0.045898802
9,6,0.031900951
9,6,0.026055463
14,132,0.219508923
14,132,0.044930021
14,132,0.042145399
14,132,0.325603334
14,132,0.057674863
14,132,0.230803087
14,132,0.083028028
14,132,0.033597834
14,132,0.559099727
14,132,0.093753545
14,132,0.03018102
14,132,0.058201401
14,132,0.096017415
14,132,0.529036151
14,132,0.509554025
14,132,0.069783806
14,132,0.282812232
14,132,0.151003022
14,132,0.282788637
14,132,0.152050842
14,132,0.516254778
11,132,0.303975403
11,132,0.153040218
11,132,0.053179394
11,132,1.152617484
11,132,0.016492384
11,132,0.071185398
11,132,0.252819278
11,132,0.274752988
14,132,0.3062299
14,132,0.036728825
14,132,0.532878836
14,132,0.416741149
14,132,0.092660522
14,132,0.044930021
14,132,0.098601734
7,132,0.307076869
7,132,0.049522391
7,132,0.031900951
7,132,0.085346908
7,132,0.092660522
7,132,0.062218321
7,132,1.454693444
7,132,0.220895407
7,132,0.600743312
7,132,0.038773997
7,132,0.042100354
7,132,0.043737149
7,132,0.151211613
11,132,0.54982007
11,132,0.144396248
11,132,0.484619881
11,132,0.599818267
11,132,0.184167135
13,118,0.962667246
14,118,0.214456233
14,118,0.066822925
14,118,1.628416507
14,118,0.084588219
14,118,0.075785624
14,118,0.010059582
14,118,0.531273212
14,118,0.119665099
14,118,0.624695399
13,118,0.576990634
14,118,0.023312919
14,118,0.231021645
14,118,0.021266495
14,118,0.028857448
14,118,0.041271961
14,118,0.294325946
14,118,0.457132606
14,118,0.039384366
14,118,0.235094108
14,118,0.102953692
13,118,0.05793608
6,118,0.699328167
6,118,0.155094022
6,118,0.11886946
6,118,0.693410685
6,118,0.000125078
6,118,0.014742812
6,118,0.016941731
6,118,0.007989931
6,118,0.00035828
6,118,0.06303295
6,118,0.0013793
6,118,0.007801308
14,118,0.307076869
14,118,0.243085973
14,118,0.061733652
14,118,0.188390344
6,118,0.04303086
6,118,0.52598752
6,118,0.035105607
6,118,0.000494881
6,118,0.234944271
6,118,0.021935502
6,118,0.01833334
6,118,0.000682041
6,118,0.285787978
6,118,0.001393106
6,118,0.003845882
6,118,0.01610771
6,118,0.045484637
6,118,0.021534014
6,118,0.000412738
6,118,0.209196155
6,118,0.007370564
6,118,0.185656774
6,118,0.001926037
11,104,0.003365147
11,104,0.001237816
11,104,0.163476152
11,104,0.003393606
11,104,0.057419255
11,104,0.002772427
11,104,0.017456569
11,104,0.000383871
11,104,0.000113101
11,104,0.000505883
11,104,0.004763734
11,104,0.000282319
3,104,0.116027326
11,104,0.152631651
11,104,0.003884975
11,104,0.003876663
11,104,0.010394676
11,104,0.013138485
3,104,0.121056241
3,104,0.014135097
3,104,0.187424323
3,104,0.081691351
3,104,0.089377042
3,104,0.102569782
3,104,0.062016723
3,104,0.760135917
13,48,0.031013731
13,48,0.004120588
11,48,0.61845319
11,48,0.054287298
11,48,0.083028028
6,48,0.103720915
6,48,1.313678043
6,48,1.086539593
6,48,0.067943463
6,48,0.005001454
6,48,0.034488169
6,48,0.16776795
6,48,0.043974061
6,48,1.141001648
6,48,0.15850436
6,48,0.012733478
6,48,0.141064648
6,48,0.024021529
6,48,0.135298152
6,48,0.012544816
6,48,0.312035764
7,48,1.454693444
7,48,0.002846912
7,48,0.078454682
7,48,0.729360054
7,48,0.036312842
6,48,1.011395987
6,48,0.000451566
6,48,0.28575945
6,48,0.004497047
6,48,0.002453199
6,48,0.007801308
7,48,0.002158415
7,48,0.081222688
7,48,0.334859218
11,48,0.183323679
11,48,0.036312842
15,34,0.00137574
15,34,0.001566724
15,34,0.000263498
15,34,0.001206768
15,34,0.000320393
15,34,0.008869087
15,34,0.002856216
15,34,0.00015118
15,34,0.00035828
15,34,0.000682041
15,34,0.005590875
15,34,0.000186284
15,34,0.000607238
15,34,0.26921978
10,34,0.000262576
10,34,0.000520998
10,34,0.000768514
10,34,0.001489938
10,34,0.000472158
10,34,0.185614327
10,34,0.001821101
10,34,0.193841016
10,34,0.007426614
10,34,0.009170033
10,34,0.001608916
10,34,0.000714952
10,34,0.000422258
10,34,0.000209405
10,34,0.000403704
10,34,0.041457227
10,34,0.028598932
10,34,0.017540187
10,34,0.007772066
10,34,1.537643422
10,34,0.070578906
10,34,0.013366409
10,34,0.25132596
10,34,0.224797157
10,34,0.12177341
10,34,0.022147037
10,34,0.053044478
10,34,0.006933211
10,34,0.324078212
10,34,0.074462485
10,34,0.006238337
10,34,0.00015118
10,34,0.011845529
10,34,0.012698088
10,34,0.001021381
10,34,0.008883525
10,34,0.00464442
10,34,0.002229919
10,34,0.009874942
10,34,0.03347933
10,34,0.016185818
10,34,0.007801308
15,34,0.000855218
15,34,0.008125586
15,34,0.00368283
15,34,0.022147037
15,34,0.0000849
15,34,0.000243118
15,34,0.044930021
15,34,0.011730436
15,34,0.005814994
10,34,0.048582438
1,34,0.040067809
1,34,0.089170738
2,34,0.000126407
2,34,0.000463726
2,34,0.000220426
2,34,0.002779317
2,34,0.009149255
2,34,0.001237816
1,34,0.001023812
1,34,0.005246577
1,34,0.002918344
2,34,0.000667756
1,34,0.000411639
1,34,0.028558022
1,34,0.000126407
2,34,0.108630308
2,34,0.239703927
2,34,0.000545107
2,34,0.000325233
2,34,0.009049606
2,34,0.420473299
2,34,1.853968053
2,34,0.000383871
2,34,0.008682947
2,34,0.000394737
2,34,0.000330639
1,34,0.001608916
2,34,0.006134171
2,34,0.004533323
2,34,0.000243118
2,34,0.017415888
2,34,0.002731526
2,34,0.01371488
2,34,0.001700834
2,34,0.071859181
2,34,0.004377516
2,34,0.01371488
2,34,0.005557791
2,34,0.000258792
2,34,0.001478315
2,34,3.731600825
2,34,0.000251038
2,34,0.000147073
2,34,0.000151033
2,34,0.000707361
2,34,0.000575064
2,34,0.072471792
2,34,0.010477729
2,34,0.012829873
2,34,0.014517127
1,34,1.117472333
11,20,0.007772066
11,20,0.000109842
11,20,0.009652169
11,20,0.067032276
11,20,1.018770186
11,20,0.029622002
11,20,0.000516436
11,20,0.202195431
11,20,0.012468978
11,20,0.045267756
6,20,0.002594029
6,20,0.002229919
6,20,0.11936548
6,20,0.033050148
6,20,0.006586551
6,20,0.018703467
6,20,0.000462813
6,20,0.000607238
6,20,0.000159137
6,20,0.002269775
6,20,0.004748912
6,20,0.108352765
6,20,0.029414117
6,20,0.000159137
6,20,0.002979847
6,20,0.012468978
6,20,0.000493218
6,20,0.000280072
6,20,1.575353616
6,20,0.004257385
6,20,0.03018102
6,20,0.00318936
6,20,1.575353616
6,20,0.000242903
6,20,0.000912123
6,20,0.003873473
6,20,0.015274498
6,20,0.000634448
6,20,0.006062542
6,20,1.721414103
6,20,0.004075459
6,20,0.010394676
11,20,0.00013306
11,20,0.041140205
11,20,0.059336771
11,20,0.050527396
11,20,0.026745927
11,20,0.01063603
11,20,0.534507277
15,6,0.002415093
15,6,0.000125078
15,6,0.02816098
15,6,0.127836305
15,6,0.00035828
15,6,0.001505194
9,6,0.017168987
9,6,0.041182479
9,6,0.000126407
9,6,0.004533323
9,6,0.000320393
9,6,0.000370981
10,6,0.000707361
10,6,1.671909937
9,6,0.000462813
10,6,0.003884975
10,6,0.000855218
10,6,0.001206768
9,6,0.00082702
9,6,0.002302804
9,6,0.001148088
9,6,0.000209405
9,6,0.01278881
9,6,0.003116924
10,6,0.001760234
10,6,0.002081258
10,6,0.000186284
10,6,0.000280072
10,6,0.009874942
10,6,0.000536726
10,6,0.000850133
10,6,0.000606626
10,6,0.041140205
10,6,0.007177639
10,6,0.000707361
10,6,0.003180822
10,6,0.000308596
10,6,0.000186284
10,6,0.003884975
10,6,0.000703283
10,6,0.020340201
10,6,0.000606626
10,6,0.018728417
9,6,0.009874942
9,6,0.005522713
10,6,0.0000849
10,6,0.000640006
10,6,0.00368283
10,6,0.00010435
10,6,0.000364207
10,6,0.013761169
10,6,0.005139482
10,6,0.002772427
10,6,0.000490141
10,6,0.00137574
9,6,0.055205002
9,6,0.554981391
10,6,0.000173276
10,6,0.000296905
10,6,1.40974165
10,6,0.001522865
10,6,0.000691711
10,6,0.001760234
10,6,0.000222792
10,6,0.000222792
10,6,0.000186284
10,6,0.412390427
10,6,0.001260322
10,6,0.003393606
10,6,1.662107338
10,6,0.001260322
10,6,0.004593362
10,6,0.000178802
10,6,0.002019928
10,6,0.000943166
10,6,1.063668911
15,6,0.048882696
15,6,0.0013793
15,6,2.344179121
15,6,0.003393606
15,6,0.001048267
11,132,0.199721177
11,132,0.126978879
11,132,0.002081258
11,132,0.364289152
11,132,0.536753286
11,132,0.084028675
11,132,0.316040764
11,132,0.102115267
7,132,0.070552745
7,132,0.009874942
7,132,0.017540187
7,132,0.54982007
7,132,0.232451876
11,132,0.088032466
7,132,0.376594515
8,132,0.753921021
11,132,0.480540914
11,132,0.172127343
11,132,0.089140851
7,132,0.016492384
7,132,0.018924939
7,132,0.33583929
7,132,0.222061872
7,132,0.326081334
8,132,1.949001805
8,132,0.043598025
8,132,0.576990634
7,132,2.312288303
8,132,0.227221161
7,132,0.395259766
7,132,0.117731654
7,132,0.027767544
8,132,0.070605803
8,132,0.005131067
8,132,0.028832798
8,132,0.008869087
8,132,0.00100848
8,132,0.000291259
8,132,0.074952326
8,132,0.001685282
8,132,0.081640176
8,132,0.000125078
8,132,0.034588702
8,132,0.01371488
8,132,0.532878836
8,132,0.008493184
8,132,0.061069117
8,132,0.030369927
8,132,0.006680686
8,132,0.062323482
8,132,0.014787288
8,132,0.000313495
8,132,0.004861543
8,132,0.000545107
8,132,0.008793401
8,132,0.124604742
8,132,0.113908841
8,118,0.038196792
8,118,0.000632368
8,118,0.058040118
8,118,0.009874942
8,118,0.000855218
8,118,0.000412738
8,118,0.016848928
8,118,0.384367769
8,118,0.043974061
8,118,0.0013793
8,118,0.106978387
8,118,0.009706496
8,118,0.011496665
8,118,0.015484908
8,118,0.0009397
8,118,0.024051465
8,118,0.028558022
8,118,0.00107974
8,118,0.008869087
8,118,0.009765231
8,118,0.307476079
8,118,0.02093176
8,118,0.007177639
8,118,0.009079543
8,118,0.008869087
8,118,0.004763734
8,118,0.001004577
8,118,0.376612323
8,118,0.000134557
8,118,0.000606626
8,118,0.035936876
8,118,0.002269775
8,118,0.1744285
8,118,0.001008884
8,118,0.007426614
8,118,6.040980542
8,118,0.178793883
8,118,0.010477729
8,118,0.044930021
8,118,0.106141484
8,118,0.055546183
8,118,0.004592336
8,118,0.001926037
8,118,0.042568414
8,118,0.0013793
8,118,0.006449243
8,118,0.00702024
8,118,0.006351761
11,104,0.054287298
11,104,0.121672026
11,104,0.234686599
11,104,0.01801525
11,104,0.022770904
11,104,0.001505194
11,104,0.014222975
11,104,0.002788827
11,104,0.127697231
11,104,0.012698088
11,104,0.008799471
11,104,0.047875077
11,104,0.006878067
11,104,0.664265797
11,104,0.02093176
8,104,0.509554025
8,104,0.010477729
11,104,0.005557791
11,104,0.27407207
11,104,1.846276882
11,104,0.029622002
11,104,0.05203308
11,104,0.000779059
11,104,0.016824889
3,104,0.053404792
3,104,0.091384381
3,104,0.066212662
3,104,0.120933311
8,104,0.149012844
8,104,0.000817661
8,104,0.000286667
8,104,0.031129554
8,104,0.023733599
8,104,0.037490736
8,104,0.386539252
4,104,0.010549955
4,104,0.075494399
4,104,0.066269759
8,104,0.033597834
8,104,0.184932149
8,104,0.079085249
8,104,0.065682183
8,104,0.032154047
8,104,0.032684187
8,104,0.054287298
8,104,0.064349101
8,104,0.170223681
8,104,0.301460759
8,104,0.863666919
8,104,0.003365147
8,104,0.837058577
8,104,0.000164764
8,104,0.011333114
3,104,0.591913591
3,104,0.012733478
3,104,0.374455303
3,104,0.107933028
3,104,0.021824625
3,104,0.705275234
3,104,0.053752239
3,104,0.018728417
3,104,0.447963752
3,104,0.020941932
3,104,0.017078603
3,104,0.253661347
4,104,0.014135097
4,104,0.011755487
3,104,0.041898469
3,104,0.079961334
4,104,0.043170714
4,104,0.024743539
4,104,0.018114427
3,104,0.024021529
3,104,0.097723568
3,104,0.03018102
3,104,0.581514847
4,104,1.575768222
4,104,0.024021529
4,104,0.165467093
4,104,0.681664333
4,104,0.066269759
4,104,0.06303295
4,104,0.202659456
4,104,0.224797157
4,104,0.03018102
4,104,0.358770254
4,104,1.004052837
4,104,0.077740543
4,104,0.072604309
4,104,0.035393141
4,104,0.076965729
11,48,0.011030063
11,48,2.113360718
11,48,0.004533323
11,48,0.020744976
11,48,0.216973722
11,48,0.009255376
11,48,0.04303086
11,48,0.044930021
7,48,0.02888571
7,48,1.322536939
7,48,0.026228154
7,48,0.967801858
11,48,0.081222688
11,48,0.005208796
11,48,0.005759415
11,48,0.187688621
11,48,0.162487928
11,48,0.051984214
11,48,0.005759415
11,48,0.009255376
11,48,0.16776795
11,48,0.048530639
11,48,0.146586586
11,48,0.035762019
7,48,0.021011631
7,48,1.454693444
7,48,0.034488169
15,34,0.003615241
15,34,0.006027317
15,34,0.005047706
15,34,0.000280072
15,34,0.000109443
15,34,0.006344544
15,34,0.042145399
15,34,0.002415093
15,34,0.003393606
15,34,0.001946766
15,34,0.004085682
15,34,0.002415093
15,34,0.002081258
15,34,0.001638169
15,34,1.85871894
15,34,0.006680686
15,34,2.416038551
15,34,0.00035828
15,34,0.002594029
15,34,0.042230411
15,34,0.001260322
15,34,0.000850133
15,34,0.293075252
15,34,0.000576876
15,34,0.001260322
15,34,0.006561388
15,34,0.0000893
15,34,0.000280072
16,20,0.011291367
16,20,0.083284743
16,20,0.001478315
16,20,0.019188867
16,20,0.007772066
16,20,0.010604055
16,20,0.000513318
16,20,0.002137561
16,20,0.000811101
16,20,2.626220825
16,20,0.000996963
11,20,0.192589741
11,20,0.142226048
11,20,1.741445289
11,20,0.001412282
16,20,0.050785104
16,20,0.053044478
16,20,0.00727505
11,20,0.000606626
11,20,0.000263498
11,20,0.273312225
16,20,0.001319145
16,20,0.000935954
16,20,0.002137174
16,20,0.001319145
16,20,0.002019928
16,20,0.014517127
16,20,0.000266696
16,20,0.000342654
16,20,0.001244686
16,20,0.004027117
16,20,0.000342654
16,20,0.078475147
16,20,0.024770207
16,20,0.040277171
16,20,0.013355175
16,20,2.452422066
16,20,0.008673465
16,20,0.000173276
16,20,0.060451128
16,20,0.003042097
16,20,0.287293999
16,20,0.124201779
16,20,0.000213075
16,20,0.059185297
16,20,0.001319145
11,20,0.001760234
11,20,0.989459573
11,20,0.028278331
11,20,0.001926037
8,20,0.004334792
8,20,0.005246577
11,20,0.00010435
11,20,0.000125078
11,20,0.002415093
11,20,0.042100354
11,20,0.169939177
11,20,0.042678698
11,20,0.000252006
11,20,0.000669861
8,20,0.131534975
8,20,0.010860106
8,20,0.023405689
8,20,0.000209405
8,20,2.440260586
8,20,0.000320393
8,20,0.018628941
8,20,0.144161208
8,20,0.00368283
8,20,0.001042427
8,20,0.002772427
8,20,0.002302804
8,20,0.114379852
8,20,0.001021381
8,20,0.011845529
8,20,0.009874942
8,20,0.003116924
8,20,0.376212737
8,20,0.151027921
8,20,0.117689189
8,20,0.009149255
8,20,0.003116924
8,20,0.061733652
8,20,0.001522865
8,20,0.007177639
8,20,0.00010435
8,20,0.001306953
8,20,0.026745927
8,20,1.026175461
8,20,0.001926037
8,20,0.002976736
8,20,0.494292594
11,20,0.0000893
15,6,1.598762956
15,6,0.057419255
15,6,0.028558022
15,6,0.379279349
15,6,1.229705396
15,6,0.000576876
15,6,0.03678032
15,6,0.003116924
15,6,0.000536726
15,6,0.001042427
15,6,0.005246577
4,6,0.00702024
4,6,0.508565529
4,6,0.000209405
4,6,0.127593295
4,6,0.845666382
4,6,0.490099644
4,6,0.416741149
4,6,1.293651528
4,6,0.312356828
4,6,0.33583929
4,6,0.014742812
4,6,0.001021381
4,6,0.000996963
4,6,0.001412282
4,6,0.000779059
5,133,0.003130515
5,133,0.029746669
5,133,0.008487559
5,133,0.002244223
5,133,0.000383376
5,133,0.003574972
5,133,0.000140936
5,133,0.020840937
5,133,0.051174163
5,133,0.011344923
5,133,0.133707965
5,133,0.002113206
5,133,0.02090008
5,133,0.001926037
5,133,0.000644627
5,133,0.002594029
5,133,0.000363703
5,133,0.005703935
5,133,0.000893509
5,133,0.133077739
5,133,0.003615241
5,133,0.000951648
5,133,0.000530798
5,133,0.001004577
5,133,0.001963695
5,133,0.001042427
5,133,0.785295127
5,133,0.003845882
5,133,0.001004577
5,133,0.009245959
5,133,0.026528648
5,133,0.117525928
5,133,0.181899152
5,133,0.002081258
5,133,0.261553564
5,133,0.046011573
5,133,0.220901607
5,133,0.011346687
5,133,0.000714952
5,133,0.000281872
5,133,0.000162999
5,133,0.000530798
5,133,0.323486834
5,133,0.011376389
5,133,0.033784329
5,133,0.002105694
5,133,0.005444367
5,133,0.000134557
5,133,0.025848697
5,133,0.007182528
5,133,0.002081258
5,133,0.001620026
5,133,0.000523159
5,133,0.002244223
5,133,0.000413138
5,133,0.001042427
5,133,0.013111397
5,133,0.044722366
1,119,0.047875077
1,119,0.001778395
1,119,0.0054992
1,119,0.001042427
1,119,0.029222758
1,119,0.052212444
1,119,0.079961334
1,119,0.104734519
1,119,0.035105607
1,119,0.007485356
1,119,0.009255376
1,119,0.002050452
1,119,0.056305383
1,119,0.012300525
1,119,0.00035828
1,119,0.043653477
1,119,0.082161524
1,119,0.234460202
1,119,0.005001454
1,119,0.002371966
1,119,0.000222792
1,119,0.014552547
1,119,0.000258792
1,119,0.000222792
1,119,0.144455132
1,119,0.000825271
1,119,0.052415377
1,119,0.001111615
1,119,0.012510046
1,119,0.004763734
1,119,0.011974548
1,119,0.037636006
1,119,0.000280072
1,119,0.003182372
1,119,0.056226384
1,119,0.026055463
1,119,0.00702024
1,119,0.047427254
1,119,0.008493184
1,119,0.032054248
1,119,0.006894878
1,119,0.006134171
1,119,0.001887236
1,119,0.083028028
1,119,0.000303086
14,105,0.078475147
14,105,0.000126407
14,105,0.014222975
14,105,0.005139482
14,105,0.000332698
14,105,0.084617849
14,105,0.006112191
14,105,0.04014074
14,105,0.011845529
14,105,0.017521888
14,105,0.000296905
14,105,0.06303295
14,105,0.001858129
14,105,0.000308596
14,105,0.013218418
14,105,0.002969405
14,105,0.065664271
14,105,0.001439548
14,105,0.000147073
14,105,0.000779059
14,105,0.04718619
14,105,0.007506628
14,105,0.0058456
14,105,0.010059582
14,105,0.032093601
14,105,0.000405367
14,105,0.002609706
14,105,2.670292209
14,105,0.002969405
14,105,0.001926037
10,91,0.001685282
10,91,0.029362482
10,91,0.087762654
10,91,0.687522752
10,91,0.597304808
10,91,0.184932149
10,91,0.11019032
10,91,1.237343831
10,91,0.732100369
5,21,0.169939177
5,21,0.265351907
5,21,0.891424387
5,21,0.399501694
5,21,2.373828528
5,21,0.063193037
5,21,0.02888571
5,21,0.11886946
5,21,0.000320393
5,21,0.000243118
5,21,4.507382107
5,21,0.075065352
5,21,0.017540187
5,21,0.001522865
5,21,2.701850765
5,21,0.101713141
5,21,0.1949495
5,21,0.090769491
5,21,0.026440118
5,21,0.031900951
5,21,0.086893529
6,21,0.082516427
6,21,0.987113408
6,21,0.36847929
6,21,0.702370336
5,21,0.00013306
5,21,0.000580169
5,21,0.000652295
6,21,0.00084949
6,21,0.108352765
6,21,0.000320393
6,21,0.000310551
14,7,0.362701367
14,7,3.103587302
14,7,0.355870662
14,7,0.256881585
14,7,0.450245535
14,7,0.737294724
12,133,0.000743866
12,133,0.001042427
12,133,0.021487839
12,133,0.015106763
12,133,0.024959068
12,133,0.019559884
12,133,0.00427727
16,133,0.240912225
16,133,0.013155089
16,133,0.035165179
16,133,0.008811876
16,133,0.005279157
16,133,0.000743866
16,133,0.007649047
16,133,0.503849958
16,133,0.001317044
16,133,0.005572915
16,133,0.006033322
16,133,0.015696683
16,133,0.000530798
16,133,0.000530798
3,133,0.023312919
3,133,0.000893509
3,133,0.00035828
3,133,0.027739447
3,133,0.007731798
3,133,0.006033322
3,133,0.031860708
3,133,0.125491112
3,133,0.001505194
3,133,0.049337959
3,133,0.001492582
3,133,0.000134557
3,133,0.007370564
3,133,0.125750192
3,133,0.000162999
12,133,0.007961681
12,133,0.006351761
12,133,0.000140936
12,133,0.001638169
3,133,0.002594029
3,133,0.077980029
3,133,0.011911303
3,133,0.011259138
3,133,0.001963695
3,133,0.005427328
3,133,0.003792943
3,133,0.000682041
3,133,0.015355565
3,133,0.007958807
3,133,0.024304566
3,133,0.018199127
3,133,0.001821101
3,133,0.018102629
3,133,0.005139482
3,133,0.011115122
3,133,0.005139482
3,133,0.001484021
3,133,0.016941731
3,133,0.078170809
3,133,0.006351761
3,133,0.00022115
16,119,0.005171419
16,119,0.003163336
16,119,0.006973268
16,119,0.005557791
16,119,0.003027989
16,119,0.032637739
16,119,0.010940658
16,119,0.001783935
3,133,0.002081258
3,133,0.141245924
3,133,0.062042627
3,133,0.003007517
3,133,0.001233581
3,133,0.000460941
3,133,0.001004577
3,133,0.030846804
3,133,0.062042627
3,133,0.026643336
3,133,0.002604644
3,133,0.111684077
3,133,0.002617692
3,133,0.023399126
3,133,0.001556096
3,133,0.066212662
3,133,0.002594029
3,133,0.000593274
3,133,0.09987194
3,133,0.001004577
3,133,0.003845882
3,133,0.037456003
3,133,0.00194615
3,133,0.000429515
3,133,0.090522615
3,133,0.004593362
11,119,0.127593295
11,119,0.00812755
11,119,0.251993637
11,119,0.001931213
11,119,0.213628661
11,119,0.007367914
11,119,0.032684187
11,119,0.117731654
11,119,0.034286447
11,119,0.565389861
11,119,0.0058456
11,119,1.086539593
11,119,0.065682183
11,119,0.002779317
11,119,1.500452828
11,119,0.041135436
11,119,0.000961797
11,119,0.023312919
11,119,0.0013793
11,119,0.004334792
11,119,0.019967381
11,119,0.236391059
11,119,0.008506905
11,119,0.001206888
11,119,0.002976736
11,119,0.932322941
11,119,0.172026722
11,119,0.000544943
3,119,0.104011019
3,119,0.000412738
3,119,0.000125078
3,119,2.52416566
3,119,0.001011648
3,119,0.074031585
3,119,0.01933707
3,119,0.004533323
3,119,0.000303086
3,119,0.023312919
3,119,0.002081258
3,119,0.075395
3,119,0.000109842
3,119,0.034488169
3,119,0.009652169
3,119,0.0000893
3,119,0.000280072
3,119,0.03678032
3,119,2.398065347
3,119,0.014047923
3,119,0.000766237
3,119,0.147945719
3,119,0.001362564
3,119,0.001963695
3,119,0.03695327
3,119,0.236663696
3,119,0.002969405
3,119,0.019967381
3,119,0.028558022
3,119,0.015818142
3,119,0.022875592
3,119,0.031806103
3,119,0.001042427
3,119,0.000396027
3,119,0.002547707
14,105,0.007731798
14,105,0.003574972
14,105,0.0054992
14,105,0.03018102
14,105,0.010542488
14,105,0.175738349
14,105,0.034286447
14,105,0.005279157
14,105,0.004533323
14,105,0.003884975
14,105,0.000109443
14,105,0.00614271
14,105,0.017521888
14,105,0.334852237
14,105,0.021266495
7,105,0.133364858
7,105,0.003178243
7,105,0.001148088
7,105,0.001010535
7,105,0.017521888
3,105,0.613652107
3,105,0.460668657
7,105,0.766380742
7,105,0.012733478
7,105,0.007091073
7,105,0.034488169
7,105,0.001887236
7,105,0.018114427
7,105,0.000186284
7,105,0.0000849
7,105,1.411634885
3,105,0.507392299
3,105,0.069783806
3,105,0.050222588
3,105,0.953517841
7,105,0.016373851
7,105,0.002269775
7,105,0.000222792
7,105,0.001821101
7,105,0.331591794
7,105,2.794185772
7,105,0.036312842
7,105,0.00065373
7,105,0.001638169
7,105,0.144718848
3,105,0.134550461
3,105,0.027173093
3,105,0.091009641
3,105,0.635855123
3,105,0.554981391
3,105,0.019839871
3,105,0.514488065
3,105,0.059185297
3,105,0.268325016
15,91,0.097911837
15,91,0.308698885
15,91,1.207506216
15,91,0.043170714
15,91,0.031013731
15,91,0.008487559
15,91,0.007731798
15,91,0.002677897
15,91,0.76216678
15,91,0.141175104
15,91,1.711447725
15,91,0.035393141
15,91,0.043170714
15,91,0.163353004
15,91,0.035393141
15,91,1.071261202
3,105,0.072604309
3,105,0.001926037
3,105,0.77476388
3,105,0.117731654
4,105,0.010059582
4,105,0.213670428
4,105,0.069783806
3,105,0.034492594
3,105,1.296628426
3,105,0.228559612
3,105,0.075494399
10,91,0.663384876
10,91,0.007370564
10,91,0.017456569
10,91,0.050785104
10,91,0.037574841
15,91,0.017350986
15,91,1.086539593
15,91,0.004593362
10,91,2.412239817
10,91,0.004861543
10,91,0.010136099
10,91,0.007731798
3,91,1.438108806
3,91,0.10282294
3,91,1.469929669
3,91,0.005009573
3,91,0.011346687
3,91,0.007772066
3,91,0.001778395
3,91,0.982209405
3,91,1.110001676
3,91,0.06303295
3,91,0.021266495
3,91,0.042145399
3,91,0.319750748
3,91,0.141003768
3,91,0.196601968
3,91,0.039161222
3,91,0.055908222
3,91,0.001926037
3,91,1.223697138
3,91,0.033384172
3,91,0.192108871
3,91,0.000383871
3,91,0.72675402
4,91,0.133300033
14,21,0.795838765
14,21,0.067943463
14,21,0.001152254
14,21,0.003351701
14,21,0.014990555
14,21,0.428202821
14,21,0.396560556
14,21,0.131499847
14,21,0.000138256
14,21,0.000185765
14,21,0.00015335
14,21,3.640178306
11,21,0.002846912
11,21,0.101191637
11,21,0.000580169
11,21,0.000295138
14,21,0.106127481
14,21,0.002322467
14,21,0.072711125
11,21,0.039709685
11,21,0.027302868
11,21,2.74144355
11,21,0.000424315
11,21,0.001391759
11,21,0.499307456
11,21,0.007199568
11,21,0.441567181
6,21,0.001990488
11,21,0.012524307
11,21,0.227662582
11,21,0.000813056
11,21,0.205145089
6,21,0.039329942
6,21,0.505300778
6,21,0.009694035
6,21,3.685735578
11,21,0.012523266
11,21,0.000580169
11,21,0.005842922
14,7,0.007177639
14,7,0.104734519
14,7,0.0000849
14,7,0.002772427
14,7,0.499307456
14,7,0.228559612
14,7,0.687133236
14,7,0.07524031
16,7,0.000434111
16,7,0.000204839
16,7,0.001022014
16,7,0.020340201
16,7,0.002731526
11,7,0.197326632
11,7,0.753921021
11,7,0.74771866
11,7,0.016695238
11,7,0.85943323
11,7,0.515806515
11,7,0.621786552
11,7,0.096017415
11,7,0.04303086
11,7,0.000411639
11,7,0.000855218
11,7,0.000280072
11,7,0.000462813
11,7,0.000622202
11,7,0.187691262
11,7,0.000329409
11,7,0.008458278
11,7,0.0000849
11,7,0.000958428
11,7,0.001111615
11,7,0.19998966
11,7,0.057419255
11,7,0.054118054
11,7,0.000243118
11,7,0.001306953
11,7,0.97484654
11,7,0.000411639
11,7,0.064389083
11,7,0.000411639
11,7,0.025376279
3,7,0.159641482
3,7,0.55027754
3,7,0.01063603
3,7,0.001111615
3,7,0.001887236
3,7,0.103720915
3,7,0.101191637
3,7,0.000364207
3,7,0.006292535
3,7,0.001306953
3,7,0.001598257
3,7,0.59008267
3,7,0.595211385
3,7,0.002941466
3,7,0.005246577
3,7,0.768230123
3,7,0.126011046
3,7,0.009874942
3,7,0.013138485
3,7,0.039384366
3,7,1.194895589
3,7,0.332567616
3,7,0.319670944
3,7,0.000707361
3,7,0.001306953
3,7,0.256881585
3,7,0.011845529
16,133,0.010531914
16,133,0.003128839
16,133,0.007157878
16,133,0.001206888
16,133,0.008104084
16,133,0.107805436
16,133,0.00076315
16,133,0.069732634
16,133,0.00076315
16,133,0.002081258
16,133,0.001638169
16,133,0.00464442
16,133,0.005139482
16,133,0.008487559
16,133,0.000530798
16,133,0.010860106
16,133,0.115328967
16,133,0.001504378
16,133,0.006134171
16,133,0.005139482
16,133,0.015696683
16,133,0.095457176
16,133,0.00192362
16,133,0.001260322
16,133,0.000912123
16,133,0.219552995
16,133,0.000837432
16,133,0.000606626
16,133,0.001042427
16,133,0.060648238
16,133,0.003429054
16,133,0.000134557
16,133,0.001374892
16,133,0.000556472
16,133,0.000104976
16,133,0.000850133
16,133,0.085650559
16,133,0.1306927
16,133,0.018547802
16,133,0.000291259
16,133,0.005725226
16,133,0.004019192
16,133,0.001556096
16,133,0.060631
16,133,0.000361145
16,133,0.006489188
12,133,0.015172503
12,133,0.063035854
12,133,0.003792943
12,133,0.011031051
12,133,0.091384381
12,133,0.015674149
12,133,0.017164298
12,133,0.014011372
12,133,0.000596786
12,133,0.000469635
12,133,0.133063502
12,133,0.061722607
12,133,0.00278119
12,133,0.011031051
12,133,0.005063681
12,133,0.040295938
12,133,0.000943166
12,133,0.003429054
12,133,0.001257446
12,133,0.089065065
12,133,0.113600213
12,133,0.00074459
12,133,0.000109443
12,133,0.000194943
12,133,0.000162999
12,133,0.273210284
16,133,0.003429054
12,133,0.008506416
12,133,0.014552547
12,133,0.000109443
16,133,0.040975159
16,133,0.125931794
16,133,0.000286667
16,133,0.001206888
16,133,0.00023056
12,133,0.000109842
12,133,0.001505194
12,133,0.003502013
12,133,0.000472158
12,133,0.030495897
12,133,0.685004946
12,133,0.512267921
12,133,0.00303422
12,133,0.007731798
12,133,0.005330942
12,133,0.00035828
12,133,0.001433398
12,133,0.001638169
12,133,0.007795813
12,133,0.006186009
12,133,0.001004577
12,133,0.013932711
12,133,0.150485657
12,133,0.002594029
16,119,0.001317044
16,119,0.018209835
16,119,0.002269775
16,119,0.003163336
16,119,0.001042427
16,119,0.034670832
16,119,0.00192362
16,119,0.001783935
16,119,0.000375892
16,119,0.002726419
16,119,0.001433398
16,119,0.00628757
16,119,0.004339315
16,119,0.016513801
16,119,0.002433542
16,119,0.002415093
16,119,0.001206888
16,119,0.000943166
16,119,0.029565081
16,119,0.002551488
16,119,0.002152881
16,119,0.000667756
16,119,0.130629004
16,119,0.00618231
16,119,0.010401131
16,119,0.766380742
16,119,0.027592255
16,119,0.010577573
16,119,0.001317044
16,119,0.003393606
16,119,0.013412291
9,120,0.519450367
9,120,0.021266495
9,120,0.000320393
9,120,0.000707361
9,120,0.679867901
9,120,0.00614271
9,120,0.017540187
9,120,0.001212517
9,120,0.03018102
9,120,0.013218418
9,120,0.001926037
9,120,0.000246264
9,120,0.000753898
9,120,0.000803834
9,120,0.003845882
9,120,0.001317044
9,120,0.00018124
9,120,0.0000849
9,120,0.000310551
9,120,0.425524595
9,120,0.000104976
1,120,0.170053855
1,120,0.817420769
1,120,0.001010535
1,120,0.06303295
1,120,0.000213075
1,120,0.000996963
1,120,0.029362482
1,120,0.434417692
1,120,0.664265797
1,120,0.031734336
1,120,0.045310847
1,120,0.009288628
1,120,0.675835392
1,120,0.066212662
1,120,0.025069145
1,120,0.037396622
1,120,1.018770186
1,120,0.312356828
1,120,0.000606626
1,120,0.008869087
1,120,2.073278458
1,120,0.177772047
1,120,0.000943166
4,105,0.005208796
4,105,0.002404524
4,105,0.007897032
4,105,0.000649957
4,105,0.000164764
4,105,0.000505883
4,105,0.079961334
4,105,0.018114427
4,105,0.000282319
4,105,0.001760234
4,105,0.02093176
4,105,0.529459931
4,105,0.000186284
4,105,0.303432129
4,105,0.034488169
4,91,0.04564677
4,91,0.208812648
4,91,0.412745174
4,91,0.046339655
4,91,0.239979143
4,91,0.123132048
4,91,0.133300033
4,91,0.39248751
4,91,0.856700924
4,91,0.064349101
4,91,0.069783806
4,91,0.678008786
4,91,1.725534576
4,91,0.079961334
4,91,0.000526995
4,91,0.331242044
13,78,0.211263887
13,78,0.086166403
13,78,0.207619912
13,78,0.024058085
13,78,0.097723568
13,78,0.048590137
13,78,0.872231114
13,78,0.127744097
13,78,0.034286447
13,78,0.046339655
13,78,0.067488787
13,78,0.346454476
13,78,0.830482365
13,78,0.058116979
13,78,0.890762333
13,78,0.044211471
13,78,0.027767544
13,78,0.1450618
13,78,0.804480067
13,78,0.257535202
13,78,0.013218418
1,78,0.203303144
1,78,0.009516816
1,78,0.041135436
1,78,0.035393141
1,78,0.058982637
1,78,0.000291259
1,78,0.000134012
1,78,0.001522865
1,78,0.469112286
1,78,0.000411639
1,78,0.346454476
16,7,0.231670022
16,7,0.006302998
16,7,0.007177639
16,7,0.494716128
16,7,0.000153779
16,7,1.329814482
16,7,0.219132096
16,7,0.000126407
16,7,0.001638813
16,7,0.000126407
16,7,0.00409404
16,7,0.009507717
16,7,0.00015118
16,7,0.00010435
16,7,0.005427328
16,7,0.00035828
16,7,0.000209405
16,7,0.002309764
16,7,0.000320393
16,7,0.000252006
16,7,0.000295138
16,7,0.000606626
16,7,0.005725226
16,7,0.002976736
16,7,0.011974548
16,7,0.000263498
16,7,0.000682041
16,7,0.000243118
16,7,0.000209405
16,7,0.12576695
16,7,0.00278119
16,7,0.00278119
16,7,0.003245601
16,7,0.035762019
16,7,0.022099509
6,134,0.005427328
6,134,0.004085682
6,134,0.001075122
6,134,0.060451128
6,134,0.015674149
6,134,0.001412282
6,134,0.018114427
6,134,0.000263498
6,134,0.061285142
6,134,0.001260322
6,134,0.016941731
6,134,0.00111204
6,134,0.002433542
6,134,2.472132953
6,134,0.00614271
6,134,0.003163336
6,134,0.027848954
2,134,0.098509101
2,134,0.045267756
2,134,0.084028675
6,134,0.090141878
6,134,0.017521888
6,134,4.185379768
6,134,0.000308596
6,134,0.026228154
6,134,0.002244223
6,134,0.063324939
2,134,0.00023056
2,134,0.081817394
2,134,0.000730758
2,134,0.539583055
2,134,0.026167562
2,134,0.62756416
2,134,0.010059582
2,134,0.084588219
2,134,0.004085682
2,134,0.042145399
2,134,0.011433201
2,134,0.012259951
2,134,0.108352765
2,134,5.085539717
2,134,0.378562336
2,134,0.053103723
2,134,0.137352421
2,134,0.071185398
9,120,1.822884789
9,120,1.322250802
9,120,0.480540914
7,120,0.097879553
7,120,0.02278975
7,120,0.096345958
2,120,0.043653477
2,120,0.018077877
2,120,0.206206139
1,120,0.366321676
1,120,0.11392263
1,120,0.006680686
1,120,0.006351761
2,120,0.033557122
2,120,0.06885075
2,120,0.342164301
2,120,1.2132926
2,120,0.403770748
2,120,0.044755682
1,120,0.225532954
2,120,1.056107856
2,120,0.09035936
2,120,0.06480388
2,120,0.026042087
2,120,0.094329757
2,120,0.141175104
2,120,0.705275234
2,120,0.105771616
2,120,0.82393644
2,120,0.000153779
7,120,0.470779856
15,106,1.218360255
15,106,0.159174148
15,106,0.162487928
15,106,1.383157186
15,106,0.054823662
2,106,0.029362482
2,106,0.053103723
2,106,0.098580478
2,106,1.028357845
2,106,0.438889902
7,106,0.570637072
7,106,0.798054971
7,106,0.023312919
7,106,0.072604309
7,106,0.131737675
7,106,0.359882684
7,106,0.939263486
7,106,0.096345958
7,106,0.106534188
7,106,0.412390427
2,106,0.179399565
2,106,0.064003522
2,106,0.137945815
2,106,0.073921681
2,106,0.058040118
2,106,0.100300176
2,106,0.024708482
2,106,3.625060972
2,106,0.024021529
2,106,0.013854918
2,106,0.441567181
2,106,0.044755682
2,106,0.70779758
2,106,2.169811576
2,106,0.000153779
13,78,0.060560281
13,78,0.076458589
13,78,0.1450618
13,78,0.020326772
13,78,0.000618921
15,78,0.102153679
15,78,0.037711855
15,78,1.048578009
15,78,0.185700489
15,78,0.28634294
15,78,0.193091218
15,78,0.145820909
6,78,0.001065062
6,78,0.01429268
6,78,1.548776668
6,78,0.008592846
6,78,0.004413636
6,78,0.000573126
6,78,0.263753599
6,78,2.068800113
6,78,0.001359624
6,78,0.008075748
6,78,0.001559759
6,78,0.135835658
6,78,0.000313495
6,78,0.005142703
6,78,0.00018124
6,78,0.002212026
6,78,0.023244575
6,78,0.591355968
6,78,0.000640006
6,78,0.001350345
6,78,0.010834068
1,78,0.127593295
2,22,0.018856173
2,22,0.00017816
2,22,0.000364207
2,22,0.000364207
2,22,0.004310124
2,22,0.002453199
2,22,0.001021381
2,22,0.002158415
2,22,0.004593362
2,22,0.000364207
2,22,0.000119623
11,22,0.000707361
11,22,0.515806515
11,22,1.909679863
11,22,0.144396248
11,22,0.000517852
11,22,0.035936876
11,22,0.000412738
2,22,2.096604402
2,22,0.000178802
2,22,0.000126407
2,22,0.00409404
2,22,0.003042097
2,22,0.000729867
2,22,1.825286049
2,22,0.683208137
2,22,1.246245195
2,22,0.002302804
2,22,0.000243118
2,22,0.000320393
2,22,0.001111615
2,22,0.007801308
12,134,2.074678528
12,134,0.053752239
12,134,1.927651601
12,134,0.001075977
12,134,0.011346687
12,134,0.037247362
12,134,0.101191637
12,134,0.726672069
4,134,0.060378966
4,134,0.032598295
4,134,0.729360054
4,134,0.052693894
4,134,0.046339655
12,134,0.11068783
12,134,0.221505579
12,134,0.652813679
12,134,0.076965729
12,134,0.179493779
4,134,0.000153779
4,134,0.251516806
4,134,0.804480067
4,134,0.817420769
4,134,0.006697066
4,134,0.007426614
4,134,1.133127087
4,134,0.047596309
4,134,0.323486834
4,134,0.457132606
4,134,0.108352765
4,134,0.047460849
4,134,0.00035828
4,134,0.034488169
4,134,0.028842476
4,134,3.525603124
4,134,0.097879553
4,134,0.000294813
4,134,0.0000983
7,120,0.105771616
7,120,0.353477509
7,120,0.059606219
7,120,0.081817394
7,120,0.278239464
7,120,0.840563869
7,120,0.061733652
7,120,1.172815023
7,120,0.0013793
7,120,0.000351882
7,120,0.046339655
7,120,0.087762654
7,120,2.639711795
15,106,0.007288373
15,106,0.010549955
15,106,0.620883908
15,106,0.125581953
15,106,0.065064427
15,106,0.072502946
15,106,0.19917943
15,106,0.047596309
15,106,0.11068783
15,106,0.023418531
15,106,0.079085249
15,106,0.586281405
7,106,0.037490736
7,106,0.015274498
7,106,0.090750788
7,106,0.02217167
8,106,0.054951235
7,106,0.26693352
7,106,0.024058085
7,106,0.153028568
7,106,0.635855123
7,106,0.055908222
7,106,0.979676351
8,106,0.129624273
8,106,0.094827189
7,106,0.038347935
7,106,0.437299245
7,106,0.009981254
7,106,0.106534188
7,106,0.043170714
7,106,0.34256066
7,106,0.201562046
7,106,0.702370336
8,106,0.279781905
8,106,0.065599027
8,106,0.076965729
8,106,0.020340201
8,106,1.27970653
8,106,0.015394254
8,106,1.40974165
8,106,0.348076592
8,106,0.213732372
8,106,0.164841551
8,106,0.275346831
8,106,0.55595886
8,106,0.113501189
15,78,0.13546599
15,78,0.028125559
15,78,0.005310721
15,78,0.036728825
15,78,0.012242244
15,78,0.444453363
15,78,0.012895076
15,78,0.010477729
15,78,0.092660522
15,78,0.035812417
15,78,1.614769724
15,78,0.023312919
15,78,0.023134222
15,78,0.00912276
11,22,0.008493184
11,22,0.008117392
11,22,0.001098016
11,22,0.000213075
11,22,0.006407984
12,22,0.000394737
12,22,0.001098016
12,22,0.012486801
11,22,0.013363376
11,22,0.022565199
11,22,0.46327744
11,22,1.151066705
11,22,0.476619459
12,22,0.00425385
12,22,0.223016407
12,22,0.499059137
12,22,0.000513318
12,22,0.105880339
12,22,0.003996132
12,22,0.839774006
12,22,0.006851909
12,22,0.008416205
12,22,0.388201555
12,22,0.005540971
12,22,0.000917044
12,22,0.001220435
12,22,0.094329757
1,135,0.373561158
1,135,0.131737675
1,135,0.137352421
1,135,0.253661347
1,135,0.072502946
1,135,0.797590241
1,135,0.039217245
1,135,0.785410954
1,135,0.047596309
1,135,0.059241291
1,135,0.11019032
1,135,0.897612519
1,135,0.028125559
1,135,0.059185297
1,135,0.412390427
1,135,0.126265031
1,135,0.600743312
1,135,0.112357012
9,79,0.016373851
9,79,1.033611838
9,79,0.006389322
9,79,0.024021529
9,79,0.129624273
9,79,1.172815023
9,79,0.332567616
9,79,2.526098029
9,79,0.004019192
9,79,0.003550683
9,79,0.15327904
9,79,0.16814091
9,79,0.001004577
9,79,0.009255376
9,79,1.603977953
10,79,0.627600981
10,79,0.157164476
10,79,0.000140936
10,79,0.001269047
10,79,0.010549955
9,79,0.033606598
9,79,0.033597834
9,79,3.103587302
9,79,0.06303295
9,79,0.256881585
9,79,0.705275234
1,79,0.589092932
1,79,0.000589221
1,79,0.111127907
1,79,0.379630261
1,79,1.141995101
10,79,0.001004577
10,79,0.003163336
10,79,0.018358047
10,79,0.00477473
10,79,0.008723748
10,79,0.004497047
5,23,0.011452304
5,23,0.001080192
5,23,0.157228078
5,23,0.239703927
5,23,1.094932392
5,23,0.000209405
5,23,0.003298904
5,23,0.000779059
5,23,0.015989548
5,23,0.00705412
5,23,0.009476226
5,23,0.000462813
5,23,0.001638813
5,23,0.078794817
5,23,0.021011631
5,23,0.007177639
5,23,0.000280072
5,23,0.000209405
5,23,1.250996628
5,23,0.094315938
5,23,0.04303086
5,23,0.018378812
5,23,0.034525803
5,23,0.109760247
5,23,0.000820063
5,23,0.000859906
6,23,0.006894878
5,23,0.117559154
6,23,0.219132096
6,23,0.18441982
6,23,0.025497833
6,23,0.007202378
6,23,0.003298904
6,23,0.005702757
6,23,0.03347933
5,23,0.000209405
5,23,0.000855218
5,23,0.000855218
5,23,0.057010584
5,23,0.000280072
5,23,0.000320393
5,23,0.001111615
5,23,0.000779059
5,23,0.002302804
6,23,0.050937203
6,23,0.001075138
6,23,0.420143755
6,23,0.427676895
10,23,0.432433348
10,23,0.000521903
15,135,0.224797157
15,135,0.072502946
16,135,0.124472191
15,135,0.261153774
15,135,0.147029258
15,135,0.024708482
15,135,0.081485758
15,135,0.000164764
15,135,0.001522865
16,135,0.000364207
16,135,2.880320982
15,135,0.353477509
16,135,0.166149443
15,135,0.077740543
15,135,0.897612519
15,135,0.77265553
15,135,0.000209405
8,135,0.059241291
8,135,0.02217167
8,135,0.206497538
8,135,0.159171848
8,135,0.785191824
11,136,0.001143722
11,136,0.005821523
11,136,0.000412738
11,136,0.007731798
11,136,0.000496392
11,136,0.04014074
11,136,0.346454476
11,136,0.029146656
11,136,0.001505194
11,136,0.000669861
11,136,0.033876655
11,136,0.006880348
11,136,0.004045807
11,136,0.002152416
11,136,0.006615259
3,136,0.024621482
3,136,0.022412367
3,136,1.822884789
3,136,0.011797724
3,136,0.020702203
3,136,0.014552547
3,136,0.001505194
3,136,0.000593274
3,136,0.000403704
3,136,0.001807639
3,136,0.001236547
3,136,0.009474274
3,136,0.003124022
3,136,0.025196666
3,136,1.917026168
3,136,0.018782183
3,136,0.000396027
12,108,0.016941731
12,108,0.001346399
12,108,0.03481133
12,108,0.005759415
12,108,5.081070709
12,108,0.008723748
12,108,0.420421497
12,108,0.000182958
12,108,0.002547707
12,108,0.005788631
12,108,0.345852295
12,108,0.242320723
12,108,0.102200502
12,108,0.02188641
7,108,0.004012723
7,108,0.022770904
7,108,0.002772427
7,108,0.11019032
7,108,0.007731798
7,108,0.001023812
7,108,0.002147376
7,108,0.012242244
7,108,0.059687708
12,108,0.000310551
12,108,0.271167484
7,108,0.015983644
7,108,0.283143836
7,108,0.0000849
7,108,0.0000849
7,108,0.630023764
7,108,0.152384939
8,108,0.328872733
8,108,0.003333005
7,108,0.023134222
7,108,0.008271627
8,108,0.001082362
7,108,0.000743866
8,108,0.000669861
8,108,0.002044093
8,108,0.387719199
8,108,1.6540997
8,108,0.008869087
8,108,0.172225962
8,108,0.000320393
8,108,0.000472158
8,108,0.000926324
12,108,0.314790249
12,108,0.000310551
12,108,0.000422258
12,108,0.004012723
12,108,0.085752057
12,108,0.008723748
8,108,0.000595794
8,108,0.003550683
8,108,0.000926324
8,108,0.001478315
8,108,0.112046919
8,108,0.029439765
8,108,0.000303086
8,108,0.000303086
8,108,0.000405367
8,108,0.059606219
8,108,0.000834952
12,108,0.313508095
12,108,0.706556574
12,108,0.475756171
12,108,1.065043414
12,108,0.575913041
12,108,0.007238946
12,80,0.270111524
12,80,0.000394737
12,80,0.004850435
12,80,0.000813056
12,80,0.897241616
12,80,0.060648238
12,80,0.002309764
12,80,0.676359766
12,80,0.144990648
8,80,0.049625121
8,80,0.00035728
8,80,0.000411639
8,80,0.935701463
8,80,0.00015335
8,80,0.014837
8,80,0.094315938
8,80,0.018378812
8,80,0.059606219
8,80,0.000124729
8,80,0.395967542
8,80,0.000185765
8,80,0.006894878
8,80,0.049625121
8,80,0.018378812
8,80,0.103314837
8,80,0.000330639
8,80,1.74792498
12,80,0.944024159
12,80,0.221505579
12,80,0.018079406
12,80,0.055205002
12,80,0.011797724
15,38,0.001393106
15,38,0.001355946
15,38,0.000337256
15,38,0.001707903
15,38,0.001486613
15,38,0.000412738
15,38,0.145820909
15,38,0.000483025
15,38,0.000291259
15,38,0.072604309
15,38,0.993279717
15,38,1.463780635
15,38,1.2132926
15,38,0.004448793
15,38,0.026867707
15,38,0.000140936
15,38,0.000758329
15,38,0.000119623
15,38,0.000309767
7,38,0.011845529
7,38,0.0000849
7,38,0.014517127
7,38,0.010399817
7,38,2.31631222
8,38,0.005558645
8,38,0.055205002
8,38,0.001638813
8,38,0.001522865
8,38,0.001638813
8,38,0.027447742
8,38,0.058546677
7,38,0.001760234
7,38,0.00013306
8,38,0.06201083
8,38,0.020340201
8,38,0.131506881
8,38,0.000463341
8,38,4.853944657
8,38,0.000125078
8,38,0.000606626
8,38,0.000606626
8,38,0.001466306
8,38,0.029622002
8,38,0.225532954
8,38,0.008125586
8,38,0.810935322
8,38,0.035444264
8,38,0.000280072
8,38,0.098509101
8,38,0.019759262
8,38,0.000308596
8,38,0.042100354
8,38,0.002335
8,38,0.006027317
16,24,1.396325744
16,24,0.003845882
16,24,0.079961334
16,24,1.015088176
16,24,0.38011548
16,24,0.000472158
16,24,0.534507277
16,24,0.02033252
16,24,0.00702024
16,24,0.474544114
16,24,1.023639105
16,24,0.002609706
16,24,0.003298904
16,24,0.198584798
16,24,0.00409404
16,24,0.000935954
16,24,0.000159137
16,24,0.002019928
16,24,0.839774006
16,24,1.770552979
16,24,0.002772427
16,24,0.006586551
3,24,0.000779059
3,24,0.059687708
3,24,0.691749369
3,24,0.387218027
3,24,0.007485356
3,24,0.193091218
3,24,1.449320661
3,24,0.02816098
3,24,0.000280072
3,24,0.000280072
3,24,0.000243118
3,24,0.000209405
3,24,0.111980763
3,24,0.000855218
3,24,0.059687708
3,24,0.135835658
3,24,0.073153689
3,24,0.015983644
3,24,0.596456291
3,24,0.07712316
3,24,0.025376279
3,24,0.000114999
3,24,0.6982981
3,24,0.000178802
1,137,0.399991031
1,137,0.000270022
1,137,0.000147413
1,137,1.781901835
1,137,0.000741923
1,137,0.142723771
1,137,0.000448527
1,137,0.00018124
1,137,0.000422258
6,137,0.395967542
6,137,0.008211904
6,137,0.028278331
6,137,0.00702024
6,137,0.0013793
6,137,0.004257385
6,137,0.024708304
6,137,0.176921002
6,137,0.260645408
6,137,0.037247362
6,137,0.000516152
6,137,0.000109842
6,137,0.072037657
6,137,2.379957661
6,137,0.26693352
6,137,0.004497047
6,137,0.011496665
6,137,0.000351882
6,137,0.467693868
6,137,0.012967642
6,137,0.001347172
6,137,0.00015335
6,137,0.00035728
6,137,0.001638813
1,137,0.372334021
1,137,0.622345431
1,137,0.408110855
1,137,0.004011684
1,137,0.004593362
1,137,0.049337959
1,137,0.00123958
1,137,1.094225745
1,137,0.031860708
1,137,0.349563982
1,137,0.00035828
1,137,0.000547944
1,137,0.012809446
1,137,0.000140936
1,137,0.001367075
1,137,0.000347722
1,137,0.000391974
1,137,0.000532021
1,137,0.00972685
1,137,0.007049112
1,137,0.106534188
1,137,0.00046433
1,137,0.00076315
1,137,0.000957917
1,137,0.000674969
1,137,0.001042427
1,137,0.018114427
1,137,0.003180822
12,108,0.353299404
9,109,0.000926324
9,109,0.00038452
9,109,0.006561388
9,109,0.288069882
9,109,0.005403702
9,109,0.000593274
9,109,0.009533165
9,109,0.000670539
9,109,0.000456223
9,109,0.001260322
9,109,0.434417692
9,109,0.000365199
9,109,0.002731526
9,109,0.041182479
9,109,0.36847929
9,109,0.000593274
9,109,0.936927995
9,109,0.000595794
9,109,0.000125078
9,109,0.00135467
9,109,0.000124729
9,109,0.009533165
9,109,0.000263498
9,109,0.148797123
9,109,0.179765732
9,109,0.532152274
9,109,0.14803594
14,81,0.086893529
14,81,0.321405341
14,81,0.073153689
14,81,0.332567616
14,81,0.035936876
14,81,0.209474243
14,81,0.783803989
14,81,0.394397757
14,81,0.026055463
14,81,0.060451128
14,81,0.110297751
14,81,0.235094108
14,81,1.156969452
14,81,0.098509101
14,81,0.276902591
2,81,0.604445869
2,81,0.243128727
6,81,0.482635233
6,81,0.399335089
6,81,0.879855003
6,81,0.798054971
6,81,0.057419255
6,81,0.263778164
6,81,0.038503999
6,81,0.768907666
6,81,0.774251118
2,81,0.322866668
2,81,1.68669515
2,81,0.265336903
2,81,0.290299111
2,81,0.503923911
2,81,3.103587302
13,39,0.022147037
13,39,0.001685282
13,39,0.000413138
13,39,0.031968344
13,39,0.000199184
13,39,0.058546677
13,39,0.345852295
13,39,0.002346668
13,39,0.011608674
13,39,0.00425385
13,39,0.002384673
13,39,0.140075924
13,39,0.007879322
13,39,0.000396027
13,39,0.035762019
13,39,0.038507361
13,39,0.0000893
13,39,0.369248516
14,39,0.001170121
13,39,0.001986565
13,39,0.000607238
13,39,0.000140936
13,39,0.000281872
14,39,0.001614087
14,39,0.000763852
14,39,2.651589179
14,39,1.741445289
14,39,0.000151033
14,39,0.000178802
14,39,0.000524115
14,39,0.117731654
14,39,0.000278857
14,39,0.009516448
14,39,0.425524595
13,39,0.056305383
13,39,0.040200545
13,39,0.500247124
13,39,0.005181199
13,39,1.463780635
13,39,0.006933211
13,39,0.02261761
13,39,0.003748826
5,39,0.877709123
5,39,0.089817668
5,39,0.025376279
5,39,0.003636006
5,39,0.000855218
5,39,0.005001454
5,39,0.059687708
14,39,0.000109842
14,39,0.027447742
14,39,0.084387944
14,39,1.500452828
13,39,0.000122844
13,39,0.00022217
5,39,0.11019032
5,39,0.015281186
5,39,0.005725226
5,39,0.000850133
5,39,1.528297107
5,39,0.000140936
5,39,0.008553248
5,39,0.000383376
5,39,0.000325869
5,39,0.121753357
5,39,0.00010435
5,39,0.001746638
5,39,0.000662233
5,39,0.001137982
5,39,0.000220426
5,39,0.000682041
5,39,0.000606626
5,39,0.001760234
5,39,0.000219549
5,39,0.723294297
5,39,0.0000893
5,39,0.001980854
5,39,0.004310124
5,39,1.652337443
5,39,0.003574972
5,39,0.011346687
1,25,0.422279603
1,25,0.000280072
1,25,0.006878067
1,25,0.139126193
1,25,0.000280072
1,25,1.154598878
1,25,0.000364207
1,25,0.020049613
1,25,0.065682183
1,25,0.040277171
1,25,0.332567616
1,25,0.470528679
1,25,0.232451876
1,25,0.003298904
1,25,0.000779059
1,25,0.541537302
1,25,0.87410282
1,25,1.156969452
1,25,0.001760234
1,25,0.33264517
15,137,0.036487212
15,137,0.000194943
15,137,0.127593295
15,137,1.850103997
15,137,0.001243185
15,137,2.575889444
15,137,0.005139482
15,137,0.00347603
15,137,0.00615406
15,137,0.031013731
15,137,0.00079291
15,137,0.020610489
15,137,0.000113101
15,137,0.000286667
15,137,0.010598631
15,137,0.000670539
15,137,0.026055463
15,137,0.004120588
15,137,0.041808264
15,137,0.000414096
15,137,0.002499217
15,137,5.455763428
15,137,0.000430166
15,137,0.000843012
15,137,0.063595533
15,137,0.00035828
15,137,0.085449559
15,137,0.179493779
6,137,0.001206768
6,137,0.551478102
6,137,0.000122844
6,137,0.05793608
6,137,0.001763318
6,137,0.049625121
6,137,0.002185221
7,137,0.00139731
7,137,0.005725226
7,137,0.000153779
7,137,0.009874942
7,137,0.054287298
7,137,0.004861543
7,137,1.836969649
7,137,0.000263498
6,137,0.072216454
6,137,0.000943166
6,137,0.13167495
6,137,0.216332357
7,137,0.001001161
7,137,0.006586551
7,137,0.001926037
7,137,0.399991031
6,137,0.000697053
6,137,0.189524623
7,137,2.091013798
7,137,1.509701829
7,137,0.013588403
7,137,0.02261761
7,137,0.230550007
7,137,0.011375174
7,137,0.018813522
7,137,0.251382249
7,137,0.011515061
7,137,0.002060403
7,137,0.000159981
7,137,0.117731654
7,137,0.134550461
7,137,0.007426636
7,137,0.005156366
11,109,0.006033322
11,109,1.967252128
11,109,0.003257694
11,109,0.331242044
11,109,0.003884975
11,109,0.283020332
11,109,0.001152254
11,109,0.000433674
11,109,0.001008884
11,109,0.151003022
16,109,0.004861543
16,109,0.004943855
16,109,0.007772066
16,109,0.014222975
16,109,0.048530639
7,109,0.002371966
7,109,0.000153779
7,109,0.000153779
7,109,0.039217245
7,109,0.039827788
11,109,0.291228809
11,109,0.000209903
11,109,0.000173276
7,109,1.771941499
7,109,0.0013793
7,109,0.812453137
7,109,0.148797123
7,109,0.000169981
7,109,0.000246264
7,109,0.000411639
7,109,0.226742445
7,109,0.028598932
7,109,0.00278119
7,109,0.004012723
7,109,0.143367997
7,109,0.011414212
11,109,0.541344298
7,109,1.291374263
7,109,0.00175995
7,109,0.000222792
7,109,0.014742812
7,109,0.093194726
7,109,1.356399932
11,109,0.000682041
11,109,0.147798413
11,109,2.135840974
14,81,0.119665099
14,81,0.63264771
14,81,0.015983644
14,81,0.19998966
14,81,0.031900951
14,81,0.081222688
14,81,0.002019928
14,81,0.092801505
14,81,0.187922194
6,81,0.563541605
6,81,1.426472905
6,81,0.131534975
6,81,0.55027754
6,81,0.885628854
7,81,0.566240133
7,81,0.503215598
7,81,2.308702651
7,81,0.507392299
6,81,0.362701367
7,81,0.752695372
7,81,0.25132596
7,81,0.734383591
7,81,0.027447742
7,81,0.059687708
7,81,0.227662582
7,81,2.08722623
7,81,0.141064648
7,81,0.454667212
2,81,0.271992649
2,81,0.566240133
2,81,1.229971545
14,39,0.000682041
14,39,0.014517127
14,39,0.000186284
14,39,0.735455571
14,39,1.518983249
14,39,0.0375217
7,39,0.74773602
7,39,0.051984214
7,39,0.011030063
7,39,0.187424323
7,39,1.339492329
7,39,0.000188213
7,39,0.000262763
7,39,0.003876663
7,39,2.575889444
7,39,0.083028028
7,39,0.024051465
7,39,0.163165006
7,39,0.000422258
7,39,0.000707361
7,39,0.000125078
7,39,0.000412738
7,39,0.001260322
7,39,0.017011206
7,39,0.006027317
7,39,0.001887236
7,39,0.005246577
7,39,0.041182479
7,39,0.003487506
7,39,0.000935954
7,39,0.021534014
7,39,0.03347933
7,39,1.27970653
7,39,0.024051465
7,39,0.000109842
7,39,0.297880466
7,39,0.001926037
7,39,0.007370564
7,39,0.006351761
7,39,0.000536726
7,39,0.002244223
7,39,0.00278119
7,39,0.000310551
7,39,0.00409404
7,39,0.002453199
7,39,0.00409404
7,39,0.002772427
7,39,0.001412282
7,39,0.000935954
7,39,0.003487506
7,39,0.001887236
7,39,0.001522865
7,39,0.003884975
7,39,0.25132596
7,39,0.250436681
7,39,0.000462813
7,39,0.000682041
7,39,0.104011019
7,39,0.005759415
7,39,0.001021381
7,39,0.001021381
7,39,0.000576876
7,39,0.003884975
16,25,0.466533296
16,25,1.430472118
16,25,0.000209903
16,25,0.089817668
16,25,0.044930021
16,25,0.336443505
16,25,0.450751791
16,25,0.007801308
16,25,0.113679393
16,25,0.202133173
16,25,0.068060833
3,25,0.334859218
3,25,1.33263233
3,25,0.651865858
4,25,0.314040913
4,25,0.002000048
3,25,1.005678148
3,25,0.002609706
3,25,0.001887236
3,25,0.10032117
3,25,0.001522865
3,25,0.275357962
3,25,0.002772427
3,25,0.000126407
3,25,0.541537302
3,25,0.868372288
3,25,0.002453199
3,25,0.001033239
3,25,0.127593295
3,25,0.104006709
3,25,0.015484908
3,25,1.005678148
3,25,1.121228979
4,25,0.003096469
4,25,0.054473166
3,25,0.144396248
4,25,0.61376331
3,25,0.106978387
3,25,0.143019452
3,25,0.46255794
3,25,0.075785624
16,109,0.003513462
16,109,0.000943166
16,109,0.02261761
16,109,0.000403704
16,109,1.937002742
16,109,0.000472158
16,109,0.001104314
16,109,0.000291259
16,109,0.001160488
16,109,0.000687286
16,109,2.465781488
16,109,0.00157373
16,109,0.003585894
16,109,0.00082102
16,109,0.157969955
16,109,0.000350839
16,109,0.000403704
16,109,0.003393606
16,109,0.000125078
16,109,0.000606626
16,109,0.000153779
16,109,0.125472696
16,109,0.002385357
16,109,0.260185808
16,109,0.000460941
16,109,0.000314212
16,109,0.036119774
16,109,0.065453301
16,109,0.185219177
16,109,0.011346687
13,110,0.000209903
13,110,0.079048356
13,110,0.000347722
13,110,0.003180822
13,110,0.000119623
13,110,0.000140936
13,110,0.002081258
13,110,0.056703395
13,110,0.014742812
13,110,0.001696031
13,110,0.002415093
13,110,0.056703395
13,110,0.024812725
13,110,0.002976736
13,110,0.000140936
13,110,0.000729867
13,110,0.155855768
13,110,0.999810595
13,110,0.006449243
13,110,0.900320022
13,110,0.425524595
13,110,0.170053855
13,110,0.001638169
13,110,0.420473299
13,82,0.520044075
13,82,0.207009669
13,82,0.27407207
13,82,0.576990634
13,82,0.022147037
13,82,0.001638813
13,82,0.193377111
13,82,0.968745953
13,82,0.127836305
13,82,2.664324052
13,82,0.366145644
13,82,0.382658275
13,82,0.064349101
13,82,0.001685282
16,25,0.927894672
16,25,1.388845417
16,25,0.000126407
16,25,0.310197126
16,25,0.224870596
16,25,0.000280072
16,25,1.416051478
16,25,0.075785624
16,25,0.570323971
16,25,0.12576695
16,25,0.000535229
16,25,0.216973722
16,25,0.046880466
16,25,0.863666919
16,25,0.173071714
16,25,0.257535202
16,25,0.000124729
16,25,0.00022217
16,25,0.426660233
16,25,0.00368283
16,25,0.005759415
4,25,0.096717392
4,25,0.507392299
4,25,0.000329409
4,25,0.000167876
4,25,0.006894878
4,25,0.758160117
4,25,0.163476152
4,25,1.107191824
4,25,0.010251018
4,25,0.000364207
4,25,0.002772427
4,25,0.009874942
4,25,0.138991909
4,25,0.029362482
4,25,0.031167652
4,25,0.029439765
4,25,0.045898802
4,25,0.022412367
4,25,0.026167562
4,25,0.142394493
4,25,0.00912276
4,25,0.014837
4,25,0.104006709
4,25,0.000122844
4,25,0.303517072
4,25,0.028598932
4,25,0.007177639
4,25,0.000576876
4,25,0.008723748
4,25,0.000749522
4,25,0.002547707
4,25,0.010834068
4,25,0.015964564
4,25,0.237754304
4,25,0.007593731
4,25,0.014837
4,25,0.000751426
4,25,0.00409404
2,40,0.014996095
2,40,0.000576876
2,40,0.831543291
2,40,0.000517852
2,40,0.104734519
2,40,0.018079406
2,40,0.007992953
2,40,0.046339655
2,40,0.192589741
2,40,0.009955097
2,40,0.027564779
2,40,0.174332489
2,40,0.008335995
2,40,0.000640006
2,40,0.083028028
2,40,0.024743539
2,40,0.005279157
2,40,0.013761169
2,40,0.023134222
2,40,0.002195126
2,40,0.008335995
2,40,0.009507717
2,40,0.002229919
2,40,0.093194726
2,40,0.005989653
2,40,0.021704875
2,40,0.007426614
2,40,0.000595794
2,40,0.005246577
2,40,0.006894878
2,40,0.004012723
2,40,0.014047923
2,40,0.817927969
2,40,0.076774902
2,40,0.003333005
2,40,0.007426614
2,40,0.083028028
2,40,0.033876655
2,40,0.00409404
2,40,0.014449871
2,40,0.427676895
7,40,0.012736077
7,40,0.000185765
7,40,0.000826583
7,40,0.397718161
7,40,0.122872498
7,40,0.044930021
14,40,0.000414096
14,40,0.045267756
14,40,0.015818142
14,40,0.11019032
7,40,0.014047923
7,40,0.987113408
15,40,0.008125586
15,40,0.351401432
14,40,0.031129554
14,40,1.197006621
14,40,0.000820063
14,40,0.005639524
14,40,0.000140936
14,40,0.00063257
14,40,0.000140936
14,40,0.000262576
14,40,0.001451065
14,40,0.096017415
14,40,0.320531466
14,40,0.000820063
14,40,0.000850133
14,40,0.00018124
14,40,0.000339115
14,40,0.843665107
14,40,0.000894116
15,40,0.47580351
15,40,0.28634294
15,40,0.353299404
15,40,0.003116924
15,40,0.024051465
15,40,0.002719236
14,40,0.000517852
14,40,1.161339528
15,68,0.436760593
15,68,0.111980763
15,68,0.763585565
15,68,0.494922894
3,82,0.000640006
3,82,1.741445289
3,82,0.599818267
3,82,0.001522865
13,82,0.776964679
13,82,0.003884975
13,82,0.412689518
13,82,0.030295969
11,110,0.44527027
11,110,0.000341109
11,110,0.1830342
11,110,0.236838575
11,110,0.001638169
11,110,0.213554408
11,110,0.007593731
13,110,0.597304808
13,110,0.024474779
13,110,0.117689189
13,110,0.014996095
13,110,0.031181055
13,110,0.000140936
11,110,0.006878067
11,110,0.0013793
11,110,0.00035828
11,110,0.000469635
11,110,0.001638813
11,110,0.06201083
11,110,0.943110937
11,110,0.087762654
11,110,0.010477729
11,110,0.006033322
11,110,0.756751524
11,110,0.038196792
15,110,0.858668142
15,110,0.274154775
15,110,0.000527142
15,110,0.017540187
15,110,0.000422258
15,110,0.000140936
15,110,1.091797952
15,110,1.419119925
15,110,0.034488169
11,110,0.042568414
11,110,0.376678762
11,110,0.207794195
11,110,0.000830438
11,110,0.181012788
11,110,0.480540914
11,110,0.065599027
11,110,0.417787871
11,110,0.295617869
11,110,0.0009397
11,110,0.000994603
11,110,0.12082135
12,110,0.000308596
12,110,0.000178802
12,110,0.469654079
12,110,0.00015118
16,82,0.013588403
16,82,0.013138485
16,82,0.396180118
16,82,0.006586551
16,82,0.017755057
16,82,0.001412282
16,82,1.40974165
16,82,0.00015118
16,82,0.054118054
16,82,0.00015118
16,82,0.00015118
16,82,0.026745927
16,82,0.000126407
16,82,0.726672069
16,82,0.001021381
16,82,0.001021381
16,82,0.000209405
16,82,0.038397525
16,82,0.001306953
16,82,0.000779059
16,82,0.102115267
16,82,0.001021381
16,82,0.000153779
16,82,0.000707361
16,82,0.091302099
16,82,0.0000849
16,82,0.321457815
16,82,0.019151667
16,82,1.348161139
16,82,0.00368283
16,82,0.009149255
16,82,0.002309764
16,82,0.00368283
16,82,0.001111615
16,82,0.005001454
16,82,0.037636006
16,82,0.008263167
16,82,0.014222975
16,82,0.002941466
16,82,0.000178802
16,82,0.69130834
16,82,1.843573978
16,82,0.000707361
16,82,0.000186284
16,82,0.000472158
16,82,0.146586586
16,82,0.127593295
16,82,0.070578906
16,82,0.03941505
3,82,0.868372288
3,82,0.014047923
4,82,0.74773602
4,82,0.06303295
4,82,0.003487506
4,82,0.000364207
4,82,0.004763734
4,82,0.002772427
4,82,0.008458278
4,82,2.057743202
4,82,0.004310124
4,82,0.024021529
4,82,0.000411639
3,82,0.576209438
3,82,0.011921203
3,82,0.000209405
3,82,0.137204042
3,82,0.026745927
3,82,0.028970608
3,82,1.454343921
4,82,0.017540187
3,82,0.604445869
4,82,1.464607009
4,82,0.69130834
3,82,0.008125586
15,68,0.846826626
15,68,0.133408478
15,68,0.174332489
15,68,0.07712316
15,68,0.097390086
15,68,1.174887586
15,68,0.02093176
16,68,0.172127343
16,68,0.737294724
15,68,0.362701367
16,68,0.517924392
16,68,0.103720915
16,68,0.216973722
16,68,0.26251017
16,68,0.16776795
16,68,0.291756816
16,68,0.081222688
16,68,0.131534975
16,68,0.03347933
16,68,0.33583929
16,68,0.00368283
16,68,0.169939177
16,68,0.073153689
4,82,0.02888571
4,82,0.086893529
4,82,0.207009669
4,82,0.609094209
4,82,0.086893529
4,82,0.435289146
4,82,0.07712316
4,82,0.042100354
4,82,0.005759415
4,82,1.98127567
4,82,0.416406787
4,82,0.006302998
4,82,0.00015118
4,82,0.000243118
4,82,0.000411639
4,82,0.001021381
15,68,0.079841638
12,68,0.37309219
12,68,1.134510315
15,68,0.176554655
15,68,0.576990634
15,68,0.025376279
15,68,0.050785104
15,68,0.048882696
8,68,0.06817355
8,68,0.055205002
12,68,0.058295905
12,68,0.499307456
12,68,0.000640006
12,68,0.001206768
8,68,0.177601178
8,68,1.112702466
12,68,0.28945844
12,68,0.000126407
12,68,0.102153679
12,68,0.470528679
12,68,0.001412282
12,68,0.000935954
12,68,0.009507717
12,68,0.00015118
12,68,0.000320393
12,68,0.001522865
12,68,0.000394737
12,68,0.416406787
12,68,2.626220825
12,68,0.001887236
12,68,0.755983045
12,68,1.105048157
12,68,0.763585565
12,68,0.161355499
12,68,0.423900449
16,68,1.652337443
8,68,0.072490844
8,68,0.427676895
8,68,0.08261835
8,68,0.296356606
8,68,0.024399024
8,68,0.053103723
8,68,0.005001454
8,68,0.013588403
8,68,0.0000849
8,68,0.360841624
8,68,0.19998966
8,68,0.296356606
8,68,0.0737249
15,40,0.071185398
15,40,1.387454602
15,40,0.003057248
15,40,0.019188867
15,40,0.007177639
15,40,0.011845529
15,40,0.741580882
15,40,0.728808352
15,40,0.231610806
15,40,0.015484908
15,40,0.043170714
15,40,0.005001454
15,40,0.027447742
15,40,0.095861217
15,40,0.91482363
15,40,0.001760234
15,40,0.102115267
15,40,0.012698088
7,40,0.158705021
7,40,0.00812755
7,40,0.044211471
7,40,0.00015118
7,40,0.721449554
7,40,0.01429268
7,40,0.039019716
7,40,0.008335995
7,40,0.031129554
7,40,0.000834952
7,40,0.434901423
7,40,0.000278079
7,40,0.000185765
7,40,0.009533165
9,139,0.000122844
9,139,0.003180822
9,139,0.002976736
9,139,0.000682041
9,139,0.001505194
9,139,0.001042427
9,139,0.000186284
9,139,0.001350345
9,139,0.000383871
9,139,0.000151033
9,139,0.001287133
9,139,0.000324294
9,139,0.000535889
9,139,0.001077119
9,139,0.000120827
9,139,0.001116886
9,139,0.000463726
9,139,0.000296905
9,139,0.000368309
9,139,0.000683538
9,139,0.000209903
9,139,1.594403929
9,139,0.47580351
9,139,0.000217527
9,139,0.000263498
9,139,0.001023812
9,139,0.002779317
9,139,0.000207034
9,139,0.000218813
9,139,0.000834952
9,139,0.000164764
9,139,0.000134012
9,139,0.000280072
9,139,0.000476635
9,139,0.0000983
9,139,0.0000983
9,139,0.000164764
9,139,0.000324294
9,139,0.000606626
9,139,0.000125078
9,139,0.059606219
14,139,0.000451566
14,139,0.000186284
14,139,0.001505194
14,139,0.000943166
14,139,0.000153779
14,139,0.00035828
14,139,0.000263498
14,139,0.002081258
14,139,0.000536726
14,139,0.001260322
14,139,2.416038551
14,139,0.000759517
14,139,0.778960314
14,139,0.378562336
14,139,0.000536726
14,139,0.000990637
14,139,0.000943166
14,139,0.010030449
14,139,0.000536726
14,139,0.000222792
14,139,1.194895589
14,139,0.000586571
14,139,0.000222792
14,139,0.000125078
14,139,0.000125078
14,139,0.000342654
14,139,0.001908493
14,139,0.000186284
14,139,0.017456569
14,139,0.002081258
14,139,0.000682041
14,139,0.000186284
14,139,0.001414101
14,139,0.000625937
14,139,0.000182958
14,139,0.000258792
14,139,0.000119623
14,139,0.000513318
9,139,0.000536726
9,139,1.843573978
9,139,0.001970429
9,139,0.040759313
9,139,0.005485114
9,139,0.000572637
9,139,0.000263498
14,125,0.000109443
14,125,0.000218813
14,125,0.000122844
14,125,0.11019032
14,125,0.0013793
14,125,0.000209405
14,125,0.00107974
14,125,0.000330639
14,125,0.001230094
14,125,0.000697053
14,125,0.001127586
14,125,0.000182958
14,125,0.000173276
14,125,0.214643106
14,125,0.658525072
14,125,0.345555183
14,125,0.000403704
14,125,0.018114427
14,125,0.000855813
10,125,0.00035828
10,125,0.00035828
10,125,0.000501649
10,125,0.0013793
10,125,0.001557272
10,125,0.000472158
10,125,0.000606626
10,125,0.362294981
10,125,0.000604934
10,125,0.278380854
10,125,0.016668
10,125,0.312356828
10,125,0.000575064
10,125,0.014223646
10,125,0.004334792
14,125,0.000341109
14,125,0.005139482
14,125,0.0000759
14,125,0.00076315
14,125,0.056541138
10,125,0.00072301
10,125,0.000824474
10,125,0.00035728
10,125,0.0011263
10,125,0.000124729
10,125,0.000983191
10,125,0.000564937
14,111,0.058693866
14,111,0.515029447
14,111,0.002467293
14,111,0.000547944
14,111,0.002081258
14,111,0.013917869
14,111,0.001053019
14,111,0.817420769
14,111,0.11392263
14,111,0.000140936
14,111,0.002244223
14,111,0.000246264
14,111,0.004019192
14,111,0.862138937
14,111,0.794059603
12,110,0.001412282
5,111,0.004056131
5,111,1.463780635
5,111,0.918519177
5,111,0.000347869
5,111,0.005427328
5,111,0.004480025
1,111,0.000336884
1,111,0.00018124
1,111,0.126370302
5,111,0.000140936
5,111,0.003823617
5,111,0.735110113
1,111,0.72975659
5,111,0.000935719
1,111,0.000186284
5,111,0.114181358
5,111,0.0000849
5,111,0.000162999
5,111,0.000186986
5,111,0.560171307
5,111,0.010906726
1,111,0.305114056
1,111,0.000414096
1,111,0.048477128
1,111,0.069312808
1,111,0.687741878
1,111,0.066432476
1,111,0.017456569
1,111,0.366321676
1,111,0.024621482
1,111,1.817334871
1,111,0.002867328
1,111,0.001185965
1,111,0.001643169
1,111,0.001029623
1,111,0.00035828
1,111,0.00019959
1,111,0.333216943
1,111,0.004694306
1,111,0.030846804
1,111,0.858668142
1,111,0.000403704
1,111,0.088348162
1,111,0.075494399
1,111,0.172018952
16,82,1.117472333
16,82,0.011030063
16,82,0.791660002
8,68,0.024021529
15,110,0.002601224
15,110,0.004012723
15,110,0.751307034
15,110,2.644657054
15,110,0.597304808
11,110,0.000417519
11,110,0.469654079
11,110,0.030846804
11,110,0.025479049
11,110,0.740486347
11,110,0.014996095
11,110,0.215488639
11,110,0.065682183
11,110,0.000412738
11,110,0.000186284
11,110,0.003180822
11,110,0.000595794
11,110,0.002976736
12,110,0.006351761
11,110,0.687743613
12,110,0.584290247
12,110,0.001208412
12,110,1.09854582
12,110,0.96807648
11,110,0.292492311
15,110,0.806779868
11,110,0.002302804
11,110,0.045055933
15,110,0.231386988
15,110,0.075065352
12,110,1.206289367
12,110,0.069783806
12,110,0.000243118
12,110,0.001148088
12,110,0.000749522
12,110,0.178697896
12,110,0.000138256
12,110,0.422413025
1,13,0.1949495
1,13,0.000178802
1,13,0.461758615
1,13,0.04303086
1,13,0.059217431
1,13,0.504648207
1,13,0.000476635
1,13,0.00912276
1,13,0.260185808
1,13,0.032371321
1,13,0.000273326
1,13,0.0000983
1,13,0.000669861
1,13,0.647131581
1,13,0.001319145
1,13,0.035393141
1,13,0.000652295
1,13,0.030198208
1,13,0.140737215
1,13,0.005302939
1,13,0.004393033
1,13,0.440155819
1,13,0.018052422
1,13,0.002803544
1,13,0.009955097
1,13,0.316040764
1,13,0.126192382
1,13,0.003777206
1,13,0.076774902
1,13,0.002307117
1,13,0.026503897
1,13,0.00309233
1,13,0.276937969
14,139,0.002237399
14,139,0.000125078
14,139,0.00615406
14,139,0.078170809
14,139,0.000153779
14,139,0.001540638
14,139,0.00035828
14,139,0.000412738
14,139,0.000153779
14,139,0.001778395
14,139,0.005425045
14,139,0.000905402
14,139,0.000156346
14,139,0.001230094
14,139,0.001042427
14,139,0.000147413
14,139,0.000153779
14,139,0.000153779
14,139,0.001230094
14,139,0.00019959
14,139,0.000372569
14,139,0.001645418
14,139,0.001560825
14,139,0.00019959
14,139,0.000186284
14,139,0.000153779
14,139,0.000263498
7,139,0.000120827
7,139,0.000825271
7,139,0.000273326
7,139,0.000741059
7,139,0.000242469
7,139,0.001638169
7,139,0.658525072
3,139,0.004085682
3,139,0.000308596
3,139,0.009288628
3,139,0.00035828
3,139,0.00035828
3,139,0.002244223
7,139,0.003615241
7,139,0.00035828
7,139,0.001638169
7,139,0.003845882
7,139,0.000222792
7,139,0.012967642
7,139,0.009706496
7,139,0.073541829
7,139,0.002244223
7,139,0.000140936
7,139,0.009007439
7,139,0.000222792
7,139,0.00035828
7,139,0.002976736
7,139,0.004622408
3,139,0.002976736
3,139,0.000606626
3,139,0.001042427
7,139,0.002081258
3,139,0.000303086
3,139,0.002480593
7,139,0.000146366
7,139,0.001169379
7,139,0.025848697
7,139,0.005725226
7,139,0.001778395
7,139,0.031860708
7,139,0.003777206
7,139,0.001755182
7,139,0.001263621
7,139,0.002415093
7,139,0.000186284
7,139,1.642600237
7,139,0.059185297
3,139,0.000491775
3,139,0.000347722
3,139,0.038503999
3,139,0.000915222
3,139,0.000472717
3,139,0.013854918
3,139,0.007370564
3,139,0.001042427
3,139,0.005725226
14,125,0.000859906
14,125,0.000527142
14,125,0.000463726
14,125,0.000572637
14,125,0.000209903
14,125,0.001023812
14,125,0.00023056
14,125,0.009516816
14,125,0.254447499
14,125,0.000422258
14,125,0.000868771
14,125,0.001127586
14,125,0.000138256
14,125,0.010136099
14,125,0.000209903
14,125,0.0000759
14,125,0.002170468
3,139,0.003574972
3,139,0.000246264
3,139,0.000328653
3,139,0.000346405
3,139,0.0000934
3,139,0.00025064
3,139,0.000147413
3,139,0.000765195
3,139,0.0000759
3,139,0.000250591
3,139,0.0000759
3,139,0.000528212
3,139,0.001042427
3,139,0.000640006
3,139,0.000834952
3,139,0.000164764
3,139,0.000414096
3,139,0.086279314
3,139,3.886710261
14,125,0.004487095
10,125,0.000205911
10,125,0.000138256
10,125,0.000246264
10,125,0.000140936
10,125,0.047427254
10,125,0.000347722
10,125,0.000218813
10,125,0.039838725
10,125,4.924903719
11,125,0.00137574
11,125,0.000347722
11,125,0.168206698
11,125,0.000138256
11,125,0.042835595
11,125,0.023134222
11,125,0.006894878
10,125,0.167215852
10,125,0.000140936
10,125,0.000596786
10,125,0.000313495
14,125,0.000346553
14,125,0.000219549
14,125,0.000246264
14,125,2.320494595
10,125,0.092442122
10,125,0.037862888
11,125,0.021455373
11,125,0.004819263
11,125,0.000347722
11,125,0.18441982
11,125,0.000383179
11,125,0.012034948
11,125,0.035105607
11,125,0.015964564
11,125,0.000314212
8,125,0.002590779
8,125,0.000300896
11,125,0.000233148
11,125,0.000825271
11,125,0.001448895
11,125,0.000140936
11,125,0.000219549
11,125,0.001023812
11,125,0.00135467
11,125,0.001931213
11,125,0.000109443
11,125,0.001317044
11,125,0.045267756
11,125,0.000638343
11,125,1.078884754
11,125,0.000219549
11,125,0.000341109
11,125,0.002417886
11,125,0.000347722
11,125,0.00151592
11,125,0.000173276
11,125,0.001685282
11,125,0.000104976
11,125,0.00108387
11,125,0.000300699
8,125,0.000672539
8,125,0.001321088
8,125,0.755708554
8,125,0.000325233
8,125,0.000140936
14,111,0.263369663
14,111,0.095717504
14,111,0.013483113
14,111,0.000294145
14,111,0.001491723
14,111,0.810935322
14,111,0.033557122
14,111,0.000576981
4,111,0.000576876
4,111,0.006027317
4,111,0.004686948
4,111,0.041485096
4,111,0.900576685
4,111,0.000753898
4,111,0.000943166
7,13,0.121477275
7,13,0.00409404
7,13,0.006714067
7,13,0.055463587
7,13,0.018999779
7,13,0.006059648
7,13,0.008494976
7,13,0.001887236
7,13,0.011030063
7,13,0.042568414
7,13,0.02093176
7,13,0.006413736
7,13,0.001306953
7,13,0.000209405
7,13,0.026055463
7,13,0.008883525
7,13,0.145760447
7,13,0.072412995
7,13,0.047875077
7,13,0.006586551
7,13,0.003678152
3,13,0.04816617
3,13,0.124481331
3,13,0.020610489
3,13,0.014996095
3,13,0.675835392
3,13,0.270161211
3,13,0.088743654
7,13,0.055463587
7,13,0.107941538
7,13,0.052019973
7,13,0.015818142
7,13,0.024444645
7,13,0.199386751
3,13,0.037975997
3,13,0.000308596
3,13,0.017744745
3,13,0.125931794
3,13,0.015693852
3,13,0.002113206
3,13,0.000188213
3,13,0.001260322
3,13,0.004694306
3,13,0.132362879
3,13,0.051955697
3,13,0.008869087
3,13,0.024712642
3,13,0.020340201
3,13,0.0058456
3,13,0.000596786
3,13,1.246245195
3,13,0.010059582
3,13,0.055487162
3,13,0.267169474
4,13,0.159670746
4,13,0.033674321
3,13,0.085856044
4,13,0.036312842
3,13,0.447963752
3,13,0.001412282
3,13,0.000162999
3,13,0.429957414
3,13,0.078454682
3,13,0.00015118
3,13,0.00615406
7,13,0.130197292
7,13,0.01981577
7,13,0.524440975
7,13,0.000222792
7,13,0.000109443
7,13,0.002783219
7,13,0.897696704
7,13,0.000912123
3,13,0.00015118
3,13,0.000270022
3,13,0.191103831
3,13,0.002783219
3,13,0.019967381
7,13,0.035393141
7,13,0.013218418
3,13,0.148142026
3,13,0.00425385
3,13,1.104453584
3,13,0.026990954
4,13,0.019267276
4,13,0.0068524
4,13,0.06201083
7,13,0.002204147
7,13,0.020610489
7,13,0.027752038
7,13,1.133127087
7,13,0.000898879
8,125,0.00432671
8,125,0.006140704
8,125,0.031900951
8,125,0.005062408
8,125,0.064349101
8,125,0.002846912
8,125,0.002309764
8,125,0.031167652
8,125,0.000173276
8,125,0.027447742
8,125,0.00614271
8,125,0.000342654
8,125,0.000403704
8,125,0.000891541
8,125,0.000308596
8,125,0.005759415
4,111,0.017540187
4,111,0.000185765
4,111,0.000169981
8,125,0.000996963
8,125,0.000138256
8,125,0.00802917
8,125,2.563390991
8,125,0.014222975
8,125,0.003907494
8,125,0.015313667
8,125,0.001098016
8,125,0.005190627
8,125,0.996740708
8,125,0.00340778
8,125,0.000251038
8,125,0.004427033
8,125,0.021704875
8,125,2.169811576
8,125,0.00018124
8,125,0.000834952
4,111,0.001042536
4,111,0.000745711
4,111,0.088061378
4,111,0.004310124
4,111,0.024621482
4,111,0.000640006
4,111,0.000351882
4,111,0.006680686
4,111,0.001021381
4,111,0.005246577
4,111,0.03678032
4,111,0.063646668
4,111,0.005330411
4,111,0.013138485
4,111,0.000913868
4,111,0.002594029
4,111,0.000140936
4,111,0.000753898
4,111,0.001420113
4,111,0.000672957
4,111,0.000629708
4,111,0.000140936
4,111,0.001062746
4,111,0.000173276
4,111,0.002854697
4,111,0.000251038
4,111,0.005001454
4,111,0.012733478
4,111,0.000173276
4,111,0.000173276
4,111,0.00051109
4,111,0.000138256
9,84,0.000859906
9,84,0.596456291
9,84,0.520044075
9,84,0.000296905
9,84,0.018628941
9,84,0.025225688
9,84,0.643523625
5,84,0.000347722
5,84,0.000173276
5,84,0.08261835
5,84,0.008323564
5,84,0.087196105
9,84,0.809654557
9,84,0.00409404
5,84,0.00059381
5,84,0.000957917
5,84,0.023870556
5,84,0.099448285
5,84,0.004951801
9,84,0.000169981
9,84,1.594403929
9,84,0.002547707
9,84,0.04730606
9,84,0.000320393
9,84,0.041182479
9,84,0.003116924
9,84,0.007772066
9,84,0.434417692
13,70,0.227662582
13,70,1.101558922
13,70,0.245318911
13,70,0.545071009
13,70,0.23155722
13,70,0.10032117
13,70,0.022147037
13,70,0.349563982
13,70,0.697551102
13,70,0.061733652
13,70,0.144396248
13,70,0.001021381
13,70,0.307076869
13,70,0.186961625
13,70,0.064349101
13,70,0.140075924
13,70,0.029622002
9,70,0.030295969
9,70,0.053044478
9,70,0.001306953
9,70,1.680716928
9,70,0.000855218
9,70,0.011030063
9,70,0.000219549
9,70,0.000126407
9,70,0.355825428
9,70,0.000517852
9,70,0.053234673
9,70,0.000517852
9,70,0.002594029
9,70,0.840563869
9,70,1.174887586
9,70,0.07712316
9,70,0.950575418
13,70,0.221505579
1,70,0.16008677
1,70,0.021393661
1,70,0.187922194
1,70,0.100300176
1,70,0.005759415
1,70,0.000320393
1,70,4.207207662
1,70,0.004593362
1,70,0.025848697
1,70,0.00035828
1,70,0.081222688
1,70,0.097723568
1,70,0.043974061
1,70,0.009874942
1,70,0.002609706
1,70,0.064349101
1,70,6.021430861
1,70,0.000855218
1,70,0.094253314
1,70,0.705275234
1,70,0.000640006
1,70,0.136760113
1,70,0.005001454
1,70,0.005001454
1,70,0.664265797
1,70,0.00015118
1,70,0.005246577
1,70,0.000126407
1,70,0.000576876
1,70,0.60272494
9,42,0.076853566
9,42,0.025376279
9,42,0.000280072
9,42,0.045898802
9,42,0.000707361
9,42,0.02816098
9,42,0.057419255
9,42,0.00812755
9,42,0.006894878
9,42,0.013242343
9,42,0.000935954
9,42,0.032684187
9,42,0.102153679
9,42,0.070578906
9,42,0.002302804
9,42,0.004763734
9,42,0.442980711
9,42,0.321405341
9,42,0.035762019
9,42,0.039726995
9,42,0.059185297
9,42,1.249172412
9,42,0.011433201
9,42,0.009149255
9,42,0.08261835
9,42,0.041808264
9,42,0.520044075
9,42,0.000462813
9,42,0.037247362
9,42,0.151003022
9,42,0.042100354
9,42,0.005953938
9,42,0.032684187
9,42,0.194714423
9,42,0.001412282
9,42,0.006027317
9,42,0.035105607
1,28,0.044930021
1,28,0.006422098
1,28,0.060896535
1,28,0.047875077
1,28,0.003550683
1,28,0.845134663
1,28,0.018628941
1,28,0.119665099
1,28,0.012698088
1,28,0.018079406
1,28,0.008799471
1,28,0.187922194
1,28,0.001042536
1,28,0.003487506
1,28,0.018628941
1,28,0.018114427
1,28,0.025376279
1,28,0.074462485
1,28,0.057419255
1,28,0.004497047
1,28,0.007091073
1,28,0.014742812
1,28,0.000688396
1,28,0.019559884
1,28,0.108352765
1,28,0.064349101
1,28,0.084028675
1,28,0.007772066
1,28,0.000462813
1,28,0.065599027
1,28,0.000855218
1,28,0.357058604
1,28,0.442825747
1,28,0.014222975
1,28,0.005279157
1,28,0.01529574
1,28,0.005279157
1,28,0.155094022
1,28,0.000707361
1,28,0.01837962
1,28,0.420999345
1,28,0.078454682
1,28,0.002772427
1,28,0.026055463
1,28,0.122408456
5,14,0.277274429
5,14,0.055483374
5,14,0.091009641
5,14,0.000521903
5,14,0.007032307
5,14,0.03678032
5,14,0.261045572
9,14,0.063193037
9,14,0.505695183
9,14,0.028598932
9,14,0.098687462
9,14,0.244061887
9,14,0.040449304
9,14,0.011346687
9,14,0.078475147
9,14,0.082861929
9,14,0.503289799
9,14,0.001666464
9,14,0.001021381
9,14,0.001269047
9,14,0.000287903
9,14,0.000593274
9,14,0.001276176
9,14,0.001429068
9,14,0.039161222
9,14,0.009516448
9,14,0.129999257
9,14,0.073433878
9,14,0.053103723
9,14,0.044930021
9,14,0.162687996
9,14,0.072228582
9,14,0.005279157
9,14,0.00614271
9,14,0.041808264
9,14,0.008458278
9,14,0.057003688
9,14,0.011760717
9,14,0.006449243
9,14,0.000941492
9,14,0.016058374
9,14,0.001527083
9,14,0.002905104
9,14,0.000707361
4,13,0.416483912
4,13,0.217424012
4,13,0.071185398
4,13,0.044650396
4,13,0.490099644
4,13,0.078794817
4,13,0.04730606
4,13,0.038093491
4,13,0.000344166
4,13,0.055429906
4,13,0.004458162
4,13,0.000411639
4,13,0.000572637
4,13,0.054421392
4,13,0.035444264
5,14,0.687522752
5,14,0.03678032
5,14,0.030369927
5,14,0.03347933
5,14,0.06201083
5,14,0.010251018
5,14,0.068060833
5,14,0.351664733
5,14,0.174332489
9,84,0.084588219
9,84,0.104734519
9,84,0.681321568
9,84,0.210765508
15,84,0.000125078
15,84,0.340614676
15,84,0.018712972
15,84,0.021266495
15,84,0.00614271
15,84,0.03941505
15,84,0.017011206
15,84,0.042100354
15,84,0.013242343
15,84,0.116443346
15,84,0.000859906
15,84,0.80279513
15,84,0.000263498
9,84,0.268652315
5,84,0.000162999
5,84,0.160154925
5,84,0.018079406
5,84,0.010059582
5,84,0.002049012
13,70,0.387218027
13,70,0.319670944
13,70,0.354221985
13,70,0.019759262
15,70,0.001111615
15,70,0.012698088
15,70,0.014047923
15,70,0.000364207
15,70,0.000243118
15,70,0.796454335
15,70,0.000126407
15,70,0.098509101
15,70,0.004310124
15,70,0.450751791
9,70,1.075442404
9,70,0.000855218
9,70,0.254447499
13,70,0.005246577
13,70,0.06201083
15,70,0.005759415
15,70,0.000855218
15,70,0.001306953
15,70,0.022147037
1,70,0.159641482
1,70,0.000364207
1,70,0.001412282
1,70,0.03347933
1,70,0.029118913
1,70,0.075785624
9,42,0.152468595
9,42,0.669491756
9,42,0.001206768
9,42,0.55027754
9,42,0.006027317
11,42,0.027773361
11,42,0.022614459
11,42,0.035812417
11,42,0.485608717
11,42,0.001638813
11,42,0.0054992
11,42,0.01226713
11,42,0.024621482
11,42,0.025481344
11,42,0.00017816
11,42,0.26098765
11,42,0.174332489
11,42,0.0000849
11,42,0.11581752
11,42,0.271090435
11,42,0.00015118
14,28,0.54497903
14,28,0.000522746
14,28,0.001127586
14,28,0.010388688
14,28,0.001306953
14,28,0.031900951
14,28,0.004257385
14,28,0.02093176
14,28,0.10032117
14,28,0.000320393
14,28,0.037654395
14,28,0.002019928
14,28,0.015484908
14,28,0.054473166
14,28,0.004533323
14,28,0.113501189
14,28,0.021704875
14,28,0.011030063
14,28,0.081494633
14,28,0.035393141
14,28,0.017755057
14,28,1.061631025
14,28,0.03481133
14,28,0.040759313
14,28,0.026962941
14,28,0.012829873
14,28,0.001111615
14,28,0.03112859
14,28,0.011291367
14,28,0.037247362
14,28,0.022770904
14,28,0.049903384
14,28,0.003298904
14,28,0.007801308
14,28,0.133408478
14,28,0.00368283
14,28,0.009652169
14,28,0.015484908
14,28,0.021011631
14,28,0.006586551
14,28,0.113679393
14,28,0.007593731
14,28,0.019759262
14,28,0.437958252
14,28,0.000707361
14,28,0.0000849
14,28,0.00015118
14,28,0.065030293
14,28,0.029439765
14,28,0.109689719
14,28,0.013242343
14,28,0.003333005
14,28,0.079901977
14,28,0.09494596
6,28,0.007959368
6,28,0.018719453
6,28,0.005208796
6,28,0.006561388
6,28,0.057367898
6,28,0.1949495
6,28,0.029622002
1,28,0.237754304
6,28,0.000280072
6,28,0.02033252
6,28,0.009255376
6,28,0.002019928
6,28,0.00045696
6,28,0.000206243
6,28,0.000522746
6,28,0.000246662
6,28,0.003777206
6,28,0.655898843
6,28,0.058693866
6,28,0.115560266
6,28,0.011845529
6,28,0.200987069
6,28,0.023870556
6,28,0.002453199
6,28,0.003777206
6,28,0.647029964
6,28,0.000206243
6,28,0.066432476
6,28,0.00456047
6,28,0.002302804
6,28,0.042873951
6,28,0.028558022
6,28,0.007091073
6,28,0.000779059
6,28,0.152539688
6,28,0.259686741
6,28,0.000430209
6,28,0.067032276
6,28,0.047875077
6,28,0.067304121
6,28,0.036728825
6,28,0.137978381
6,28,0.000834952
6,28,0.002158415
6,28,0.641208341
6,28,0.000755116
6,28,0.001154115
6,28,0.180855997
1,28,0.088348162
1,28,0.102953692
1,28,0.005557791
1,28,0.00477473
1,28,0.043555642
1,28,0.009507717
1,28,0.007772066
1,28,0.032957888
1,28,0.000320393
1,28,0.041182479
9,14,0.032957888
9,14,0.015964564
9,14,0.01503721
9,14,0.002772427
9,14,0.034286447
9,14,0.009283168
9,14,0.36847929
9,14,0.319750748
5,14,0.022770904
5,14,0.000280072
11,14,0.652813679
11,14,0.045898802
11,14,0.055729473
11,14,0.155094022
11,14,0.001638813
11,14,0.009255376
11,14,0.002132398
11,14,0.002425897
11,14,0.372334021
11,14,0.002673853
11,14,0.001306953
11,14,0.072190392
11,14,0.024708304
11,14,0.000368309
11,14,0.001169379
11,14,0.026055463
11,14,0.113655183
11,14,0.0000849
11,14,0.018079406
11,14,0.001021381
11,14,0.010746477
11,14,0.193276509
11,14,0.062281508
11,14,0.005448058
11,14,0.115647585
5,14,0.403770748
5,14,0.001021381
5,14,0.044211471
5,14,0.216332357
5,14,0.174332489
15,84,0.058040118
15,84,0.001635796
15,84,0.028278331
15,84,0.000169981
15,84,0.000276512
15,84,0.119135922
15,84,0.001206768
12,84,0.318840781
12,84,0.081494633
12,84,0.000855218
12,84,0.005814994
15,84,0.190740659
15,84,0.367768601
15,84,0.002044093
12,84,0.017011206
12,84,0.120456159
12,84,0.052959606
12,84,0.011030063
12,84,0.000280072
12,84,0.09494596
12,84,0.035105607
12,84,0.001205355
12,84,0.005001454
12,84,0.020340201
12,84,0.000243118
12,84,0.02816098
12,84,0.009955097
12,84,1.771675536
12,84,0.234686599
12,84,0.338693264
12,84,0.271935993
12,84,0.005725226
12,84,0.023733599
12,84,0.031013731
12,84,0.312356828
12,84,1.784022709
12,84,0.113998995
12,84,0.021704875
12,84,0.017456569
12,84,0.022819864
12,84,0.002309764
12,84,0.003393606
12,84,0.006022198
12,84,0.681664333
12,84,0.000213075
12,84,0.009926489
12,84,0.00015118
15,70,0.721775332
15,70,0.002772427
15,70,0.165613622
15,70,0.507392299
15,70,0.823305693
15,70,1.096817815
16,42,0.143019452
16,42,0.026745927
16,42,0.010834068
16,42,0.006610746
16,42,0.80279513
16,42,0.066432476
16,42,0.042264975
16,42,0.001412282
16,42,0.008723748
16,42,0.606734349
16,42,0.003049214
16,42,0.160154925
16,42,0.042100354
16,42,0.006894878
16,42,0.021083334
16,42,0.162487928
16,42,0.009149255
16,42,0.172047902
16,42,0.004012723
16,42,0.02816098
16,42,0.008335995
16,42,1.535520924
16,42,0.00015118
16,42,0.012736077
16,42,0.175726887
16,42,0.008458278
16,42,0.055483374
16,42,0.015964564
16,42,0.225820187
16,42,0.215123814
16,42,0.012989008
16,42,0.015484908
16,42,0.131534975
16,42,0.014837
16,42,0.00368283
16,42,0.608174027
16,42,0.076965729
16,42,0.306577918
11,42,0.006567482
11,42,0.004533323
11,42,0.038502343
11,42,0.023870556
11,42,0.16008677
11,42,0.350374764
11,42,0.035105607
11,42,0.018719453
11,42,0.157228078
12,42,0.059185297
12,42,0.445859772
12,42,0.039902218
12,42,0.014996095
12,42,0.386285218
11,42,0.045875132
11,42,0.041808264
11,42,0.111684077
11,42,0.261446238
11,42,0.084738612
11,42,0.168515972
12,42,0.016806709
11,42,0.014996095
11,42,0.098509101
11,42,0.061722607
11,42,0.001566724
11,42,0.033674321
12,42,1.534840408
12,42,0.053234673
12,42,0.056742736
12,42,0.029362482
12,42,0.00409404
12,42,0.007959368
12,42,0.001306953
12,42,0.206941362
12,42,0.541569507
12,42,0.007194432
16,42,0.137204042
16,42,0.210798197
12,42,0.013761169
12,42,0.000243118
12,42,0.02093176
12,42,0.000126407
12,42,0.086166403
12,42,0.297880466
12,42,0.035105607
12,42,0.16776795
12,42,0.202133173
12,42,0.163476152
12,42,0.176934287
12,42,0.450391891
12,42,0.037668738
12,42,0.485608717
16,42,0.102115267
16,42,0.07832947
16,42,0.002941466
16,42,0.012736077
12,42,0.000138479
16,28,0.000591385
16,28,0.485306277
16,28,0.187424323
16,28,0.119696593
16,28,0.013218418
16,28,0.798054971
16,28,0.018114427
16,28,0.199993552
16,28,0.011030063
16,28,0.220688953
16,28,0.050937203
16,28,0.127593295
16,28,0.000844916
16,28,0.289657834
16,28,0.094315938
16,28,0.113724441
16,28,0.205982473
16,28,0.053044478
16,28,0.050937203
16,28,0.24406218
16,28,0.081485758
16,28,0.001271097
16,28,0.014996095
16,28,0.297560498
16,28,0.192108871
16,28,0.05793608
16,28,0.007177639
16,28,0.282788637
16,28,0.137945815
16,28,0.112571589
16,28,0.025479049
16,28,0.514488065
16,14,0.054473166
16,14,0.007521685
16,14,0.502758215
16,14,0.305058082
16,14,0.287506268
16,14,0.001522865
16,14,0.019188867
16,14,0.024621482
16,14,0.029622002
16,14,0.015394254
16,14,0.261485897
16,14,0.003678152
16,14,0.026990954
16,14,0.005301812
16,14,0.296356606
16,14,0.183029746
16,14,0.068060833
16,14,0.098949902
16,14,0.006449243
16,14,0.001102782
16,14,0.199386751
16,14,0.007567933
16,14,0.168110824
16,14,0.244885299
16,14,0.002783219
16,14,0.022412367
16,14,0.075785624
16,14,0.005639524
16,14,0.010477729
16,14,0.150150897
16,14,0.0737249
16,14,0.007485356
11,14,0.006074743
11,14,0.089817668
11,14,0.264896763
11,14,0.065599027
11,14,0.017415888
11,14,0.071859181
11,14,0.308698885
11,14,0.015484908
11,14,0.005759415
11,14,0.855914573
11,14,0.035105607
11,14,0.004635466
11,14,0.001021381
11,14,0.160154925
11,14,0.002754906
11,14,0.001990488
11,14,0.001990488
11,14,0.167342451
11,14,0.024051465
11,14,0.032684187
11,14,0.00589323
11,14,0.000280072
11,14,0.074462485
11,14,0.00168858
11,14,0.207884745
16,14,0.032957888
16,14,0.025845109
16,14,0.029439765
16,14,0.60272494
16,14,0.141817371
16,14,0.184932149
16,14,0.024449855
16,14,0.005101083
15,89,0.163353004
3,89,0.095717504
15,75,0.094253314
14,74,0.0000849
14,74,0.0000849
2,18,0.476601392
12,116,0.015818142
12,116,0.000442219
12,75,0.062694634
4,89,0.250121544
14,118,0.157164476
11,104,0.000243214
16,20,0.009512142
11,21,0.141302371
10,91,0.092677658
7,105,0.03018102
14,105,0.016254829
3,119,0.048530639
3,133,0.037147336
16,133,0.003365147
16,119,0.000870124
16,119,0.011221596
9,120,0.069292875
4,105,1.704345398
4,105,0.014222975
4,105,0.369248516
4,105,0.362649348
16,7,0.024708304
16,7,0.000779059
16,7,0.010328551
16,7,0.310197126
16,7,0.322866668
16,119,0.000606626
16,119,0.007772066
6,134,0.368895148
6,134,0.331037525
2,134,0.151027921
2,120,0.108352765
2,120,0.137352421
15,106,0.167597676
15,106,0.104163166
6,78,0.209854885
4,134,0.014222975
8,106,0.366005775
12,22,0.002761329
12,134,0.000109443
15,78,0.009996892
15,78,0.075093603
10,23,0.001810762
10,23,0.611912146
10,23,0.347994406
10,23,0.000403704
10,23,0.000521903
10,23,0.000843553
10,23,0.001152254
10,23,0.0009397
10,23,0.001001268
10,23,0.000411586
10,23,0.000521903
10,23,0.000632368
10,23,0.005077306
10,23,0.00022217
10,65,0.00063536
10,65,0.001818526
10,65,0.001984868
10,65,0.000819956
12,65,0.068399458
2,65,0.000535229
2,65,0.005557791
2,65,0.00035728
2,65,0.012078632
5,136,0.350525681
5,136,1.600447917
5,136,1.18983401
5,136,0.321179972
9,108,0.001299776
9,136,0.594352016
9,136,0.000912123
12,65,0.069783806
12,65,0.065682183
11,136,0.178271731
9,108,0.267557666
7,108,0.452258994
7,108,0.111625626
1,24,0.952197591
2,80,0.038834438
3,136,0.006634734
3,136,0.010906726
3,136,0.067640339
7,108,0.357058604
8,108,0.029524445
7,38,0.014047923
8,38,0.000463341
8,38,0.000516152
8,80,0.427200226
9,109,0.760994111
13,39,0.062274051
14,39,0.006634734
14,39,0.00049798
5,39,1.55634453
1,25,0.001638813
5,133,0.159555295
5,133,0.002113206
5,133,0.16008677
14,21,0.00041476
14,21,0.011968262
14,21,0.025757721
14,21,0.075395
14,21,0.000411586
14,21,0.000626204
14,21,0.013932711
14,21,0.000185765
14,21,0.001566724
14,21,0.017288109
14,21,0.546608474
14,21,0.0015279
14,21,0.000126407
14,21,0.008437591
14,21,0.303147666
14,21,0.000940536
14,21,0.015274498
5,21,0.035105607
15,137,0.000308596
11,109,0.021704875
11,109,0.153735583
6,81,3.068897293
14,39,0.138991909
14,39,0.000153779
14,39,0.000153779
14,39,0.411205744
7,39,0.007177639
7,39,0.019967381
13,110,3.277809128
4,25,0.073153689
13,82,0.839916381
16,82,1.141001648
15,68,0.005759415
15,40,0.144396248
9,139,0.000182958
9,139,2.124584173
10,125,0.001241162
10,125,0.000767527
1,13,0.000147073
8,68,0.195826273
14,139,0.001303798
14,139,0.000153779
14,139,0.005017967
7,139,0.006714067
3,139,0.700695777
14,125,0.01767934
14,125,0.000763255
11,125,0.021011631
7,13,0.136760113
8,125,0.005001454
4,111,1.559164106
4,111,0.000173276
4,111,1.437275208
4,111,0.000364207
5,84,0.000173276
9,42,0.00010435
1,28,0.003884975
5,14,0.014552547
15,70,0.363976504
14,28,0.126011046
6,28,0.017506878
1,28,0.020340201
5,14,0.019340386
15,84,0.007443425
11,42,0.021935502
11,14,0.193276509
2,113,0.019759262
2,113,0.183323679
13,43,0.000159137
13,43,0.03941505
13,43,0.826663305
13,29,0.251382249
9,29,0.026879767
9,29,0.991400962
9,29,0.245318911
9,29,0.162487928
9,29,0.231566752
9,29,0.532878836
6,29,0.004735687
6,29,0.018628941
2,127,0.001111615
2,127,0.25132596
2,127,1.202917371
2,127,0.276369374
2,127,0.229827572
2,127,1.024440527
2,127,0.0000849
2,127,0.00015118
2,127,0.10259708
2,127,0.000492557
2,127,0.010251018
2,127,0.010251018
2,127,0.000327993
2,127,0.065675324
3,127,0.003116924
3,127,0.000935954
3,127,0.005001454
3,127,0.011037681
3,127,0.000640006
3,127,0.0054992
3,127,0.000209405
3,127,0.009507717
3,127,0.221539651
3,127,0.000640006
3,127,0.019759262
3,127,0.021534014
3,127,0.002609706
2,127,0.002772427
2,127,0.001021381
2,127,0.019016228
2,127,0.658525072
2,127,0.000126407
12,85,0.000984843
12,85,0.000823173
12,85,0.000624191
12,85,0.002198271
12,85,0.000470841
12,85,0.000535229
12,85,0.000124729
12,85,0.000604934
12,85,0.029362482
9,100,0.349116901
9,100,0.058546677
9,100,0.000125078
12,85,0.000124729
12,85,0.000307736
12,85,0.000346899
12,85,0.00022217
12,85,0.000124729
12,85,0.000262763
12,85,0.00022217
12,85,0.000185765
12,85,0.000470841
12,85,0.00022217
12,85,0.000532664
16,85,0.01063603
12,85,0.264825287
16,100,0.019188867
4,44,0.185494679
4,44,0.055546183
4,44,0.077806628
4,44,0.013138485
14,129,0.049596751
14,129,0.037490736
14,129,0.023418531
14,129,0.005759415
14,129,0.110176999
14,129,0.503364872
15,129,0.44527027
3,129,0.07487781
15,101,0.257535202
15,101,0.428837189
15,101,0.065599027
7,101,0.013138485
8,101,0.010229706
15,73,0.030369927
15,73,0.06201083
2,73,0.002609706
2,73,0.001522865
7,45,0.045875132
10,23,0.006425323
10,23,0.00035728
10,23,0.002586793
10,23,0.000339115
10,23,0.001039519
10,23,0.000940536
10,23,0.002586793
10,23,0.000431958
10,23,0.001441159
10,23,0.00015335
10,23,0.000307736
10,23,0.006263525
10,23,0.001256806
10,23,0.000307736
10,23,0.003588837
10,23,0.00156113
10,23,0.000570498
10,23,0.00022217
10,23,0.00200387
10,23,0.000470841
10,23,0.000470841
10,23,0.001027978
10,23,0.000761021
10,23,0.011114069
10,23,0.000714952
10,23,0.000251038
6,23,0.102250763
10,23,0.600960615
6,23,0.017802188
6,23,0.118324108
10,23,0.115560266
10,23,0.000262763
10,23,0.028440276
10,23,0.025152783
6,23,0.427676895
6,23,2.320494595
6,23,0.000147073
6,23,0.043653477
6,23,0.001260322
6,23,0.078534353
6,23,0.073921681
6,23,0.000813056
6,23,0.022819474
6,23,0.00409404
6,23,0.027894092
6,23,0.065160219
4,51,0.001237935
4,51,0.000159981
4,51,0.00015335
4,51,0.000185765
4,51,0.000307736
4,51,0.000307736
4,51,0.000138168
4,51,0.001068979
4,51,0.000349305
4,51,0.001039519
4,51,0.000525525
4,51,0.000771919
4,51,0.000341109
4,51,0.000124729
4,51,0.000411586
4,51,0.000510631
4,51,0.000138168
4,51,0.000688579
4,51,0.001066411
4,51,0.004719951
4,51,0.000482009
4,51,0.000138256
4,51,0.00015335
4,51,0.000169981
4,51,0.001261689
4,51,0.000863012
4,51,0.132258466
4,51,0.00015335
4,51,0.002383355
4,51,0.001406436
4,51,0.000124729
4,51,0.000308237
4,51,0.000411586
4,51,0.000513809
4,51,0.000138256
4,51,0.0000981
4,51,0.000456223
4,51,0.000863012
4,51,0.001547042
4,51,0.000456223
4,51,0.000482422
4,51,0.000703885
4,51,0.000187362
4,51,0.001378043
4,51,0.059185297
4,51,0.000456223
4,51,0.001946472
4,51,0.00022217
4,51,0.000396027
4,51,0.001384867
4,51,0.000185765
4,51,0.000874245
4,51,0.002209593
4,51,0.000346553
4,51,0.003715674
4,51,0.000281872
4,51,0.000670539
4,51,0.001237238
4,51,0.008474368
4,51,0.000808794
4,51,0.000656606
4,51,0.000375892
4,51,0.000241104
4,51,0.000291259
4,51,0.000138168
12,37,0.000272442
12,37,0.000456223
12,37,0.000246264
12,37,0.007496142
12,37,0.000593274
12,37,0.001438563
12,37,0.000120552
12,37,0.000875392
12,37,0.091009641
12,37,0.000138256
12,37,0.00015335
12,37,0.00243364
12,37,0.000185765
12,37,0.00050025
12,37,0.001011915
12,37,0.00022217
12,37,0.000262763
12,37,0.00015335
12,37,0.000863895
12,37,0.179399565
12,37,0.000604934
12,37,0.006153995
12,37,0.345852295
12,37,0.000138256
12,37,0.045055933
12,37,0.000140936
12,37,0.00126508
12,37,0.002681954
12,37,0.000795426
12,37,0.000276512
12,37,0.001102782
12,37,0.000479365
12,37,0.000609662
12,37,0.012259951
12,37,0.000432465
12,37,0.000185765
12,37,0.000124729
12,37,0.001151766
12,37,0.000513823
12,37,0.000375521
12,37,0.00015335
12,37,0.00022217
12,37,0.000381216
12,37,0.000262763
12,37,0.000185765
12,37,0.003163336
12,37,0.000205781
12,37,0.0005937
12,37,0.000113101
12,37,0.000138168
12,37,0.000169981
12,37,0.000946815
12,37,0.000205911
12,37,0.000246264
12,37,0.000344166
12,37,0.000241917
12,37,0.000339962
12,37,0.003600868
12,37,0.00097878
12,37,0.000194943
12,37,0.003163336
12,37,0.009009101
12,37,0.001082426
12,37,0.000124729
12,37,0.000124729
1,24,1.52545802
1,24,0.000665016
1,24,0.000283729
1,24,0.003550683
1,24,0.014517127
1,24,0.000640006
