This is XeTeX, Version 3.141592653-2.6-0.999993 (TeX Live 2022/dev/Debian) (preloaded format=xelatex 2022.6.29)  29 JUN 2022 06:22
entering extended mode
 restricted \write18 enabled.
 %&-line parsing enabled.
**bookdown.tex
(./bookdown.tex
LaTeX2e <2021-11-15> patch level 1
L3 programming layer <2022-01-21> (./krantz.cls
Document Class: krantz 2005/09/16 v1.4f Standard LaTeX document class
(/usr/share/texlive/texmf-dist/tex/latex/base/bk10.clo
File: bk10.clo 2021/10/04 v1.4n Standard LaTeX file (size option)
)
\trimheight=\dimen138
\trimwidth=\dimen139
\normaltextheight=\dimen140
\tempa=\dimen141
\tempdimen=\dimen142
\htrim=\dimen143
\vtrimtop=\dimen144
\vtrimbot=\dimen145
\ul@box=\box50
\ur@box=\box51
\ll@box=\box52
\lr@box=\box53
\@cipboxa=\box54
\@cipboxb=\box55
\@ciprulewidth=\dimen146
\c@part=\count181
\c@chapter=\count182
\c@section=\count183
\c@subsection=\count184
\c@subsubsection=\count185
\c@paragraph=\count186
\c@subparagraph=\count187
\secwd=\dimen147
\subsecwd=\dimen148
\subsubsecwd=\dimen149
\c@figure=\count188
\c@table=\count189
\abovecaptionskip=\skip47
\belowcaptionskip=\skip48
\c@numauthors=\count190
\section@toc@skip=\skip49
\SectionTOCWidth=\skip50
\subsection@toc@skip=\skip51
\SubSectionTOCWidth=\skip52
\subsubsection@toc@skip=\skip53
\SubSubSectionTOCWidth=\skip54
\paragraph@toc@skip=\skip55
\ParagraphTOCWidth=\skip56
\subparagraph@toc@skip=\skip57
\@AUonebox=\box56
\@AUtwobox=\box57
\@AUthreebox=\box58
\@AUfourbox=\box59
\@AUaffonebox=\box60
\@AUafftwobox=\box61
\@AUaffthreebox=\box62
\@AUafffourbox=\box63
\@finalAUboxfromone=\box64
\@finalAUboxfromtwo=\box65
\@finalAUboxfromthree=\box66
\@finalAUboxfromfour=\box67
\c@chaptocdepth=\count191
\bibindent=\dimen150
\tempbox=\box68
\nomenwidth=\dimen151
\@tablebox=\box69
\@tabletitlebox=\box70
\@tablewidth=\dimen152
\@tabletitlewidth=\dimen153
\max@tablewidth=\dimen154
\tempbox=\box71
\tempdimen=\dimen155
\tempbox=\box72
\notewidth=\dimen156
\wherebox=\box73
\wherewidth=\dimen157
\listtextleftmargin=\skip58
\listtextleftmarginii=\skip59
\listtextleftmarginiii=\skip60
\listtextrightmargin=\skip61
\listlabelleftskip=\skip62
\listlabelleftskipii=\skip63
\listlabelleftskipiii=\skip64
\abovelistskipi=\skip65
\belowlistskipi=\skip66
\abovelistskipii=\skip67
\belowlistskipii=\skip68
\abovelistskipiii=\skip69
\belowlistskipiii=\skip70
\labelsepi=\skip71
\labelsepii=\skip72
\labelsepiii=\skip73
\itemsepi=\skip74
\itemsepii=\skip75
\itemsepiii=\skip76
\enumdimwd=\dimen158
\enumdim=\dimen159
\concolwidth=\dimen160
\stempbox=\box74
) (/usr/share/texmf/tex/latex/lm/lmodern.sty
Package: lmodern 2009/10/30 v1.6 Latin Modern Fonts
LaTeX Font Info:    Overwriting symbol font `operators' in version `normal'
(Font)                  OT1/cmr/m/n --> OT1/lmr/m/n on input line 22.
LaTeX Font Info:    Overwriting symbol font `letters' in version `normal'
(Font)                  OML/cmm/m/it --> OML/lmm/m/it on input line 23.
LaTeX Font Info:    Overwriting symbol font `symbols' in version `normal'
(Font)                  OMS/cmsy/m/n --> OMS/lmsy/m/n on input line 24.
LaTeX Font Info:    Overwriting symbol font `largesymbols' in version `normal'
(Font)                  OMX/cmex/m/n --> OMX/lmex/m/n on input line 25.
LaTeX Font Info:    Overwriting symbol font `operators' in version `bold'
(Font)                  OT1/cmr/bx/n --> OT1/lmr/bx/n on input line 26.
LaTeX Font Info:    Overwriting symbol font `letters' in version `bold'
(Font)                  OML/cmm/b/it --> OML/lmm/b/it on input line 27.
LaTeX Font Info:    Overwriting symbol font `symbols' in version `bold'
(Font)                  OMS/cmsy/b/n --> OMS/lmsy/b/n on input line 28.
LaTeX Font Info:    Overwriting symbol font `largesymbols' in version `bold'
(Font)                  OMX/cmex/m/n --> OMX/lmex/m/n on input line 29.
LaTeX Font Info:    Overwriting math alphabet `\mathbf' in version `normal'
(Font)                  OT1/cmr/bx/n --> OT1/lmr/bx/n on input line 31.
LaTeX Font Info:    Overwriting math alphabet `\mathsf' in version `normal'
(Font)                  OT1/cmss/m/n --> OT1/lmss/m/n on input line 32.
LaTeX Font Info:    Overwriting math alphabet `\mathit' in version `normal'
(Font)                  OT1/cmr/m/it --> OT1/lmr/m/it on input line 33.
LaTeX Font Info:    Overwriting math alphabet `\mathtt' in version `normal'
(Font)                  OT1/cmtt/m/n --> OT1/lmtt/m/n on input line 34.
LaTeX Font Info:    Overwriting math alphabet `\mathbf' in version `bold'
(Font)                  OT1/cmr/bx/n --> OT1/lmr/bx/n on input line 35.
LaTeX Font Info:    Overwriting math alphabet `\mathsf' in version `bold'
(Font)                  OT1/cmss/bx/n --> OT1/lmss/bx/n on input line 36.
LaTeX Font Info:    Overwriting math alphabet `\mathit' in version `bold'
(Font)                  OT1/cmr/bx/it --> OT1/lmr/bx/it on input line 37.
LaTeX Font Info:    Overwriting math alphabet `\mathtt' in version `bold'
(Font)                  OT1/cmtt/m/n --> OT1/lmtt/m/n on input line 38.
) (/usr/share/texlive/texmf-dist/tex/latex/amsfonts/amssymb.sty
Package: amssymb 2013/01/14 v3.01 AMS font symbols
(/usr/share/texlive/texmf-dist/tex/latex/amsfonts/amsfonts.sty
Package: amsfonts 2013/01/14 v3.01 Basic AMSFonts support
\@emptytoks=\toks16
\symAMSa=\mathgroup4
\symAMSb=\mathgroup5
LaTeX Font Info:    Redeclaring math symbol \hbar on input line 98.
LaTeX Font Info:    Overwriting math alphabet `\mathfrak' in version `bold'
(Font)                  U/euf/m/n --> U/euf/b/n on input line 106.
)) (/usr/share/texlive/texmf-dist/tex/latex/amsmath/amsmath.sty
Package: amsmath 2021/10/15 v2.17l AMS math features
\@mathmargin=\skip77
For additional information on amsmath, use the `?' option.
(/usr/share/texlive/texmf-dist/tex/latex/amsmath/amstext.sty
Package: amstext 2021/08/26 v2.01 AMS text
(/usr/share/texlive/texmf-dist/tex/latex/amsmath/amsgen.sty
File: amsgen.sty 1999/11/30 v2.0 generic functions
\@emptytoks=\toks17
\ex@=\dimen161
)) (/usr/share/texlive/texmf-dist/tex/latex/amsmath/amsbsy.sty
Package: amsbsy 1999/11/29 v1.2d Bold Symbols
\pmbraise@=\dimen162
) (/usr/share/texlive/texmf-dist/tex/latex/amsmath/amsopn.sty
Package: amsopn 2021/08/26 v2.02 operator names
)
\inf@bad=\count192
LaTeX Info: Redefining \frac on input line 234.
\uproot@=\count193
\leftroot@=\count194
LaTeX Info: Redefining \overline on input line 399.
\classnum@=\count195
\DOTSCASE@=\count196
LaTeX Info: Redefining \ldots on input line 496.
LaTeX Info: Redefining \dots on input line 499.
LaTeX Info: Redefining \cdots on input line 620.
\Mathstrutbox@=\box75
\strutbox@=\box76
\big@size=\dimen163
LaTeX Font Info:    Redeclaring font encoding OML on input line 743.
LaTeX Font Info:    Redeclaring font encoding OMS on input line 744.
\macc@depth=\count197
\c@MaxMatrixCols=\count198
\dotsspace@=\muskip16
\c@parentequation=\count199
\dspbrk@lvl=\count266
\tag@help=\toks18
\row@=\count267
\column@=\count268
\maxfields@=\count269
\andhelp@=\toks19
\eqnshift@=\dimen164
\alignsep@=\dimen165
\tagshift@=\dimen166
\tagwidth@=\dimen167
\totwidth@=\dimen168
\lineht@=\dimen169
\@envbody=\toks20
\multlinegap=\skip78
\multlinetaggap=\skip79
\mathdisplay@stack=\toks21
LaTeX Info: Redefining \[ on input line 2938.
LaTeX Info: Redefining \] on input line 2939.
) (/usr/share/texlive/texmf-dist/tex/generic/iftex/ifxetex.sty
Package: ifxetex 2019/10/25 v0.7 ifxetex legacy package. Use iftex instead.
(/usr/share/texlive/texmf-dist/tex/generic/iftex/iftex.sty
Package: iftex 2020/03/06 v1.0d TeX engine tests
)) (/usr/share/texlive/texmf-dist/tex/generic/iftex/ifluatex.sty
Package: ifluatex 2019/10/25 v1.5 ifluatex legacy package. Use iftex instead.
) (/usr/share/texlive/texmf-dist/tex/latex/unicode-math/unicode-math.sty (/usr/
share/texlive/texmf-dist/tex/latex/l3kernel/expl3.sty
Package: expl3 2022-01-21 L3 programming layer (loader) 
(/usr/share/texlive/texmf-dist/tex/latex/l3backend/l3backend-xetex.def
File: l3backend-xetex.def 2022-01-12 L3 backend support: XeTeX
(|extractbb --version)
\c__kernel_sys_dvipdfmx_version_int=\count270
\l__color_backend_stack_int=\count271
\g__color_backend_stack_int=\count272
\g__graphics_track_int=\count273
\l__pdf_internal_box=\box77
\g__pdf_backend_object_int=\count274
\g__pdf_backend_annotation_int=\count275
\g__pdf_backend_link_int=\count276
))
Package: unicode-math 2020/01/31 v0.8q Unicode maths in XeLaTeX and LuaLaTeX
(/usr/share/texlive/texmf-dist/tex/latex/unicode-math/unicode-math-xetex.sty
Package: unicode-math-xetex 2020/01/31 v0.8q Unicode maths in XeLaTeX and LuaLa
TeX
(/usr/share/texlive/texmf-dist/tex/latex/l3packages/xparse/xparse.sty
Package: xparse 2022-01-12 L3 Experimental document command parser
) (/usr/share/texlive/texmf-dist/tex/latex/l3packages/l3keys2e/l3keys2e.sty
Package: l3keys2e 2022-01-12 LaTeX2e option processing using LaTeX3 keys
) (/usr/share/texlive/texmf-dist/tex/latex/fontspec/fontspec.sty
Package: fontspec 2022/01/15 v2.8a Font selection for XeLaTeX and LuaLaTeX
(/usr/share/texlive/texmf-dist/tex/latex/fontspec/fontspec-xetex.sty
Package: fontspec-xetex 2022/01/15 v2.8a Font selection for XeLaTeX and LuaLaTe
X
\l__fontspec_script_int=\count277
\l__fontspec_language_int=\count278
\l__fontspec_strnum_int=\count279
\l__fontspec_tmp_int=\count280
\l__fontspec_tmpa_int=\count281
\l__fontspec_tmpb_int=\count282
\l__fontspec_tmpc_int=\count283
\l__fontspec_em_int=\count284
\l__fontspec_emdef_int=\count285
\l__fontspec_strong_int=\count286
\l__fontspec_strongdef_int=\count287
\l__fontspec_tmpa_dim=\dimen170
\l__fontspec_tmpb_dim=\dimen171
\l__fontspec_tmpc_dim=\dimen172
(/usr/share/texlive/texmf-dist/tex/latex/base/fontenc.sty
Package: fontenc 2021/04/29 v2.0v Standard LaTeX package
) (/usr/share/texlive/texmf-dist/tex/latex/fontspec/fontspec.cfg))) (/usr/share
/texlive/texmf-dist/tex/latex/base/fix-cm.sty
Package: fix-cm 2020/11/24 v1.1t fixes to LaTeX
(/usr/share/texlive/texmf-dist/tex/latex/base/ts1enc.def
File: ts1enc.def 2001/06/05 v3.0e (jk/car/fm) Standard LaTeX file
LaTeX Font Info:    Redeclaring font encoding TS1 on input line 47.
))
\g__um_fam_int=\count288
\g__um_fonts_used_int=\count289
\l__um_primecount_int=\count290
\g__um_primekern_muskip=\muskip17
(/usr/share/texlive/texmf-dist/tex/latex/unicode-math/unicode-math-table.tex)))
(/usr/share/texlive/texmf-dist/tex/latex/upquote/upquote.sty
Package: upquote 2012/04/19 v1.3 upright-quote and grave-accent glyphs in verba
tim
(/usr/share/texlive/texmf-dist/tex/latex/base/textcomp.sty
Package: textcomp 2020/02/02 v2.0n Standard LaTeX package
)) (/usr/share/texlive/texmf-dist/tex/latex/microtype/microtype.sty
Package: microtype 2021/12/10 v3.0b Micro-typographical refinements (RS)
(/usr/share/texlive/texmf-dist/tex/latex/graphics/keyval.sty
Package: keyval 2014/10/28 v1.15 key=value parser (DPC)
\KV@toks@=\toks22
) (/usr/share/texlive/texmf-dist/tex/latex/etoolbox/etoolbox.sty
Package: etoolbox 2020/10/05 v2.5k e-TeX tools for LaTeX (JAW)
\etb@tempcnta=\count291
)
\MT@toks=\toks23
\MT@count=\count292
\MT@tempbox=\box78
LaTeX Info: Redefining \leftprotrusion on input line 1010.
LaTeX Info: Redefining \rightprotrusion on input line 1018.
LaTeX Info: Redefining \textls on input line 1173.
\MT@outer@kern=\dimen173
LaTeX Info: Redefining \textmicrotypecontext on input line 1759.
\MT@listname@count=\count293
(/usr/share/texlive/texmf-dist/tex/latex/microtype/microtype-xetex.def
File: microtype-xetex.def 2021/12/10 v3.0b Definitions specific to xetex (RS)
LaTeX Info: Redefining \lsstyle on input line 234.
)
Package microtype Info: Loading configuration file microtype.cfg.
(/usr/share/texlive/texmf-dist/tex/latex/microtype/microtype.cfg
File: microtype.cfg 2021/12/10 v3.0b microtype main configuration file (RS)
)) (/usr/share/texlive/texmf-dist/tex/latex/parskip/parskip.sty
Package: parskip 2021-03-14 v2.0h non-zero parskip adjustments
(/usr/share/texlive/texmf-dist/tex/latex/kvoptions/kvoptions.sty
Package: kvoptions 2020-10-07 v3.14 Key value format for package options (HO)
(/usr/share/texlive/texmf-dist/tex/generic/ltxcmds/ltxcmds.sty
Package: ltxcmds 2020-05-10 v1.25 LaTeX kernel commands for general use (HO)
) (/usr/share/texlive/texmf-dist/tex/generic/kvsetkeys/kvsetkeys.sty
Package: kvsetkeys 2019/12/15 v1.18 Key value parser (HO)
))) (/usr/share/texlive/texmf-dist/tex/latex/xcolor/xcolor.sty
Package: xcolor 2021/10/31 v2.13 LaTeX color extensions (UK)
(/usr/share/texlive/texmf-dist/tex/latex/graphics-cfg/color.cfg
File: color.cfg 2016/01/02 v1.6 sample color configuration
)
Package xcolor Info: Driver file: xetex.def on input line 227.
(/usr/share/texlive/texmf-dist/tex/latex/graphics-def/xetex.def
File: xetex.def 2021/03/18 v5.0k Graphics/color driver for xetex
)
Package xcolor Info: Model `cmy' substituted by `cmy0' on input line 1352.
Package xcolor Info: Model `RGB' extended on input line 1368.
Package xcolor Info: Model `HTML' substituted by `rgb' on input line 1370.
Package xcolor Info: Model `Hsb' substituted by `hsb' on input line 1371.
Package xcolor Info: Model `tHsb' substituted by `hsb' on input line 1372.
Package xcolor Info: Model `HSB' substituted by `hsb' on input line 1373.
Package xcolor Info: Model `Gray' substituted by `gray' on input line 1374.
Package xcolor Info: Model `wave' substituted by `hsb' on input line 1375.
(/usr/share/texlive/texmf-dist/tex/latex/graphics/dvipsnam.def
File: dvipsnam.def 2016/06/17 v3.0m Driver-dependent file (DPC,SPQR)
) (/usr/share/texlive/texmf-dist/tex/latex/xcolor/svgnam.def
File: svgnam.def 2021/10/31 v2.13 Predefined colors according to SVG 1.1 (UK)
) (/usr/share/texlive/texmf-dist/tex/latex/xcolor/x11nam.def
File: x11nam.def 2021/10/31 v2.13 Predefined colors according to Unix/X11 (UK)
)) (/usr/share/texlive/texmf-dist/tex/latex/xurl/xurl.sty
Package: xurl 2022/01/09 v 0.10 modify URL breaks
(/usr/share/texlive/texmf-dist/tex/latex/url/url.sty
\Urlmuskip=\muskip18
Package: url 2013/09/16  ver 3.4  Verb mode for urls, etc.
)) (/usr/share/texlive/texmf-dist/tex/latex/bookmark/bookmark.sty
Package: bookmark 2020-11-06 v1.29 PDF bookmarks (HO)
(/usr/share/texlive/texmf-dist/tex/latex/hyperref/hyperref.sty
Package: hyperref 2021-06-07 v7.00m Hypertext links for LaTeX
(/usr/share/texlive/texmf-dist/tex/generic/pdftexcmds/pdftexcmds.sty
Package: pdftexcmds 2020-06-27 v0.33 Utility functions of pdfTeX for LuaTeX (HO
)
(/usr/share/texlive/texmf-dist/tex/generic/infwarerr/infwarerr.sty
Package: infwarerr 2019/12/03 v1.5 Providing info/warning/error messages (HO)
)
Package pdftexcmds Info: \pdf@primitive is available.
Package pdftexcmds Info: \pdf@ifprimitive is available.
Package pdftexcmds Info: \pdfdraftmode not found.
) (/usr/share/texlive/texmf-dist/tex/generic/kvdefinekeys/kvdefinekeys.sty
Package: kvdefinekeys 2019-12-19 v1.6 Define keys (HO)
) (/usr/share/texlive/texmf-dist/tex/generic/pdfescape/pdfescape.sty
Package: pdfescape 2019/12/09 v1.15 Implements pdfTeX's escape features (HO)
) (/usr/share/texlive/texmf-dist/tex/latex/hycolor/hycolor.sty
Package: hycolor 2020-01-27 v1.10 Color options for hyperref/bookmark (HO)
) (/usr/share/texlive/texmf-dist/tex/latex/letltxmacro/letltxmacro.sty
Package: letltxmacro 2019/12/03 v1.6 Let assignment for LaTeX macros (HO)
) (/usr/share/texlive/texmf-dist/tex/latex/auxhook/auxhook.sty
Package: auxhook 2019-12-17 v1.6 Hooks for auxiliary files (HO)
)
\@linkdim=\dimen174
\Hy@linkcounter=\count294
\Hy@pagecounter=\count295
(/usr/share/texlive/texmf-dist/tex/latex/hyperref/pd1enc.def
File: pd1enc.def 2021-06-07 v7.00m Hyperref: PDFDocEncoding definition (HO)
) (/usr/share/texlive/texmf-dist/tex/latex/hyperref/hyperref-langpatches.def
File: hyperref-langpatches.def 2021-06-07 v7.00m Hyperref: patches for babel la
nguages
) (/usr/share/texlive/texmf-dist/tex/generic/intcalc/intcalc.sty
Package: intcalc 2019/12/15 v1.3 Expandable calculations with integers (HO)
) (/usr/share/texlive/texmf-dist/tex/generic/etexcmds/etexcmds.sty
Package: etexcmds 2019/12/15 v1.7 Avoid name clashes with e-TeX commands (HO)
)
\Hy@SavedSpaceFactor=\count296
(/usr/share/texlive/texmf-dist/tex/latex/hyperref/puenc.def
File: puenc.def 2021-06-07 v7.00m Hyperref: PDF Unicode definition (HO)
)
Package hyperref Info: Option `unicode' set `true' on input line 4073.
Package hyperref Info: Hyper figures OFF on input line 4192.
Package hyperref Info: Link nesting OFF on input line 4197.
Package hyperref Info: Hyper index ON on input line 4200.
Package hyperref Info: Plain pages OFF on input line 4207.
Package hyperref Info: Backreferencing OFF on input line 4212.
Package hyperref Info: Implicit mode ON; LaTeX internals redefined.
Package hyperref Info: Bookmarks ON on input line 4445.
\c@Hy@tempcnt=\count297
LaTeX Info: Redefining \url on input line 4804.
\XeTeXLinkMargin=\dimen175
(/usr/share/texlive/texmf-dist/tex/generic/bitset/bitset.sty
Package: bitset 2019/12/09 v1.3 Handle bit-vector datatype (HO)
(/usr/share/texlive/texmf-dist/tex/generic/bigintcalc/bigintcalc.sty
Package: bigintcalc 2019/12/15 v1.5 Expandable calculations on big integers (HO
)
))
\Fld@menulength=\count298
\Field@Width=\dimen176
\Fld@charsize=\dimen177
Package hyperref Info: Hyper figures OFF on input line 6076.
Package hyperref Info: Link nesting OFF on input line 6081.
Package hyperref Info: Hyper index ON on input line 6084.
Package hyperref Info: backreferencing OFF on input line 6091.
Package hyperref Info: Link coloring OFF on input line 6096.
Package hyperref Info: Link coloring with OCG OFF on input line 6101.
Package hyperref Info: PDF/A mode OFF on input line 6106.
LaTeX Info: Redefining \ref on input line 6146.
LaTeX Info: Redefining \pageref on input line 6150.
(/usr/share/texlive/texmf-dist/tex/latex/base/atbegshi-ltx.sty
Package: atbegshi-ltx 2021/01/10 v1.0c Emulation of the original atbegshi
package with kernel methods
)
\Hy@abspage=\count299
\c@Item=\count300
\c@Hfootnote=\count301
)
Package hyperref Info: Driver (autodetected): hxetex.
(/usr/share/texlive/texmf-dist/tex/latex/hyperref/hxetex.def
File: hxetex.def 2021-06-07 v7.00m Hyperref driver for XeTeX
(/usr/share/texlive/texmf-dist/tex/generic/stringenc/stringenc.sty
Package: stringenc 2019/11/29 v1.12 Convert strings between diff. encodings (HO
)
)
\pdfm@box=\box79
\c@Hy@AnnotLevel=\count302
\HyField@AnnotCount=\count303
\Fld@listcount=\count304
\c@bookmark@seq@number=\count305
(/usr/share/texlive/texmf-dist/tex/latex/rerunfilecheck/rerunfilecheck.sty
Package: rerunfilecheck 2019/12/05 v1.9 Rerun checks for auxiliary files (HO)
(/usr/share/texlive/texmf-dist/tex/latex/base/atveryend-ltx.sty
Package: atveryend-ltx 2020/08/19 v1.0a Emulation of the original atveryend pac
kage
with kernel methods
) (/usr/share/texlive/texmf-dist/tex/generic/uniquecounter/uniquecounter.sty
Package: uniquecounter 2019/12/15 v1.4 Provide unlimited unique counter (HO)
)
Package uniquecounter Info: New unique counter `rerunfilecheck' on input line 2
86.
)
\Hy@SectionHShift=\skip80
) (/usr/share/texlive/texmf-dist/tex/latex/bookmark/bkm-dvipdfm.def
File: bkm-dvipdfm.def 2020-11-06 v1.29 bookmark driver for dvipdfm (HO)
\BKM@id=\count306
))
Package hyperref Info: Option `colorlinks' set `true' on input line 47.
(/usr/share/texlive/texmf-dist/tex/latex/fancyvrb/fancyvrb.sty
Package: fancyvrb 2021/12/21 4.1b verbatim text (tvz,hv)
\FV@CodeLineNo=\count307
\FV@InFile=\read2
\FV@TabBox=\box80
\c@FancyVerbLine=\count308
\FV@StepNumber=\count309
\FV@OutFile=\write3
) (/usr/share/texlive/texmf-dist/tex/latex/framed/framed.sty
Package: framed 2011/10/22 v 0.96: framed or shaded text with page breaks
\OuterFrameSep=\skip81
\fb@frw=\dimen178
\fb@frh=\dimen179
\FrameRule=\dimen180
\FrameSep=\dimen181
) (/usr/share/texlive/texmf-dist/tex/latex/tools/longtable.sty
Package: longtable 2021-09-01 v4.17 Multi-page Table package (DPC)
\LTleft=\skip82
\LTright=\skip83
\LTpre=\skip84
\LTpost=\skip85
\LTchunksize=\count310
\LTcapwidth=\dimen182
\LT@head=\box81
\LT@firsthead=\box82
\LT@foot=\box83
\LT@lastfoot=\box84
\LT@gbox=\box85
\LT@cols=\count311
\LT@rows=\count312
\c@LT@tables=\count313
\c@LT@chunks=\count314
\LT@p@ftn=\toks24
) (/usr/share/texlive/texmf-dist/tex/latex/booktabs/booktabs.sty
Package: booktabs 2020/01/12 v1.61803398 Publication quality tables
\heavyrulewidth=\dimen183
\lightrulewidth=\dimen184
\cmidrulewidth=\dimen185
\belowrulesep=\dimen186
\belowbottomsep=\dimen187
\aboverulesep=\dimen188
\abovetopsep=\dimen189
\cmidrulesep=\dimen190
\cmidrulekern=\dimen191
\defaultaddspace=\dimen192
\@cmidla=\count315
\@cmidlb=\count316
\@aboverulesep=\dimen193
\@belowrulesep=\dimen194
\@thisruleclass=\count317
\@lastruleclass=\count318
\@thisrulewidth=\dimen195
) (/usr/share/texlive/texmf-dist/tex/latex/footnotehyper/footnotehyper.sty
Package: footnotehyper 2021/08/13 v1.1e hyperref aware footnote.sty (JFB)
\FNH@notes=\box86
\FNH@width=\dimen196
\FNH@toks=\toks25
) (/usr/share/texlive/texmf-dist/tex/latex/graphics/graphicx.sty
Package: graphicx 2021/09/16 v1.2d Enhanced LaTeX Graphics (DPC,SPQR)
(/usr/share/texlive/texmf-dist/tex/latex/graphics/graphics.sty
Package: graphics 2021/03/04 v1.4d Standard LaTeX Graphics (DPC,SPQR)
(/usr/share/texlive/texmf-dist/tex/latex/graphics/trig.sty
Package: trig 2021/08/11 v1.11 sin cos tan (DPC)
) (/usr/share/texlive/texmf-dist/tex/latex/graphics-cfg/graphics.cfg
File: graphics.cfg 2016/06/04 v1.11 sample graphics configuration
)
Package graphics Info: Driver file: xetex.def on input line 107.
)
\Gin@req@height=\dimen197
\Gin@req@width=\dimen198
) (/usr/share/texlive/texmf-dist/tex/latex/tools/bm.sty
Package: bm 2021/04/25 v1.2e Bold Symbol Support (DPC/FMi)
\symboldoperators=\mathgroup6
\symboldletters=\mathgroup7
\symboldsymbols=\mathgroup8
Package bm Info: No bold for \OMX/lmex/m/n, using \pmb.
Package bm Info: No bold for \U/msa/m/n, using \pmb.
Package bm Info: No bold for \U/msb/m/n, using \pmb.
LaTeX Font Info:    Redeclaring math alphabet \mathbf on input line 149.
) (/usr/share/texlive/texmf-dist/tex/latex/colortbl/colortbl.sty
Package: colortbl 2020/01/04 v1.0e Color table columns (DPC)
(/usr/share/texlive/texmf-dist/tex/latex/tools/array.sty
Package: array 2021/10/04 v2.5f Tabular extension package (FMi)
\col@sep=\dimen199
\ar@mcellbox=\box87
\extrarowheight=\dimen256
\NC@list=\toks26
\extratabsurround=\skip86
\backup@length=\skip87
\ar@cellbox=\box88
)
\everycr=\toks27
\minrowclearance=\skip88
) (/usr/share/texlive/texmf-dist/tex/latex/tabu/tabu.sty
Package: tabu 2019/01/11 v2.9 - flexible LaTeX tabulars (FC+tabu-fixed) + inter
mediate FMi
(/usr/share/texlive/texmf-dist/tex/latex/varwidth/varwidth.sty
Package: varwidth 2009/03/30 ver 0.92;  Variable-width minipages
\@vwid@box=\box89
\sift@deathcycles=\count319
\@vwid@loff=\dimen257
\@vwid@roff=\dimen258
)
\c@taburow=\count320
\tabu@nbcols=\count321
\tabu@cnt=\count322
\tabu@Xcol=\count323
\tabu@alloc=\count324
\tabu@nested=\count325
\tabu@target=\dimen259
\tabu@spreadtarget=\dimen260
\tabu@naturalX=\dimen261
\tabucolX=\dimen262
\tabu@Xsum=\dimen263
\extrarowdepth=\dimen264
\abovetabulinesep=\dimen265
\belowtabulinesep=\dimen266
\tabustrutrule=\dimen267
\tabu@thebody=\toks28
\tabu@footnotes=\toks29
\tabu@box=\box90
\tabu@arstrutbox=\box91
\tabu@hleads=\box92
\tabu@vleads=\box93
\tabu@cellskip=\skip89
) (/usr/share/texlive/texmf-dist/tex/latex/caption/caption.sty
Package: caption 2020/10/26 v3.5g Customizing captions (AR)
(/usr/share/texlive/texmf-dist/tex/latex/caption/caption3.sty
Package: caption3 2020/10/21 v2.2e caption3 kernel (AR)
\captionmargin=\dimen268
\captionmargin@=\dimen269
\captionwidth=\dimen270
\caption@tempdima=\dimen271
\caption@indent=\dimen272
\caption@parindent=\dimen273
\caption@hangindent=\dimen274
Package caption Info: Unknown document class (or package),
(caption)             standard defaults will be used.
Package caption Info: \@makecaption = \long macro:#1#2->\vskip \abovecaptionski
p \sbox \@tempboxa {#1: #2}\ifdim \wd \@tempboxa >\hsize {\FigCapFont #1} #2\pa
r \else \global \@minipagefalse {\FigCapFont #1} #2\par \fi \vskip \belowcaptio
nskip  on input line 1139.
)

Package caption Warning: Unknown document class (or package),
(caption)                standard defaults will be used.
See the caption package documentation for explanation.

\c@caption@flags=\count326
\c@continuedfloat=\count327
Package caption Info: hyperref package is loaded.
Package caption Info: longtable package is loaded.
(/usr/share/texlive/texmf-dist/tex/latex/caption/ltcaption.sty
Package: ltcaption 2020/05/30 v1.4b longtable captions (AR)
)) (/usr/share/texlive/texmf-dist/tex/latex/base/makeidx.sty
Package: makeidx 2021/10/04 v1.0m Standard LaTeX package
)
\@indexfile=\write4
\openout4 = `bookdown.idx'.

Writing index file bookdown.idx
(/usr/share/texlive/texmf-dist/tex/latex/amscls/amsthm.sty
Package: amsthm 2020/05/29 v2.20.6
\thm@style=\toks30
\thm@bodyfont=\toks31
\thm@headfont=\toks32
\thm@notefont=\toks33
\thm@headpunct=\toks34
\thm@preskip=\skip90
\thm@postskip=\skip91
\thm@headsep=\skip92
\dth@everypar=\toks35
) (/usr/share/texlive/texmf-dist/tex/latex/multirow/multirow.sty
Package: multirow 2021/03/15 v2.8 Span multiple rows of a table
\multirow@colwidth=\skip93
\multirow@cntb=\count328
\multirow@dima=\skip94
\bigstrutjot=\dimen275
) (/usr/share/texlive/texmf-dist/tex/latex/wrapfig/wrapfig.sty
\wrapoverhang=\dimen276
\WF@size=\dimen277
\c@WF@wrappedlines=\count329
\WF@box=\box94
\WF@everypar=\toks36
Package: wrapfig 2003/01/31  v 3.6
) (/usr/share/texlive/texmf-dist/tex/latex/float/float.sty
Package: float 2001/11/08 v1.3d Float enhancements (AL)
\c@float@type=\count330
\float@exts=\toks37
\float@box=\box95
\@float@everytoks=\toks38
\@floatcapt=\box96
) (/usr/share/texlive/texmf-dist/tex/latex/pdflscape/pdflscape.sty
Package: pdflscape 2019/12/05 v0.12 Display of landscape pages in PDF (HO)
(/usr/share/texlive/texmf-dist/tex/latex/graphics/lscape.sty
Package: lscape 2020/05/28 v3.02 Landscape Pages (DPC)
)
Package pdflscape Info: Auto-detected driver: dvipdfm (xetex) on input line 98.

) (/usr/share/texlive/texmf-dist/tex/latex/threeparttable/threeparttable.sty
Package: threeparttable 2003/06/13  v 3.0
\@tempboxb=\box97
) (/usr/share/texlive/texmf-dist/tex/latex/threeparttablex/threeparttablex.sty
Package: threeparttablex 2013/07/23 v0.3 by daleif
(/usr/share/texlive/texmf-dist/tex/latex/environ/environ.sty
Package: environ 2014/05/04 v0.3 A new way to define environments
(/usr/share/texlive/texmf-dist/tex/latex/trimspaces/trimspaces.sty
Package: trimspaces 2009/09/17 v1.1 Trim spaces around a token list
))
\TPTL@width=\skip95
) (/usr/share/texlive/texmf-dist/tex/generic/ulem/ulem.sty
\UL@box=\box98
\UL@hyphenbox=\box99
\UL@skip=\skip96
\UL@hook=\toks39
\UL@height=\dimen278
\UL@pe=\count331
\UL@pixel=\dimen279
\ULC@box=\box100
Package: ulem 2019/11/18
\ULdepth=\dimen280
) (/usr/share/texlive/texmf-dist/tex/latex/makecell/makecell.sty
Package: makecell 2009/08/03 V0.1e Managing of Tab Column Heads and Cells
\rotheadsize=\dimen281
\c@nlinenum=\count332
\TeXr@lab=\toks40
) (/usr/share/texlive/texmf-dist/tex/latex/natbib/natbib.sty
Package: natbib 2010/09/13 8.31b (PWD, AO)
\bibhang=\skip97
\bibsep=\skip98
LaTeX Info: Redefining \cite on input line 694.
\c@NAT@ctr=\count333
) (./bookdown.aux

LaTeX Warning: Label `fig:chunk' multiply defined.

)
\openout1 = `bookdown.aux'.

LaTeX Font Info:    Checking defaults for OML/cmm/m/it on input line 248.
LaTeX Font Info:    ... okay on input line 248.
LaTeX Font Info:    Checking defaults for OMS/cmsy/m/n on input line 248.
LaTeX Font Info:    ... okay on input line 248.
LaTeX Font Info:    Checking defaults for OT1/cmr/m/n on input line 248.
LaTeX Font Info:    ... okay on input line 248.
LaTeX Font Info:    Checking defaults for T1/cmr/m/n on input line 248.
LaTeX Font Info:    ... okay on input line 248.
LaTeX Font Info:    Checking defaults for TS1/cmr/m/n on input line 248.
LaTeX Font Info:    ... okay on input line 248.
LaTeX Font Info:    Checking defaults for TU/lmr/m/n on input line 248.
LaTeX Font Info:    ... okay on input line 248.
LaTeX Font Info:    Checking defaults for OMX/cmex/m/n on input line 248.
LaTeX Font Info:    ... okay on input line 248.
LaTeX Font Info:    Checking defaults for U/cmr/m/n on input line 248.
LaTeX Font Info:    ... okay on input line 248.
LaTeX Font Info:    Checking defaults for PD1/pdf/m/n on input line 248.
LaTeX Font Info:    ... okay on input line 248.
LaTeX Font Info:    Checking defaults for PU/pdf/m/n on input line 248.
LaTeX Font Info:    ... okay on input line 248.
LaTeX Font Info:    Overwriting math alphabet `\mathrm' in version `normal'
(Font)                  OT1/lmr/m/n --> TU/lmr/m/n on input line 248.
LaTeX Font Info:    Overwriting math alphabet `\mathit' in version `normal'
(Font)                  OT1/lmr/m/it --> TU/lmr/m/it on input line 248.
LaTeX Font Info:    Overwriting math alphabet `\mathbf' in version `normal'
(Font)                  OT1/lmr/bx/n --> TU/lmr/bx/n on input line 248.
LaTeX Font Info:    Overwriting math alphabet `\mathsf' in version `normal'
(Font)                  OT1/lmss/m/n --> TU/lmss/m/n on input line 248.
LaTeX Font Info:    Overwriting math alphabet `\mathsf' in version `bold'
(Font)                  OT1/lmss/bx/n --> TU/lmss/bx/n on input line 248.
LaTeX Font Info:    Overwriting math alphabet `\mathtt' in version `normal'
(Font)                  OT1/lmtt/m/n --> TU/lmtt/m/n on input line 248.
LaTeX Font Info:    Overwriting math alphabet `\mathtt' in version `bold'
(Font)                  OT1/lmtt/m/n --> TU/lmtt/bx/n on input line 248.

Package fontspec Info: latinmodern-math scale = 0.9999964596882403.


Package fontspec Info: latinmodern-math scale = 0.9999964596882403.


Package fontspec Info: latinmodern-math scale = 0.9999964596882403.


Package fontspec Info: Font family 'latinmodern-math.otf(0)' created for font
(fontspec)             'latinmodern-math.otf' with options
(fontspec)             [Scale=MatchLowercase,BoldItalicFont={},ItalicFont={},Sm
allCapsFont={},Script=Math,BoldFont={latinmodern-math.otf}].
(fontspec)              
(fontspec)              This font family consists of the following NFSS
(fontspec)             series/shapes:
(fontspec)              
(fontspec)             - 'normal' (m/n) with NFSS spec.:
(fontspec)             <->s*[0.9999964596882403]"[latinmodern-math.otf]/OT:scri
pt=math;language=dflt;"
(fontspec)             - 'small caps'  (m/sc) with NFSS spec.: 
(fontspec)             - 'bold' (b/n) with NFSS spec.:
(fontspec)             <->s*[0.9999964596882403]"[latinmodern-math.otf]/OT:scri
pt=math;language=dflt;"
(fontspec)             - 'bold small caps'  (b/sc) with NFSS spec.: 

LaTeX Font Info:    Font shape `TU/latinmodern-math.otf(0)/m/n' will be
(Font)              scaled to size 10.0pt on input line 248.

Package fontspec Info: latinmodern-math scale = 0.9999964596882403.


Package fontspec Info: latinmodern-math scale = 0.9999964596882403.


Package fontspec Info: latinmodern-math scale = 0.9999964596882403.


Package fontspec Info: latinmodern-math scale = 0.9999964596882403.


Package fontspec Info: latinmodern-math scale = 0.9999964596882403.


Package fontspec Info: Font family 'latinmodern-math.otf(1)' created for font
(fontspec)             'latinmodern-math.otf' with options
(fontspec)             [Scale=MatchLowercase,BoldItalicFont={},ItalicFont={},Sm
allCapsFont={},Script=Math,SizeFeatures={{Size=8.5-},{Size=6-8.5,Font=latinmode
rn-math.otf,Style=MathScript},{Size=-6,Font=latinmodern-math.otf,Style=MathScri
ptScript}},BoldFont={latinmodern-math.otf}].
(fontspec)              
(fontspec)              This font family consists of the following NFSS
(fontspec)             series/shapes:
(fontspec)              
(fontspec)             - 'normal' (m/n) with NFSS spec.:
(fontspec)             <8.5->s*[0.9999964596882403]"[latinmodern-math.otf]/OT:s
cript=math;language=dflt;"<6-8.5>s*[0.9999964596882403]"[latinmodern-math.otf]/
OT:script=math;language=dflt;+ssty=0;"<-6>s*[0.9999964596882403]"[latinmodern-m
ath.otf]/OT:script=math;language=dflt;+ssty=1;"
(fontspec)             - 'small caps'  (m/sc) with NFSS spec.: 
(fontspec)             - 'bold' (b/n) with NFSS spec.:
(fontspec)             <->s*[0.9999964596882403]"[latinmodern-math.otf]/OT:scri
pt=math;language=dflt;"
(fontspec)             - 'bold small caps'  (b/sc) with NFSS spec.: 

LaTeX Font Info:    Font shape `TU/latinmodern-math.otf(1)/m/n' will be
(Font)              scaled to size 10.0pt on input line 248.
LaTeX Font Info:    Encoding `OT1' has changed to `TU' for symbol font
(Font)              `operators' in the math version `normal' on input line 248.

LaTeX Font Info:    Overwriting symbol font `operators' in version `normal'
(Font)                  OT1/lmr/m/n --> TU/latinmodern-math.otf(1)/m/n on input
 line 248.
LaTeX Font Info:    Encoding `OT1' has changed to `TU' for symbol font
(Font)              `operators' in the math version `bold' on input line 248.
LaTeX Font Info:    Overwriting symbol font `operators' in version `bold'
(Font)                  OT1/lmr/bx/n --> TU/latinmodern-math.otf(1)/b/n on inpu
t line 248.

Package fontspec Info: latinmodern-math scale = 0.9999964596882403.


Package fontspec Info: latinmodern-math scale = 1.000096459334209.


Package fontspec Info: latinmodern-math scale = 0.9999964596882403.


Package fontspec Info: latinmodern-math scale = 1.000096459334209.


Package fontspec Info: latinmodern-math scale = 0.9999964596882403.


Package fontspec Info: latinmodern-math scale = 1.000096459334209.


Package fontspec Info: latinmodern-math scale = 0.9999964596882403.


Package fontspec Info: latinmodern-math scale = 1.000096459334209.


Package fontspec Info: latinmodern-math scale = 0.9999964596882403.


Package fontspec Info: latinmodern-math scale = 1.000096459334209.


Package fontspec Info: Font family 'latinmodern-math.otf(2)' created for font
(fontspec)             'latinmodern-math.otf' with options
(fontspec)             [Scale=MatchLowercase,BoldItalicFont={},ItalicFont={},Sm
allCapsFont={},Script=Math,SizeFeatures={{Size=8.5-},{Size=6-8.5,Font=latinmode
rn-math.otf,Style=MathScript},{Size=-6,Font=latinmodern-math.otf,Style=MathScri
ptScript}},BoldFont={latinmodern-math.otf},ScaleAgain=1.0001,FontAdjustment={\f
ontdimen
(fontspec)             8\font =6.77pt\relax \fontdimen 9\font =3.94pt\relax
(fontspec)             \fontdimen 10\font =4.44pt\relax \fontdimen 11\font
(fontspec)             =6.86pt\relax \fontdimen 12\font =3.45pt\relax
(fontspec)             \fontdimen 13\font =3.63pt\relax \fontdimen 14\font
(fontspec)             =3.63pt\relax \fontdimen 15\font =2.89pt\relax
(fontspec)             \fontdimen 16\font =2.47pt\relax \fontdimen 17\font
(fontspec)             =2.47pt\relax \fontdimen 18\font =2.5pt\relax
(fontspec)             \fontdimen 19\font =2.0pt\relax \fontdimen 22\font
(fontspec)             =2.5pt\relax \fontdimen 20\font =0pt\relax \fontdimen
(fontspec)             21\font =0pt\relax }].
(fontspec)              
(fontspec)              This font family consists of the following NFSS
(fontspec)             series/shapes:
(fontspec)              
(fontspec)             - 'normal' (m/n) with NFSS spec.:
(fontspec)             <8.5->s*[1.000096459334209]"[latinmodern-math.otf]/OT:sc
ript=math;language=dflt;"<6-8.5>s*[1.000096459334209]"[latinmodern-math.otf]/OT
:script=math;language=dflt;+ssty=0;"<-6>s*[1.000096459334209]"[latinmodern-math
.otf]/OT:script=math;language=dflt;+ssty=1;"
(fontspec)             - 'small caps'  (m/sc) with NFSS spec.: 
(fontspec)             and font adjustment code:
(fontspec)             \fontdimen 8\font =6.77pt\relax \fontdimen 9\font
(fontspec)             =3.94pt\relax \fontdimen 10\font =4.44pt\relax
(fontspec)             \fontdimen 11\font =6.86pt\relax \fontdimen 12\font
(fontspec)             =3.45pt\relax \fontdimen 13\font =3.63pt\relax
(fontspec)             \fontdimen 14\font =3.63pt\relax \fontdimen 15\font
(fontspec)             =2.89pt\relax \fontdimen 16\font =2.47pt\relax
(fontspec)             \fontdimen 17\font =2.47pt\relax \fontdimen 18\font
(fontspec)             =2.5pt\relax \fontdimen 19\font =2.0pt\relax \fontdimen
(fontspec)             22\font =2.5pt\relax \fontdimen 20\font =0pt\relax
(fontspec)             \fontdimen 21\font =0pt\relax 
(fontspec)             - 'bold' (b/n) with NFSS spec.:
(fontspec)             <->s*[1.000096459334209]"[latinmodern-math.otf]/OT:scrip
t=math;language=dflt;"
(fontspec)             - 'bold small caps'  (b/sc) with NFSS spec.: 
(fontspec)             and font adjustment code:
(fontspec)             \fontdimen 8\font =6.77pt\relax \fontdimen 9\font
(fontspec)             =3.94pt\relax \fontdimen 10\font =4.44pt\relax
(fontspec)             \fontdimen 11\font =6.86pt\relax \fontdimen 12\font
(fontspec)             =3.45pt\relax \fontdimen 13\font =3.63pt\relax
(fontspec)             \fontdimen 14\font =3.63pt\relax \fontdimen 15\font
(fontspec)             =2.89pt\relax \fontdimen 16\font =2.47pt\relax
(fontspec)             \fontdimen 17\font =2.47pt\relax \fontdimen 18\font
(fontspec)             =2.5pt\relax \fontdimen 19\font =2.0pt\relax \fontdimen
(fontspec)             22\font =2.5pt\relax \fontdimen 20\font =0pt\relax
(fontspec)             \fontdimen 21\font =0pt\relax 

LaTeX Font Info:    Encoding `OMS' has changed to `TU' for symbol font
(Font)              `symbols' in the math version `normal' on input line 248.
LaTeX Font Info:    Overwriting symbol font `symbols' in version `normal'
(Font)                  OMS/lmsy/m/n --> TU/latinmodern-math.otf(2)/m/n on inpu
t line 248.
LaTeX Font Info:    Encoding `OMS' has changed to `TU' for symbol font
(Font)              `symbols' in the math version `bold' on input line 248.
LaTeX Font Info:    Overwriting symbol font `symbols' in version `bold'
(Font)                  OMS/lmsy/b/n --> TU/latinmodern-math.otf(2)/b/n on inpu
t line 248.

Package fontspec Info: latinmodern-math scale = 0.9999964596882403.


Package fontspec Info: latinmodern-math scale = 0.9998964600422715.


Package fontspec Info: latinmodern-math scale = 0.9999964596882403.


Package fontspec Info: latinmodern-math scale = 0.9998964600422715.


Package fontspec Info: latinmodern-math scale = 0.9999964596882403.


Package fontspec Info: latinmodern-math scale = 0.9998964600422715.


Package fontspec Info: latinmodern-math scale = 0.9999964596882403.


Package fontspec Info: latinmodern-math scale = 0.9998964600422715.


Package fontspec Info: latinmodern-math scale = 0.9999964596882403.


Package fontspec Info: latinmodern-math scale = 0.9998964600422715.


Package fontspec Info: Font family 'latinmodern-math.otf(3)' created for font
(fontspec)             'latinmodern-math.otf' with options
(fontspec)             [Scale=MatchLowercase,BoldItalicFont={},ItalicFont={},Sm
allCapsFont={},Script=Math,SizeFeatures={{Size=8.5-},{Size=6-8.5,Font=latinmode
rn-math.otf,Style=MathScript},{Size=-6,Font=latinmodern-math.otf,Style=MathScri
ptScript}},BoldFont={latinmodern-math.otf},ScaleAgain=0.9999,FontAdjustment={\f
ontdimen
(fontspec)             8\font =0.4pt\relax \fontdimen 9\font =2.0pt\relax
(fontspec)             \fontdimen 10\font =1.67pt\relax \fontdimen 11\font
(fontspec)             =1.11pt\relax \fontdimen 12\font =6.0pt\relax
(fontspec)             \fontdimen 13\font =0pt\relax }].
(fontspec)              
(fontspec)              This font family consists of the following NFSS
(fontspec)             series/shapes:
(fontspec)              
(fontspec)             - 'normal' (m/n) with NFSS spec.:
(fontspec)             <8.5->s*[0.9998964600422715]"[latinmodern-math.otf]/OT:s
cript=math;language=dflt;"<6-8.5>s*[0.9998964600422715]"[latinmodern-math.otf]/
OT:script=math;language=dflt;+ssty=0;"<-6>s*[0.9998964600422715]"[latinmodern-m
ath.otf]/OT:script=math;language=dflt;+ssty=1;"
(fontspec)             - 'small caps'  (m/sc) with NFSS spec.: 
(fontspec)             and font adjustment code:
(fontspec)             \fontdimen 8\font =0.4pt\relax \fontdimen 9\font
(fontspec)             =2.0pt\relax \fontdimen 10\font =1.67pt\relax
(fontspec)             \fontdimen 11\font =1.11pt\relax \fontdimen 12\font
(fontspec)             =6.0pt\relax \fontdimen 13\font =0pt\relax 
(fontspec)             - 'bold' (b/n) with NFSS spec.:
(fontspec)             <->s*[0.9998964600422715]"[latinmodern-math.otf]/OT:scri
pt=math;language=dflt;"
(fontspec)             - 'bold small caps'  (b/sc) with NFSS spec.: 
(fontspec)             and font adjustment code:
(fontspec)             \fontdimen 8\font =0.4pt\relax \fontdimen 9\font
(fontspec)             =2.0pt\relax \fontdimen 10\font =1.67pt\relax
(fontspec)             \fontdimen 11\font =1.11pt\relax \fontdimen 12\font
(fontspec)             =6.0pt\relax \fontdimen 13\font =0pt\relax 

LaTeX Font Info:    Encoding `OMX' has changed to `TU' for symbol font
(Font)              `largesymbols' in the math version `normal' on input line 2
48.
LaTeX Font Info:    Overwriting symbol font `largesymbols' in version `normal'
(Font)                  OMX/lmex/m/n --> TU/latinmodern-math.otf(3)/m/n on inpu
t line 248.
LaTeX Font Info:    Encoding `OMX' has changed to `TU' for symbol font
(Font)              `largesymbols' in the math version `bold' on input line 248
.
LaTeX Font Info:    Overwriting symbol font `largesymbols' in version `bold'
(Font)                  OMX/lmex/m/n --> TU/latinmodern-math.otf(3)/b/n on inpu
t line 248.
LaTeX Info: Redefining \microtypecontext on input line 248.
Package microtype Info: Applying patch `item' on input line 248.
Package microtype Info: Applying patch `toc' on input line 248.
Package microtype Info: Applying patch `eqnum' on input line 248.
Package microtype Info: Applying patch `footnote' on input line 248.
Package microtype Info: Character protrusion enabled (level 2).
Package microtype Info: Using protrusion set `basicmath'.
Package microtype Info: No adjustment of tracking.
Package microtype Info: No adjustment of spacing.
Package microtype Info: No adjustment of kerning.
(/usr/share/texlive/texmf-dist/tex/latex/microtype/mt-LatinModernRoman.cfg
File: mt-LatinModernRoman.cfg 2021/02/21 v1.1 microtype config. file: Latin Mod
ern Roman (RS)
)
Package hyperref Info: Link coloring ON on input line 248.
(/usr/share/texlive/texmf-dist/tex/latex/hyperref/nameref.sty
Package: nameref 2021-04-02 v2.47 Cross-referencing by name of section
(/usr/share/texlive/texmf-dist/tex/latex/refcount/refcount.sty
Package: refcount 2019/12/15 v3.6 Data extraction from label references (HO)
) (/usr/share/texlive/texmf-dist/tex/generic/gettitlestring/gettitlestring.sty
Package: gettitlestring 2019/12/15 v1.6 Cleanup title references (HO)
)
\c@section@level=\count334
)
LaTeX Info: Redefining \ref on input line 248.
LaTeX Info: Redefining \pageref on input line 248.
LaTeX Info: Redefining \nameref on input line 248.
Package caption Info: Begin \AtBeginDocument code.
Package caption Info: float package is loaded.
Package caption Info: threeparttable package is loaded.
Package caption Info: wrapfig package is loaded.
Package caption Info: End \AtBeginDocument code.

Underfull \vbox (badness 10000) has occurred while \output is active []


Overfull \hbox (336.25pt too wide) has occurred while \output is active
[]
 []


Underfull \vbox (badness 10000) has occurred while \output is active []


Overfull \hbox (336.25pt too wide) has occurred while \output is active
[]
 []


Underfull \vbox (badness 10000) has occurred while \output is active []


Overfull \hbox (336.25pt too wide) has occurred while \output is active
[]
 []


Underfull \vbox (badness 10000) has occurred while \output is active []


Overfull \hbox (336.25pt too wide) has occurred while \output is active
[]
 []


Underfull \hbox (badness 10000) has occurred while \output is active
 [][][][] 
 []

[1



]
Underfull \vbox (badness 10000) has occurred while \output is active []


Overfull \hbox (336.25pt too wide) has occurred while \output is active
[]
 []


Underfull \vbox (badness 10000) has occurred while \output is active []


Overfull \hbox (336.25pt too wide) has occurred while \output is active
[]
 []


Underfull \vbox (badness 10000) has occurred while \output is active []


Overfull \hbox (336.25pt too wide) has occurred while \output is active
[]
 []


Underfull \vbox (badness 10000) has occurred while \output is active []


Overfull \hbox (336.25pt too wide) has occurred while \output is active
[]
 []


Underfull \hbox (badness 10000) has occurred while \output is active
 [][][][] 
 []

[2

]
Underfull \vbox (badness 10000) detected at line 268
 []


Overfull \hbox (336.25pt too wide) detected at line 268
[]
 []


Underfull \vbox (badness 10000) detected at line 268
 []


Overfull \hbox (336.25pt too wide) detected at line 268
[]
 []


Underfull \vbox (badness 10000) detected at line 268
 []


Overfull \hbox (336.25pt too wide) detected at line 268
[]
 []


Underfull \vbox (badness 10000) detected at line 268
 []


Overfull \hbox (336.25pt too wide) detected at line 268
[]
 []


Underfull \hbox (badness 10000) detected at line 268
[]
 []

(./bookdown.toc
LaTeX Font Info:    Font shape `TU/latinmodern-math.otf(1)/m/n' will be
(Font)              scaled to size 7.0pt on input line 6.
LaTeX Font Info:    Font shape `TU/latinmodern-math.otf(1)/m/n' will be
(Font)              scaled to size 5.0pt on input line 6.
LaTeX Font Info:    Trying to load font information for OML+lmm on input line 6
.
(/usr/share/texmf/tex/latex/lm/omllmm.fd
File: omllmm.fd 2009/10/30 v1.6 Font defs for Latin Modern
)
LaTeX Font Info:    Font shape `TU/latinmodern-math.otf(2)/m/n' will be
(Font)              scaled to size 10.00092pt on input line 6.
LaTeX Font Info:    Font shape `TU/latinmodern-math.otf(2)/m/n' will be
(Font)              scaled to size 7.00064pt on input line 6.
LaTeX Font Info:    Font shape `TU/latinmodern-math.otf(2)/m/n' will be
(Font)              scaled to size 5.00046pt on input line 6.
LaTeX Font Info:    Font shape `TU/latinmodern-math.otf(3)/m/n' will be
(Font)              scaled to size 9.99893pt on input line 6.
LaTeX Font Info:    Font shape `TU/latinmodern-math.otf(3)/m/n' will be
(Font)              scaled to size 6.99925pt on input line 6.
LaTeX Font Info:    Font shape `TU/latinmodern-math.otf(3)/m/n' will be
(Font)              scaled to size 4.99947pt on input line 6.
LaTeX Font Info:    Trying to load font information for U+msa on input line 6.
(/usr/share/texlive/texmf-dist/tex/latex/amsfonts/umsa.fd
File: umsa.fd 2013/01/14 v3.01 AMS symbols A
) (/usr/share/texlive/texmf-dist/tex/latex/microtype/mt-msa.cfg
File: mt-msa.cfg 2006/02/04 v1.1 microtype config. file: AMS symbols (a) (RS)
)
LaTeX Font Info:    Trying to load font information for U+msb on input line 6.
(/usr/share/texlive/texmf-dist/tex/latex/amsfonts/umsb.fd
File: umsb.fd 2013/01/14 v3.01 AMS symbols B
) (/usr/share/texlive/texmf-dist/tex/latex/microtype/mt-msb.cfg
File: mt-msb.cfg 2005/06/01 v1.0 microtype config. file: AMS symbols (b) (RS)
)
LaTeX Font Info:    Trying to load font information for OT1+lmr on input line 6
.
(/usr/share/texmf/tex/latex/lm/ot1lmr.fd
File: ot1lmr.fd 2009/10/30 v1.6 Font defs for Latin Modern
)
LaTeX Font Info:    Trying to load font information for OMS+lmsy on input line 
6.
(/usr/share/texmf/tex/latex/lm/omslmsy.fd
File: omslmsy.fd 2009/10/30 v1.6 Font defs for Latin Modern
)
Underfull \hbox (badness 10000) has occurred while \output is active
 [][][][] 
 []

[3]
LaTeX Font Info:    Font shape `TU/lmtt/bx/n' in size <10> not available
(Font)              Font shape `TU/lmtt/b/n' tried instead on input line 63.
[4] [5] [6] [7])
\tf@toc=\write5
\openout5 = `bookdown.toc'.

[8]
Underfull \vbox (badness 10000) detected at line 270
 []


Overfull \hbox (336.25pt too wide) detected at line 270
[]
 []


Underfull \vbox (badness 10000) detected at line 270
 []


Overfull \hbox (336.25pt too wide) detected at line 270
[]
 []


Underfull \vbox (badness 10000) detected at line 270
 []


Overfull \hbox (336.25pt too wide) detected at line 270
[]
 []


Underfull \vbox (badness 10000) detected at line 270
 []


Overfull \hbox (336.25pt too wide) detected at line 270
[]
 []


Underfull \hbox (badness 10000) detected at line 270
[]
 []


Package hyperref Warning: bookmark level for unknown fm defaults to 0.

(./bookdown.lot)
\tf@lot=\write6
\openout6 = `bookdown.lot'.


Underfull \hbox (badness 10000) has occurred while \output is active
 [][][][] 
 []

[9


]
Underfull \vbox (badness 10000) has occurred while \output is active []


Overfull \hbox (336.25pt too wide) has occurred while \output is active
[]
 []


Underfull \vbox (badness 10000) has occurred while \output is active []


Overfull \hbox (336.25pt too wide) has occurred while \output is active
[]
 []


Underfull \vbox (badness 10000) has occurred while \output is active []


Overfull \hbox (336.25pt too wide) has occurred while \output is active
[]
 []


Underfull \vbox (badness 10000) has occurred while \output is active []


Overfull \hbox (336.25pt too wide) has occurred while \output is active
[]
 []


Underfull \hbox (badness 10000) has occurred while \output is active
 [][][][] 
 []

[10

]
Underfull \vbox (badness 10000) detected at line 271
 []


Overfull \hbox (336.25pt too wide) detected at line 271
[]
 []


Underfull \vbox (badness 10000) detected at line 271
 []


Overfull \hbox (336.25pt too wide) detected at line 271
[]
 []


Underfull \vbox (badness 10000) detected at line 271
 []


Overfull \hbox (336.25pt too wide) detected at line 271
[]
 []


Underfull \vbox (badness 10000) detected at line 271
 []


Overfull \hbox (336.25pt too wide) detected at line 271
[]
 []


Underfull \hbox (badness 10000) detected at line 271
[]
 []

(./bookdown.lof)
\tf@lof=\write7
\openout7 = `bookdown.lof'.


Underfull \hbox (badness 10000) has occurred while \output is active
 [][][][] 
 []

[11

]
Underfull \vbox (badness 10000) has occurred while \output is active []


Overfull \hbox (336.25pt too wide) has occurred while \output is active
[]
 []


Underfull \vbox (badness 10000) has occurred while \output is active []


Overfull \hbox (336.25pt too wide) has occurred while \output is active
[]
 []


Underfull \vbox (badness 10000) has occurred while \output is active []


Overfull \hbox (336.25pt too wide) has occurred while \output is active
[]
 []


Underfull \vbox (badness 10000) has occurred while \output is active []


Overfull \hbox (336.25pt too wide) has occurred while \output is active
[]
 []


Underfull \hbox (badness 10000) has occurred while \output is active
 [][][][] 
 []

[12

]
Underfull \vbox (badness 10000) detected at line 273
 []


Overfull \hbox (336.25pt too wide) detected at line 273
[]
 []


Underfull \vbox (badness 10000) detected at line 273
 []


Overfull \hbox (336.25pt too wide) detected at line 273
[]
 []


Underfull \vbox (badness 10000) detected at line 273
 []


Overfull \hbox (336.25pt too wide) detected at line 273
[]
 []


Underfull \vbox (badness 10000) detected at line 273
 []


Overfull \hbox (336.25pt too wide) detected at line 273
[]
 []


Underfull \hbox (badness 10000) detected at line 273
[]
 []


Underfull \hbox (badness 10000) has occurred while \output is active
 [][][][] 
 []

[13

]
Underfull \vbox (badness 10000) has occurred while \output is active []


Overfull \hbox (336.25pt too wide) has occurred while \output is active
[]
 []


Underfull \vbox (badness 10000) has occurred while \output is active []


Overfull \hbox (336.25pt too wide) has occurred while \output is active
[]
 []


Underfull \vbox (badness 10000) has occurred while \output is active []


Overfull \hbox (336.25pt too wide) has occurred while \output is active
[]
 []


Underfull \vbox (badness 10000) has occurred while \output is active []


Overfull \hbox (336.25pt too wide) has occurred while \output is active
[]
 []


Underfull \hbox (badness 10000) has occurred while \output is active
 [][][][] 
 []

[14

]
Underfull \vbox (badness 10000) detected at line 281
 []


Overfull \hbox (336.25pt too wide) detected at line 281
[]
 []


Underfull \vbox (badness 10000) detected at line 281
 []


Overfull \hbox (336.25pt too wide) detected at line 281
[]
 []


Underfull \vbox (badness 10000) detected at line 281
 []


Overfull \hbox (336.25pt too wide) detected at line 281
[]
 []


Underfull \vbox (badness 10000) detected at line 281
 []


Overfull \hbox (336.25pt too wide) detected at line 281
[]
 []

Chapter 1.
LaTeX Font Info:    Font shape `TU/latinmodern-math.otf(1)/m/n' will be
(Font)              scaled to size 8.0pt on input line 288.
LaTeX Font Info:    Font shape `TU/latinmodern-math.otf(1)/m/n' will be
(Font)              scaled to size 6.0pt on input line 288.
LaTeX Font Info:    Font shape `TU/latinmodern-math.otf(2)/m/n' will be
(Font)              scaled to size 8.00073pt on input line 288.
LaTeX Font Info:    Font shape `TU/latinmodern-math.otf(2)/m/n' will be
(Font)              scaled to size 6.00055pt on input line 288.
LaTeX Font Info:    Font shape `TU/latinmodern-math.otf(3)/m/n' will be
(Font)              scaled to size 7.99915pt on input line 288.
LaTeX Font Info:    Font shape `TU/latinmodern-math.otf(3)/m/n' will be
(Font)              scaled to size 5.99936pt on input line 288.

Underfull \hbox (badness 10000) has occurred while \output is active
 [][][][] 
 []

[1


]
Overfull \hbox (35.16pt too wide) in paragraph at lines 334--357
 [][] 
 []

[2]
Overfull \hbox (4.75pt too wide) in paragraph at lines 394--394
[]    \TU/lmtt/m/n/10 by phobos.labs.example.com (Postfix) with ESMTP id 5AC994
415F[] 
 []


Overfull \hbox (57.25pt too wide) in paragraph at lines 394--394
[]    \TU/lmtt/m/n/10 for zzzz@localhost (single-drop); Fri, 23 Aug 2002 11:02:
59 +0100 (IST)[] 
 []

[3]
Overfull \hbox (46.75pt too wide) in paragraph at lines 432--432
[]    \TU/lmtt/m/n/10 for jm@localhost (single-drop); Tue, 01 Oct 2002 10:37:21
 +0100 (IST)[] 
 []


Overfull \hbox (31.0pt too wide) in paragraph at lines 432--432
[]    \TU/lmtt/m/n/10 dogma.slashnull.org (8.11.6/8.11.6) with ESMTP id g9180YK
15357 for[] 
 []


Overfull \hbox (78.25pt too wide) in paragraph at lines 432--432
[]\TU/lmtt/m/n/10 Disney has named a new president of Walt Disney Parks, replac
ing Paul Pressler,[] 
 []


Overfull \hbox (62.5pt too wide) in paragraph at lines 432--432
[]\TU/lmtt/m/n/10 the exec who did his damnedest to ruin Disneyland, slashing s
pending (at the[] 
 []


Overfull \hbox (36.25pt too wide) in paragraph at lines 432--432
[]\TU/lmtt/m/n/10 expense of safety and employee satisfaction), building the cr
aptastical[] 
 []


Overfull \hbox (57.25pt too wide) in paragraph at lines 432--432
[]\TU/lmtt/m/n/10 California Adventure, reducing the number of SKUs available f
or sale in the[] 
 []


Overfull \hbox (57.25pt too wide) in paragraph at lines 432--432
[]\TU/lmtt/m/n/10 Park stores, and so on. The new president, James Rasulo, used
 to be head of[] 
 []


Overfull \hbox (25.75pt too wide) in paragraph at lines 432--432
[]\TU/lmtt/m/n/10 [1] http://reuters.com/news_article.jhtml?type=search&StoryID
=1510778[] 
 []

[4]
Overfull \hbox (41.5pt too wide) in paragraph at lines 470--470
[]\TU/lmtt/m/n/10 ## -1.000 -1.000 -1.000 -1.000 -1.000 -1.000 -1.000 -0.631  0
.862 -0.167[] 
 []


Overfull \hbox (41.5pt too wide) in paragraph at lines 470--470
[]\TU/lmtt/m/n/10 ## -1.000 -1.000 -1.000 -1.000 -1.000 -1.000 -1.000 -1.000 -1
.000 -1.000[] 
 []


Overfull \hbox (41.5pt too wide) in paragraph at lines 470--470
[]\TU/lmtt/m/n/10 ## -1.000 -1.000 -0.992  0.297  1.000  0.307 -1.000 -1.000 -1
.000 -1.000[] 
 []


Overfull \hbox (41.5pt too wide) in paragraph at lines 470--470
[]\TU/lmtt/m/n/10 ## -1.000 -1.000 -1.000 -1.000 -1.000 -1.000 -1.000 -1.000 -0
.410  1.000[] 
 []


Overfull \hbox (41.5pt too wide) in paragraph at lines 470--470
[]\TU/lmtt/m/n/10 ##  0.986 -0.565 -1.000 -1.000 -1.000 -1.000 -1.000 -1.000 -1
.000 -1.000[] 
 []


Overfull \hbox (41.5pt too wide) in paragraph at lines 470--470
[]\TU/lmtt/m/n/10 ## -1.000 -1.000 -1.000 -0.683  0.825  1.000  0.562 -1.000 -1
.000 -1.000[] 
 []


Overfull \hbox (41.5pt too wide) in paragraph at lines 470--470
[]\TU/lmtt/m/n/10 ## -1.000 -1.000 -1.000 -1.000 -1.000 -1.000 -1.000 -1.000 -0
.938  0.540[] 
 []


Overfull \hbox (41.5pt too wide) in paragraph at lines 470--470
[]\TU/lmtt/m/n/10 ##  1.000  0.778 -0.715 -1.000 -1.000 -1.000 -1.000 -1.000 -1
.000 -1.000[] 
 []


Overfull \hbox (41.5pt too wide) in paragraph at lines 470--470
[]\TU/lmtt/m/n/10 ## -1.000 -1.000 -1.000 -1.000  0.100  1.000  0.922 -0.439 -1
.000 -1.000[] 
 []


Overfull \hbox (41.5pt too wide) in paragraph at lines 470--470
[]\TU/lmtt/m/n/10 ## -1.000 -1.000 -1.000 -1.000 -1.000 -1.000 -1.000 -1.000 -1
.000 -0.257[] 
 []


Overfull \hbox (41.5pt too wide) in paragraph at lines 470--470
[]\TU/lmtt/m/n/10 ##  0.950  1.000 -0.162 -1.000 -1.000 -1.000 -0.987 -0.714 -0
.832 -1.000[] 
 []


Overfull \hbox (41.5pt too wide) in paragraph at lines 470--470
[]\TU/lmtt/m/n/10 ## -1.000 -1.000 -1.000 -1.000 -0.797  0.909  1.000  0.300 -0
.961 -1.000[] 
 []


Overfull \hbox (41.5pt too wide) in paragraph at lines 470--470
[]\TU/lmtt/m/n/10 ## -1.000 -0.550  0.485  0.996  0.867  0.092 -1.000 -1.000 -1
.000 -1.000[] 
 []


Overfull \hbox (41.5pt too wide) in paragraph at lines 470--470
[]\TU/lmtt/m/n/10 ##  0.278  1.000  0.877 -0.824 -1.000 -0.905  0.145  0.977  1
.000  1.000[] 
 []


Overfull \hbox (41.5pt too wide) in paragraph at lines 470--470
[]\TU/lmtt/m/n/10 ##  1.000  0.990 -0.745 -1.000 -1.000 -0.950  0.847  1.000  0
.327 -1.000[] 
 []


Overfull \hbox (41.5pt too wide) in paragraph at lines 470--470
[]\TU/lmtt/m/n/10 ## -1.000  0.355  1.000  0.655 -0.109 -0.185  1.000  0.988 -0
.723 -1.000[] 
 []


Overfull \hbox (41.5pt too wide) in paragraph at lines 470--470
[]\TU/lmtt/m/n/10 ## -1.000 -0.630  1.000  1.000  0.068 -0.925  0.113  0.960  0
.308 -0.884[] 
 []


Overfull \hbox (41.5pt too wide) in paragraph at lines 470--470
[]\TU/lmtt/m/n/10 ## -1.000 -0.075  1.000  0.641 -0.995 -1.000 -1.000 -0.677  1
.000  1.000[] 
 []


Overfull \hbox (41.5pt too wide) in paragraph at lines 470--470
[]\TU/lmtt/m/n/10 ##  0.753  0.341  1.000  0.707 -0.942 -1.000 -1.000  0.545  1
.000  0.027[] 
 []

[5]
Overfull \hbox (41.5pt too wide) in paragraph at lines 470--470
[]\TU/lmtt/m/n/10 ## -1.000 -1.000 -1.000 -0.903  0.792  1.000  1.000  1.000  1
.000  0.536[] 
 []


Overfull \hbox (41.5pt too wide) in paragraph at lines 470--470
[]\TU/lmtt/m/n/10 ##  0.184  0.812  0.837  0.978  0.864 -0.630 -1.000 -1.000 -1
.000 -1.000[] 
 []


Overfull \hbox (41.5pt too wide) in paragraph at lines 470--470
[]\TU/lmtt/m/n/10 ## -0.452  0.828  1.000  1.000  1.000  1.000  1.000  1.000  1
.000  1.000[] 
 []


Overfull \hbox (41.5pt too wide) in paragraph at lines 470--470
[]\TU/lmtt/m/n/10 ##  0.135 -1.000 -1.000 -1.000 -1.000 -1.000 -1.000 -0.483  0
.813  1.000[] 
 []


Overfull \hbox (41.5pt too wide) in paragraph at lines 470--470
[]\TU/lmtt/m/n/10 ##  1.000  1.000  1.000  1.000  1.000  0.219 -0.943 -1.000 -1
.000 -1.000[] 
 []


Overfull \hbox (41.5pt too wide) in paragraph at lines 470--470
[]\TU/lmtt/m/n/10 ## -1.000 -1.000 -1.000 -1.000 -0.974 -0.429  0.304  0.823  1
.000  0.482[] 
 []

File: bookdown_files/figure-latex/digit-1.pdf Graphic file (type pdf)
<use bookdown_files/figure-latex/digit-1.pdf>
File: bookdown_files/figure-latex/25digits-1.pdf Graphic file (type pdf)
<use bookdown_files/figure-latex/25digits-1.pdf>
File: bookdown_files/figure-latex/25Sevens-1.pdf Graphic file (type pdf)
<use bookdown_files/figure-latex/25Sevens-1.pdf>
[6] [7]
Underfull \hbox (badness 10000) detected at line 505
 [][]
 []


Underfull \hbox (badness 10000) detected at line 505
[][][]
 []


Underfull \hbox (badness 10000) detected at line 507
 [][]
 []


Underfull \hbox (badness 10000) detected at line 507
[][][]
 []


Underfull \hbox (badness 10000) detected at line 509
 [][]
 []


Underfull \hbox (badness 10000) detected at line 509
[][][]
 []


Underfull \hbox (badness 10000) detected at line 511
 [][]
 []


Underfull \hbox (badness 10000) detected at line 511
[][][]
 []


Underfull \hbox (badness 10000) detected at line 513
 [][]
 []


Underfull \hbox (badness 10000) detected at line 513
[][][]
 []

[8] [9]
Underfull \vbox (badness 10000) has occurred while \output is active []


Overfull \hbox (336.25pt too wide) has occurred while \output is active
[]
 []


Underfull \vbox (badness 10000) has occurred while \output is active []


Overfull \hbox (336.25pt too wide) has occurred while \output is active
[]
 []


Underfull \vbox (badness 10000) has occurred while \output is active []


Overfull \hbox (336.25pt too wide) has occurred while \output is active
[]
 []


Underfull \vbox (badness 10000) has occurred while \output is active []


Overfull \hbox (336.25pt too wide) has occurred while \output is active
[]
 []


Underfull \hbox (badness 10000) has occurred while \output is active
 [][][][] 
 []

[10

]
Underfull \vbox (badness 10000) detected at line 532
 []


Overfull \hbox (336.25pt too wide) detected at line 532
[]
 []


Underfull \vbox (badness 10000) detected at line 532
 []


Overfull \hbox (336.25pt too wide) detected at line 532
[]
 []


Underfull \vbox (badness 10000) detected at line 532
 []


Overfull \hbox (336.25pt too wide) detected at line 532
[]
 []


Underfull \vbox (badness 10000) detected at line 532
 []


Overfull \hbox (336.25pt too wide) detected at line 532
[]
 []

Chapter 2.

Underfull \hbox (badness 10000) detected at line 540
 [][]
 []


Underfull \hbox (badness 10000) detected at line 540
[][][]
 []


Underfull \hbox (badness 10000) detected at line 542
 [][]
 []


Underfull \hbox (badness 10000) detected at line 542
[][][]
 []


Underfull \hbox (badness 10000) detected at line 544
 [][]
 []


Underfull \hbox (badness 10000) detected at line 544
[][][]
 []


Underfull \hbox (badness 10000) detected at line 546
 [][]
 []


Underfull \hbox (badness 10000) detected at line 546
[][][]
 []


Underfull \hbox (badness 10000) detected at line 548
 [][]
 []


Underfull \hbox (badness 10000) detected at line 548
[][][]
 []


Underfull \hbox (badness 10000) has occurred while \output is active
 [][][][] 
 []

[11

]
Underfull \hbox (badness 10000) detected at line 563
 [][]
 []


Underfull \hbox (badness 10000) detected at line 563
[][][]
 []


Underfull \hbox (badness 10000) detected at line 565
 [][]
 []


Underfull \hbox (badness 10000) detected at line 565
[][][]
 []


Underfull \hbox (badness 10000) detected at line 567
 [][]
 []


Underfull \hbox (badness 10000) detected at line 567
[][][]
 []


Underfull \hbox (badness 10000) detected at line 569
 [][]
 []


Underfull \hbox (badness 10000) detected at line 569
[][][]
 []


Underfull \hbox (badness 10000) detected at line 571
 [][]
 []


Underfull \hbox (badness 10000) detected at line 571
[][][]
 []


Underfull \hbox (badness 10000) detected at line 573
 [][]
 []


Underfull \hbox (badness 10000) detected at line 573
[][][]
 []


Underfull \hbox (badness 10000) detected at line 575
 [][]
 []


Underfull \hbox (badness 10000) detected at line 575
[][][]
 []


Underfull \hbox (badness 10000) detected at line 587
 [][]
 []


Underfull \hbox (badness 10000) detected at line 587
[][][]
 []


Underfull \hbox (badness 10000) detected at line 589
 [][]
 []


Underfull \hbox (badness 10000) detected at line 589
[][][]
 []


Underfull \hbox (badness 10000) detected at line 591
 [][]
 []


Underfull \hbox (badness 10000) detected at line 591
[][][]
 []


Underfull \hbox (badness 10000) detected at line 593
 [][]
 []


Underfull \hbox (badness 10000) detected at line 593
[][][]
 []


Underfull \hbox (badness 10000) detected at line 595
 [][]
 []


Underfull \hbox (badness 10000) detected at line 595
[][][]
 []

File: ../figures/RStudio.png Graphic file (type bmp)
<../figures/RStudio.png>
[12]
File: ../figures/rstudioDark.png Graphic file (type bmp)
<../figures/rstudioDark.png>
[13]
Underfull \hbox (badness 10000) detected at line 631
 [][]
 []


Underfull \hbox (badness 10000) detected at line 631
[][][]
 []

[14]
Underfull \hbox (badness 10000) detected at line 633
 [][]
 []


Underfull \hbox (badness 10000) detected at line 633
[][][]
 []

[15] [16] [17]
File: bookdown_files/figure-latex/unnamed-chunk-8-1.pdf Graphic file (type pdf)

<use bookdown_files/figure-latex/unnamed-chunk-8-1.pdf>
[18] [19] [20] [21] [22]
Underfull \vbox (badness 10000) detected at line 889
 []


Overfull \hbox (336.25pt too wide) detected at line 889
[]
 []


Underfull \vbox (badness 10000) detected at line 889
 []


Overfull \hbox (336.25pt too wide) detected at line 889
[]
 []


Underfull \vbox (badness 10000) detected at line 889
 []


Overfull \hbox (336.25pt too wide) detected at line 889
[]
 []


Underfull \vbox (badness 10000) detected at line 889
 []


Overfull \hbox (336.25pt too wide) detected at line 889
[]
 []

Chapter 3.

Underfull \hbox (badness 10000) has occurred while \output is active
 [][][][] 
 []

[23


] [24]
File: bookdown_files/figure-latex/unnamed-chunk-20-1.pdf Graphic file (type pdf
)
<use bookdown_files/figure-latex/unnamed-chunk-20-1.pdf>
[25]
File: bookdown_files/figure-latex/unnamed-chunk-22-1.pdf Graphic file (type pdf
)
<use bookdown_files/figure-latex/unnamed-chunk-22-1.pdf>
[26]
File: bookdown_files/figure-latex/unnamed-chunk-22-2.pdf Graphic file (type pdf
)
<use bookdown_files/figure-latex/unnamed-chunk-22-2.pdf>
[27]
File: ../figures/scriptWindow.png Graphic file (type bmp)
<../figures/scriptWindow.png>
File: figures/code_quality.png Graphic file (type bmp)
<figures/code_quality.png>
[28] [29] [30] [31]
File: ../figures/rmarkdownInputOutput.png Graphic file (type bmp)
<../figures/rmarkdownInputOutput.png>
[32] [33]
File: ../figures/listsPic.png Graphic file (type bmp)
<../figures/listsPic.png>
[34]
File: ../figures/headersAndLatex.png Graphic file (type bmp)
<../figures/headersAndLatex.png>
File: ../figures/latex.png Graphic file (type bmp)
<../figures/latex.png>

Underfull \hbox (badness 10000) detected at line 1229
 [][]
 []


Underfull \hbox (badness 10000) detected at line 1229
[][][]
 []


Underfull \hbox (badness 10000) detected at line 1231
 [][]
 []


Underfull \hbox (badness 10000) detected at line 1231
[][][]
 []


Underfull \hbox (badness 10000) detected at line 1233
 [][]
 []


Underfull \hbox (badness 10000) detected at line 1233
[][][]
 []


Underfull \hbox (badness 10000) detected at line 1235
 [][]
 []


Underfull \hbox (badness 10000) detected at line 1235
[][][]
 []

[35]
Underfull \hbox (badness 10000) detected at line 1237
 [][]
 []


Underfull \hbox (badness 10000) detected at line 1237
[][][]
 []


Underfull \hbox (badness 10000) detected at line 1239
 [][]
 []


Underfull \hbox (badness 10000) detected at line 1239
[][][]
 []


Underfull \hbox (badness 10000) detected at line 1241
 [][]
 []


Underfull \hbox (badness 10000) detected at line 1241
[][][]
 []

File: ../figures/chunks1.png Graphic file (type bmp)
<../figures/chunks1.png>
[36]
File: ../figures/chunks2.png Graphic file (type bmp)
<../figures/chunks2.png>
LaTeX Font Info:    Font shape `TU/lmtt/bx/n' in size <11> not available
(Font)              Font shape `TU/lmtt/b/n' tried instead on input line 1269.
[37] [38]

LaTeX Warning: `!h' float specifier changed to `!ht'.

[39]
Underfull \hbox (badness 10000) detected at line 1359
 [][]
 []


Underfull \hbox (badness 10000) detected at line 1359
[][][]
 []


Underfull \hbox (badness 10000) detected at line 1361
 [][]
 []


Underfull \hbox (badness 10000) detected at line 1361
[][][]
 []


Underfull \hbox (badness 10000) in paragraph at lines 1361--1363
[]\TU/lmtt/m/n/10 col.names = c([]Plot ($j$)[], []Tree ($i$)[], []$x$[], []$y$[
])
 []


Underfull \hbox (badness 10000) detected at line 1363
 [][]
 []


Underfull \hbox (badness 10000) detected at line 1363
[][][]
 []


Underfull \hbox (badness 10000) detected at line 1365
 [][]
 []


Underfull \hbox (badness 10000) detected at line 1365
[][][]
 []

[40] [41]
Underfull \vbox (badness 10000) has occurred while \output is active []


Overfull \hbox (336.25pt too wide) has occurred while \output is active
[]
 []


Underfull \vbox (badness 10000) has occurred while \output is active []


Overfull \hbox (336.25pt too wide) has occurred while \output is active
[]
 []


Underfull \vbox (badness 10000) has occurred while \output is active []


Overfull \hbox (336.25pt too wide) has occurred while \output is active
[]
 []


Underfull \vbox (badness 10000) has occurred while \output is active []


Overfull \hbox (336.25pt too wide) has occurred while \output is active
[]
 []


Underfull \hbox (badness 10000) has occurred while \output is active
 [][][][] 
 []

[42

]
Underfull \vbox (badness 10000) detected at line 1402
 []


Overfull \hbox (336.25pt too wide) detected at line 1402
[]
 []


Underfull \vbox (badness 10000) detected at line 1402
 []


Overfull \hbox (336.25pt too wide) detected at line 1402
[]
 []


Underfull \vbox (badness 10000) detected at line 1402
 []


Overfull \hbox (336.25pt too wide) detected at line 1402
[]
 []


Underfull \vbox (badness 10000) detected at line 1402
 []


Overfull \hbox (336.25pt too wide) detected at line 1402
[]
 []

Chapter 4.

Underfull \hbox (badness 10000) has occurred while \output is active
 [][][][] 
 []

[43

] [44]
Underfull \hbox (badness 10000) detected at line 1528
 [][]
 []


Underfull \hbox (badness 10000) detected at line 1528
[][][]
 []


Underfull \hbox (badness 10000) detected at line 1546
 [][]
 []


Underfull \hbox (badness 10000) detected at line 1546
[][][]
 []

[45]
Underfull \hbox (badness 10000) detected at line 1564
 [][]
 []


Underfull \hbox (badness 10000) detected at line 1564
[][][]
 []


Underfull \hbox (badness 10000) detected at line 1583
 [][]
 []


Underfull \hbox (badness 10000) detected at line 1583
[][][]
 []

[46] [47] [48] [49]
Overfull \hbox (62.5pt too wide) in paragraph at lines 1915--1915
[]\TU/lmtt/m/n/10 ## Error in weight[c(-1, 2)]: only 0[]s may be mixed with neg
ative subscripts[] 
 []

[50] [51] [52] [53] [54] [55] [56] [57] [58] [59] [60] [61] [62]
Overfull \hbox (67.75pt too wide) in paragraph at lines 2666--2666
[]\TU/lmtt/m/n/10 ## Error in temporaryList[[c(1, 2, 3)]]: recursive indexing f
ailed at level 2[] 
 []

[63]
Underfull \hbox (badness 10000) detected at line 2704
 [][]
 []


Underfull \hbox (badness 10000) detected at line 2704
[][][]
 []

[64]
Underfull \hbox (badness 10000) detected at line 2724
 [][]
 []


Underfull \hbox (badness 10000) detected at line 2724
[][][]
 []


Underfull \hbox (badness 10000) detected at line 2742
 [][]
 []


Underfull \hbox (badness 10000) detected at line 2742
[][][]
 []


Underfull \hbox (badness 10000) detected at line 2775
 [][]
 []


Underfull \hbox (badness 10000) detected at line 2775
[][][]
 []

[65]
Underfull \hbox (badness 10000) detected at line 2815
 [][]
 []


Underfull \hbox (badness 10000) detected at line 2815
[][][]
 []


Underfull \hbox (badness 10000) detected at line 2835
 [][]
 []


Underfull \hbox (badness 10000) detected at line 2835
[][][]
 []


Underfull \hbox (badness 10000) detected at line 2855
 [][]
 []


Underfull \hbox (badness 10000) detected at line 2855
[][][]
 []

[66] [67] [68] [69] [70]
Overfull \hbox (10.0pt too wide) in paragraph at lines 3160--3160
[]\TU/lmtt/m/n/10 ##  $ mpg : num  21 21 22.8 21.4 18.7 18.1 14.3 24.4 22.8 19.
2 ...[] 
 []


Overfull \hbox (20.5pt too wide) in paragraph at lines 3160--3160
[]\TU/lmtt/m/n/10 ##  $ drat: num  3.9 3.9 3.85 3.08 3.15 2.76 3.21 3.69 3.92 3
.92 ...[] 
 []

[71]
Overfull \hbox (4.75pt too wide) in paragraph at lines 3181--3181
[]\TU/lmtt/m/n/10 ##   ..$ Gender : chr [1:8] "female" "female" "male" "female"
 ...[] 
 []


Overfull \hbox (4.75pt too wide) in paragraph at lines 3181--3181
[]\TU/lmtt/m/n/10 ##   ..$ bp.meds: logi [1:8] TRUE TRUE FALSE TRUE FALSE FALSE
 ...[] 
 []


Overfull \hbox (20.5pt too wide) in paragraph at lines 3181--3181
[]\TU/lmtt/m/n/10 ##   .. ..$ Gender : chr [1:8] "female" "female" "male" "fema
le" ...[] 
 []


Overfull \hbox (20.5pt too wide) in paragraph at lines 3181--3181
[]\TU/lmtt/m/n/10 ##   .. ..$ bp.meds: logi [1:8] TRUE TRUE FALSE TRUE FALSE FA
LSE ...[] 
 []


Overfull \hbox (104.5pt too wide) in paragraph at lines 3206--3206
[]\TU/lmtt/m/n/10 ##  $ country                     : chr  "Andorra" "Andorra" 
"Andorra" "Andorra" ...[] 
 []


Overfull \hbox (157.0pt too wide) in paragraph at lines 3206--3206
[]\TU/lmtt/m/n/10 ##  $ year                        : int  1978 1979 1977 2007 
1976 2011 2012 2008 1980 1972 ...[] 
 []


Overfull \hbox (73.0pt too wide) in paragraph at lines 3206--3206
[]\TU/lmtt/m/n/10 ##  $ fertility.rate              : num  NA NA NA 1.18 NA NA 
NA 1.25 NA NA ...[] 
 []


Overfull \hbox (52.0pt too wide) in paragraph at lines 3206--3206
[]\TU/lmtt/m/n/10 ##  $ life.expectancy             : num  NA NA NA NA NA NA NA
 NA NA NA ...[] 
 []


Overfull \hbox (52.0pt too wide) in paragraph at lines 3206--3206
[]\TU/lmtt/m/n/10 ##  $ population                  : num  33746 34819 32769 81
292 31781 ...[] 
 []


Overfull \hbox (36.25pt too wide) in paragraph at lines 3206--3206
[]\TU/lmtt/m/n/10 ##  $ GDP.per.capita.Current.USD  : num  9128 11820 7751 3992
3 7152 ...[] 
 []


Overfull \hbox (52.0pt too wide) in paragraph at lines 3206--3206
[]\TU/lmtt/m/n/10 ##  $ X15.to.25.yr.female.literacy: num  NA NA NA NA NA NA NA
 NA NA NA ...[] 
 []


Overfull \hbox (20.5pt too wide) in paragraph at lines 3206--3206
[]\TU/lmtt/m/n/10 ##  $ iso3c                       : chr  "AND" "AND" "AND" "A
ND" ...[] 
 []


Overfull \hbox (818.5pt too wide) in paragraph at lines 3206--3206
[]\TU/lmtt/m/n/10 ##  $ region                      : chr  "Europe & Central As
ia (all income levels)" "Europe & Central Asia (all income levels)" "Europe & C
entral Asia (all income levels)" "Europe & Central Asia (all income levels)" ..
.[] 
 []


Overfull \hbox (293.5pt too wide) in paragraph at lines 3206--3206
[]\TU/lmtt/m/n/10 ##  $ capital                     : chr  "Andorra la Vella" "
Andorra la Vella" "Andorra la Vella" "Andorra la Vella" ...[] 
 []


Overfull \hbox (25.75pt too wide) in paragraph at lines 3206--3206
[]\TU/lmtt/m/n/10 ##  $ longitude                   : num  1.52 1.52 1.52 1.52 
1.52 ...[] 
 []


Overfull \hbox (25.75pt too wide) in paragraph at lines 3206--3206
[]\TU/lmtt/m/n/10 ##  $ latitude                    : num  42.5 42.5 42.5 42.5 
42.5 ...[] 
 []


Overfull \hbox (377.5pt too wide) in paragraph at lines 3206--3206
[]\TU/lmtt/m/n/10 ##  $ income                      : chr  "High income: nonOEC
D" "High income: nonOECD" "High income: nonOECD" "High income: nonOECD" ...[] 
 []


Overfull \hbox (251.5pt too wide) in paragraph at lines 3206--3206
[]\TU/lmtt/m/n/10 ##  $ lending                     : chr  "Not classified" "No
t classified" "Not classified" "Not classified" ...[] 
 []

[72] [73] [74] [75] [76] [77]
Underfull \vbox (badness 10000) has occurred while \output is active []


Overfull \hbox (336.25pt too wide) has occurred while \output is active
[]
 []


Underfull \vbox (badness 10000) has occurred while \output is active []


Overfull \hbox (336.25pt too wide) has occurred while \output is active
[]
 []


Underfull \vbox (badness 10000) has occurred while \output is active []


Overfull \hbox (336.25pt too wide) has occurred while \output is active
[]
 []


Underfull \vbox (badness 10000) has occurred while \output is active []


Overfull \hbox (336.25pt too wide) has occurred while \output is active
[]
 []


Underfull \hbox (badness 10000) has occurred while \output is active
 [][][][] 
 []

[78

]
Underfull \vbox (badness 10000) detected at line 3470
 []


Overfull \hbox (336.25pt too wide) detected at line 3470
[]
 []


Underfull \vbox (badness 10000) detected at line 3470
 []


Overfull \hbox (336.25pt too wide) detected at line 3470
[]
 []


Underfull \vbox (badness 10000) detected at line 3470
 []


Overfull \hbox (336.25pt too wide) detected at line 3470
[]
 []


Underfull \vbox (badness 10000) detected at line 3470
 []


Overfull \hbox (336.25pt too wide) detected at line 3470
[]
 []

Chapter 5.

Underfull \hbox (badness 10000) has occurred while \output is active
 [][][][] 
 []

[79

]
Overfull \hbox (10.0pt too wide) in paragraph at lines 3501--3501
[]\TU/lmtt/m/n/10 ##  $ Sepal.Width : num  3.5 3 3.2 3.1 3.6 3.9 3.4 3.4 2.9 3.
1 ...[] 
 []


Overfull \hbox (20.5pt too wide) in paragraph at lines 3501--3501
[]\TU/lmtt/m/n/10 ##  $ Petal.Length: num  1.4 1.4 1.3 1.5 1.4 1.7 1.4 1.5 1.4 
1.5 ...[] 
 []


Overfull \hbox (20.5pt too wide) in paragraph at lines 3501--3501
[]\TU/lmtt/m/n/10 ##  $ Petal.Width : num  0.2 0.2 0.2 0.2 0.2 0.4 0.3 0.2 0.2 
0.1 ...[] 
 []


Overfull \hbox (125.5pt too wide) in paragraph at lines 3501--3501
[]\TU/lmtt/m/n/10 ##  $ Species     : Factor w/ 3 levels "setosa","versicolor",
..: 1 1 1 1 1 1 1 1 1 1 ...[] 
 []

[80]
File: bookdown_files/figure-latex/unnamed-chunk-80-1.pdf Graphic file (type pdf
)
<use bookdown_files/figure-latex/unnamed-chunk-80-1.pdf>
File: bookdown_files/figure-latex/unnamed-chunk-81-1.pdf Graphic file (type pdf
)
<use bookdown_files/figure-latex/unnamed-chunk-81-1.pdf>
[81]
File: bookdown_files/figure-latex/unnamed-chunk-82-1.pdf Graphic file (type pdf
)
<use bookdown_files/figure-latex/unnamed-chunk-82-1.pdf>
[82]
File: bookdown_files/figure-latex/unnamed-chunk-83-1.pdf Graphic file (type pdf
)
<use bookdown_files/figure-latex/unnamed-chunk-83-1.pdf>
[83]
File: bookdown_files/figure-latex/unnamed-chunk-83-2.pdf Graphic file (type pdf
)
<use bookdown_files/figure-latex/unnamed-chunk-83-2.pdf>
[84]
File: bookdown_files/figure-latex/unnamed-chunk-84-1.pdf Graphic file (type pdf
)
<use bookdown_files/figure-latex/unnamed-chunk-84-1.pdf>
File: bookdown_files/figure-latex/unnamed-chunk-84-2.pdf Graphic file (type pdf
)
<use bookdown_files/figure-latex/unnamed-chunk-84-2.pdf>
[85]
File: bookdown_files/figure-latex/unnamed-chunk-85-1.pdf Graphic file (type pdf
)
<use bookdown_files/figure-latex/unnamed-chunk-85-1.pdf>
[86]
File: bookdown_files/figure-latex/unnamed-chunk-86-1.pdf Graphic file (type pdf
)
<use bookdown_files/figure-latex/unnamed-chunk-86-1.pdf>
[87]
File: bookdown_files/figure-latex/unnamed-chunk-87-1.pdf Graphic file (type pdf
)
<use bookdown_files/figure-latex/unnamed-chunk-87-1.pdf>
[88]
File: bookdown_files/figure-latex/unnamed-chunk-88-1.pdf Graphic file (type pdf
)
<use bookdown_files/figure-latex/unnamed-chunk-88-1.pdf>
[89]
Overfull \hbox (73.0pt too wide) in paragraph at lines 3684--3684
[]\TU/lmtt/m/n/10 ##  $ state              : chr  "Alabama " "Alaska " "Arizona
 " "Arkansas" ...[] 
 []


Overfull \hbox (46.75pt too wide) in paragraph at lines 3684--3684
[]\TU/lmtt/m/n/10 ##  $ murder             : num  8.2 4.8 7.5 6.7 6.9 3.7 2.9 4
.4 5 6.2 ...[] 
 []


Overfull \hbox (88.75pt too wide) in paragraph at lines 3684--3684
[]\TU/lmtt/m/n/10 ##  $ Forcible_rate      : num  34.3 81.1 33.8 42.9 26 43.4 2
0 44.7 37.1 23.6 ...[] 
 []


Overfull \hbox (267.25pt too wide) in paragraph at lines 3684--3684
[]\TU/lmtt/m/n/10 ##  $ population         : int  4627851 686293 6500180 285539
0 36756666 4861515 3501252 873092 18328340 9685744 ...[] 
 []

File: bookdown_files/figure-latex/unnamed-chunk-89-1.pdf Graphic file (type pdf
)
<use bookdown_files/figure-latex/unnamed-chunk-89-1.pdf>
[90]
File: bookdown_files/figure-latex/unnamed-chunk-90-1.pdf Graphic file (type pdf
)
<use bookdown_files/figure-latex/unnamed-chunk-90-1.pdf>
[91]
File: bookdown_files/figure-latex/unnamed-chunk-91-1.pdf Graphic file (type pdf
)
<use bookdown_files/figure-latex/unnamed-chunk-91-1.pdf>
[92]
File: bookdown_files/figure-latex/unnamed-chunk-92-1.pdf Graphic file (type pdf
)
<use bookdown_files/figure-latex/unnamed-chunk-92-1.pdf>
[93]
File: bookdown_files/figure-latex/unnamed-chunk-93-1.pdf Graphic file (type pdf
)
<use bookdown_files/figure-latex/unnamed-chunk-93-1.pdf>
[94] [95]
File: bookdown_files/figure-latex/unnamed-chunk-95-1.pdf Graphic file (type pdf
)
<use bookdown_files/figure-latex/unnamed-chunk-95-1.pdf>
[96]
File: bookdown_files/figure-latex/unnamed-chunk-97-1.pdf Graphic file (type pdf
)
<use bookdown_files/figure-latex/unnamed-chunk-97-1.pdf>
[97]
File: bookdown_files/figure-latex/unnamed-chunk-98-1.pdf Graphic file (type pdf
)
<use bookdown_files/figure-latex/unnamed-chunk-98-1.pdf>
[98]
File: bookdown_files/figure-latex/unnamed-chunk-99-1.pdf Graphic file (type pdf
)
<use bookdown_files/figure-latex/unnamed-chunk-99-1.pdf>
[99]
File: bookdown_files/figure-latex/unnamed-chunk-100-1.pdf Graphic file (type pd
f)
<use bookdown_files/figure-latex/unnamed-chunk-100-1.pdf>
[100] [101]
File: bookdown_files/figure-latex/unnamed-chunk-102-1.pdf Graphic file (type pd
f)
<use bookdown_files/figure-latex/unnamed-chunk-102-1.pdf>
File: bookdown_files/figure-latex/unnamed-chunk-102-2.pdf Graphic file (type pd
f)
<use bookdown_files/figure-latex/unnamed-chunk-102-2.pdf>
[102]
File: bookdown_files/figure-latex/unnamed-chunk-102-3.pdf Graphic file (type pd
f)
<use bookdown_files/figure-latex/unnamed-chunk-102-3.pdf>
[103]
File: bookdown_files/figure-latex/unnamed-chunk-103-1.pdf Graphic file (type pd
f)
<use bookdown_files/figure-latex/unnamed-chunk-103-1.pdf>
File: bookdown_files/figure-latex/unnamed-chunk-104-1.pdf Graphic file (type pd
f)
<use bookdown_files/figure-latex/unnamed-chunk-104-1.pdf>
[104]
Underfull \hbox (badness 10000) in paragraph at lines 3988--3989
\TU/lmtt/m/n/10 theme_classic()\TU/lmr/m/n/10 , \TU/lmtt/m/n/10 theme_dark()\TU
/lmr/m/n/10 , \TU/lmtt/m/n/10 theme_gray()\TU/lmr/m/n/10 , \TU/lmtt/m/n/10 them
e_light()\TU/lmr/m/n/10 ,
 []


Underfull \hbox (badness 10000) in paragraph at lines 3988--3989
\TU/lmtt/m/n/10 theme_linedraw()\TU/lmr/m/n/10 , \TU/lmtt/m/n/10 theme_minimal(
)\TU/lmr/m/n/10 , and \TU/lmtt/m/n/10 theme_void()\TU/lmr/m/n/10 . Changing
 []

File: bookdown_files/figure-latex/unnamed-chunk-105-1.pdf Graphic file (type pd
f)
<use bookdown_files/figure-latex/unnamed-chunk-105-1.pdf>
[105]
File: bookdown_files/figure-latex/unnamed-chunk-106-1.pdf Graphic file (type pd
f)
<use bookdown_files/figure-latex/unnamed-chunk-106-1.pdf>
[106] [107] [108] [109]
Underfull \vbox (badness 10000) has occurred while \output is active []


Overfull \hbox (336.25pt too wide) has occurred while \output is active
[]
 []


Underfull \vbox (badness 10000) has occurred while \output is active []


Overfull \hbox (336.25pt too wide) has occurred while \output is active
[]
 []


Underfull \vbox (badness 10000) has occurred while \output is active []


Overfull \hbox (336.25pt too wide) has occurred while \output is active
[]
 []


Underfull \vbox (badness 10000) has occurred while \output is active []


Overfull \hbox (336.25pt too wide) has occurred while \output is active
[]
 []


Underfull \hbox (badness 10000) has occurred while \output is active
 [][][][] 
 []

[110

]
Underfull \vbox (badness 10000) detected at line 4061
 []


Overfull \hbox (336.25pt too wide) detected at line 4061
[]
 []


Underfull \vbox (badness 10000) detected at line 4061
 []


Overfull \hbox (336.25pt too wide) detected at line 4061
[]
 []


Underfull \vbox (badness 10000) detected at line 4061
 []


Overfull \hbox (336.25pt too wide) detected at line 4061
[]
 []


Underfull \vbox (badness 10000) detected at line 4061
 []


Overfull \hbox (336.25pt too wide) detected at line 4061
[]
 []

Chapter 6.

Underfull \hbox (badness 10000) has occurred while \output is active
 [][][][] 
 []

[111

]
Underfull \hbox (badness 10000) detected at line 4125
 [][]
 []


Underfull \hbox (badness 10000) detected at line 4125
[][][]
 []


Underfull \hbox (badness 10000) in paragraph at lines 4125--4127
\TU/lmtt/m/n/10 https://www.finley-lab.com/files/data/BrainAndBody.csv
 []

[112]
Underfull \hbox (badness 10000) detected at line 4127
 [][]
 []


Underfull \hbox (badness 10000) detected at line 4127
[][][]
 []


Underfull \hbox (badness 10000) detected at line 4129
 [][]
 []


Underfull \hbox (badness 10000) detected at line 4129
[][][]
 []


Underfull \hbox (badness 10000) detected at line 4131
 [][]
 []


Underfull \hbox (badness 10000) detected at line 4131
[][][]
 []

[113]
Overfull \hbox (251.5pt too wide) in paragraph at lines 4192--4192
[]\TU/lmtt/m/n/10 ## Error in scan(file = file, what = what, sep = sep, quote =
 quote, dec = dec, : line 1 did not have 5 elements[] 
 []

[114] [115] [116] [117] [118]
Overfull \hbox (109.75pt too wide) in paragraph at lines 4437--4437
[]\TU/lmtt/m/n/10 ##  $ EST                      : chr  "2014-1-1" "2014-1-2" "
2014-1-3" "2014-1-4" ...[] 
 []


Overfull \hbox (31.0pt too wide) in paragraph at lines 4437--4437
[]\TU/lmtt/m/n/10 ##  $ Max.TemperatureF         : int  14 13 13 31 29 16 2 17 
21 39 ...[] 
 []


Overfull \hbox (15.25pt too wide) in paragraph at lines 4437--4437
[]\TU/lmtt/m/n/10 ##  $ Mean.TemperatureF        : int  12 5 1 22 23 2 -5 8 12 
30 ...[] 
 []


Overfull \hbox (41.5pt too wide) in paragraph at lines 4437--4437
[]\TU/lmtt/m/n/10 ##  $ Min.TemperatureF         : int  9 -3 -11 13 16 -12 -13 
-1 2 21 ...[] 
 []


Overfull \hbox (15.25pt too wide) in paragraph at lines 4437--4437
[]\TU/lmtt/m/n/10 ##  $ Max.Dew.PointF           : int  9 7 2 27 27 11 -6 7 18 
37 ...[] 
 []


Overfull \hbox (20.5pt too wide) in paragraph at lines 4437--4437
[]\TU/lmtt/m/n/10 ##  $ MeanDew.PointF           : int  4 4 -5 18 21 -4 -13 1 8
 28 ...[] 
 []

[119]
Overfull \hbox (36.25pt too wide) in paragraph at lines 4437--4437
[]\TU/lmtt/m/n/10 ##  $ Min.DewpointF            : int  0 -8 -14 3 11 -18 -18 -
6 0 19 ...[] 
 []


Overfull \hbox (41.5pt too wide) in paragraph at lines 4437--4437
[]\TU/lmtt/m/n/10 ##  $ Max.Humidity             : int  88 76 83 92 92 80 78 88
 88 100 ...[] 
 []


Overfull \hbox (36.25pt too wide) in paragraph at lines 4437--4437
[]\TU/lmtt/m/n/10 ##  $ Mean.Humidity            : int  76 70 68 73 86 73 72 78
 75 92 ...[] 
 []


Overfull \hbox (36.25pt too wide) in paragraph at lines 4437--4437
[]\TU/lmtt/m/n/10 ##  $ Min.Humidity             : int  63 63 53 53 80 65 65 67
 62 84 ...[] 
 []


Overfull \hbox (10.0pt too wide) in paragraph at lines 4437--4437
[]\TU/lmtt/m/n/10 ##  $ Min.Sea.Level.PressureIn : num  30.2 30.1 30.1 29.9 29.
7 ...[] 
 []


Overfull \hbox (20.5pt too wide) in paragraph at lines 4437--4437
[]\TU/lmtt/m/n/10 ##  $ Max.VisibilityMiles      : int  10 9 10 10 4 10 10 10 1
0 9 ...[] 
 []


Overfull \hbox (36.25pt too wide) in paragraph at lines 4437--4437
[]\TU/lmtt/m/n/10 ##  $ Max.Wind.SpeedMPH        : int  17 22 23 28 22 31 25 15
 14 17 ...[] 
 []


Overfull \hbox (20.5pt too wide) in paragraph at lines 4437--4437
[]\TU/lmtt/m/n/10 ##  $ Mean.Wind.SpeedMPH       : int  9 13 10 15 11 18 15 7 6
 10 ...[] 
 []


Overfull \hbox (36.25pt too wide) in paragraph at lines 4437--4437
[]\TU/lmtt/m/n/10 ##  $ Max.Gust.SpeedMPH        : int  22 30 32 36 30 40 31 18
 17 22 ...[] 
 []


Overfull \hbox (25.75pt too wide) in paragraph at lines 4437--4437
[]\TU/lmtt/m/n/10 ##  $ PrecipitationIn          : chr  "0.08" "0.01" "0.00" "0
.12" ...[] 
 []


Overfull \hbox (25.75pt too wide) in paragraph at lines 4437--4437
[]\TU/lmtt/m/n/10 ##  $ Events                   : chr  "Snow" "Snow" "Snow" "S
now" ...[] 
 []


Overfull \hbox (67.75pt too wide) in paragraph at lines 4437--4437
[]\TU/lmtt/m/n/10 ##  $ WindDirDegrees           : int  43 24 205 203 9 262 220
 236 147 160 ...[] 
 []

[120]
Underfull \hbox (badness 10000) detected at line 4498
 [][]
 []


Underfull \hbox (badness 10000) detected at line 4498
[][][]
 []


Underfull \hbox (badness 10000) detected at line 4500
 [][]
 []


Underfull \hbox (badness 10000) detected at line 4500
[][][]
 []


Underfull \hbox (badness 10000) detected at line 4502
 [][]
 []


Underfull \hbox (badness 10000) detected at line 4502
[][][]
 []

[121]
Underfull \hbox (badness 10000) detected at line 4551
 [][]
 []


Underfull \hbox (badness 10000) detected at line 4551
[][][]
 []


Underfull \hbox (badness 10000) detected at line 4553
 [][]
 []


Underfull \hbox (badness 10000) detected at line 4553
[][][]
 []

[122]
Overfull \hbox (78.25pt too wide) in paragraph at lines 4606--4606
[]\TU/lmtt/m/n/10 ##  $ country  : Factor w/ 142 levels "Afghanistan",..: 1 1 1
 1 1 1 1 1 1 1 ...[] 
 []


Overfull \hbox (99.25pt too wide) in paragraph at lines 4606--4606
[]\TU/lmtt/m/n/10 ##  $ continent: Factor w/ 5 levels "Africa","Americas",..: 3
 3 3 3 3 3 3 3 3 3 ...[] 
 []


Overfull \hbox (99.25pt too wide) in paragraph at lines 4606--4606
[]\TU/lmtt/m/n/10 ##  $ year     : int [1:1704] 1952 1957 1962 1967 1972 1977 1
982 1987 1992 1997 ...[] 
 []


Overfull \hbox (298.75pt too wide) in paragraph at lines 4606--4606
[]\TU/lmtt/m/n/10 ##  $ pop      : int [1:1704] 8425333 9240934 10267083 115379
66 13079460 14880372 12881816 13867957 16317921 22227415 ...[] 
 []


Overfull \hbox (78.25pt too wide) in paragraph at lines 4629--4629
[]\TU/lmtt/m/n/10 ##  $ country  : Factor w/ 142 levels "Afghanistan",..: 1 1 1
 1 1 1 1 1 1 1 ...[] 
 []


Overfull \hbox (99.25pt too wide) in paragraph at lines 4629--4629
[]\TU/lmtt/m/n/10 ##  $ continent: Factor w/ 5 levels "Africa","Americas",..: 3
 3 3 3 3 3 3 3 3 3 ...[] 
 []


Overfull \hbox (99.25pt too wide) in paragraph at lines 4629--4629
[]\TU/lmtt/m/n/10 ##  $ year     : int [1:1704] 1952 1957 1962 1967 1972 1977 1
982 1987 1992 1997 ...[] 
 []


Overfull \hbox (298.75pt too wide) in paragraph at lines 4629--4629
[]\TU/lmtt/m/n/10 ##  $ pop      : int [1:1704] 8425333 9240934 10267083 115379
66 13079460 14880372 12881816 13867957 16317921 22227415 ...[] 
 []

[123]
Overfull \hbox (73.0pt too wide) in paragraph at lines 4629--4629
[]\TU/lmtt/m/n/10 ##  $ TotalGDP : num [1:1704] 6.57e+09 7.59e+09 8.76e+09 9.65
e+09 9.68e+09 ...[] 
 []


Overfull \hbox (78.25pt too wide) in paragraph at lines 4649--4649
[]\TU/lmtt/m/n/10 ##  $ country  : Factor w/ 142 levels "Afghanistan",..: 1 1 1
 1 1 1 1 1 1 1 ...[] 
 []


Overfull \hbox (99.25pt too wide) in paragraph at lines 4649--4649
[]\TU/lmtt/m/n/10 ##  $ continent: Factor w/ 5 levels "Africa","Americas",..: 3
 3 3 3 3 3 3 3 3 3 ...[] 
 []


Overfull \hbox (99.25pt too wide) in paragraph at lines 4649--4649
[]\TU/lmtt/m/n/10 ##  $ year     : int [1:1704] 1952 1957 1962 1967 1972 1977 1
982 1987 1992 1997 ...[] 
 []


Overfull \hbox (298.75pt too wide) in paragraph at lines 4649--4649
[]\TU/lmtt/m/n/10 ##  $ pop      : int [1:1704] 8425333 9240934 10267083 115379
66 13079460 14880372 12881816 13867957 16317921 22227415 ...[] 
 []


Overfull \hbox (78.25pt too wide) in paragraph at lines 4667--4667
[]\TU/lmtt/m/n/10 ##  $ country  : Factor w/ 142 levels "Afghanistan",..: 1 1 1
 1 1 1 1 1 1 1 ...[] 
 []


Overfull \hbox (99.25pt too wide) in paragraph at lines 4667--4667
[]\TU/lmtt/m/n/10 ##  $ continent: Factor w/ 5 levels "Africa","Americas",..: 3
 3 3 3 3 3 3 3 3 3 ...[] 
 []


Overfull \hbox (99.25pt too wide) in paragraph at lines 4667--4667
[]\TU/lmtt/m/n/10 ##  $ year     : int [1:1704] 1952 1957 1962 1967 1972 1977 1
982 1987 1992 1997 ...[] 
 []


Overfull \hbox (298.75pt too wide) in paragraph at lines 4667--4667
[]\TU/lmtt/m/n/10 ##  $ pop      : int [1:1704] 8425333 9240934 10267083 115379
66 13079460 14880372 12881816 13867957 16317921 22227415 ...[] 
 []


Overfull \hbox (73.0pt too wide) in paragraph at lines 4667--4667
[]\TU/lmtt/m/n/10 ##  $ TotalGDP : num [1:1704] 6.57e+09 7.59e+09 8.76e+09 9.65
e+09 9.68e+09 ...[] 
 []


Overfull \hbox (99.25pt too wide) in paragraph at lines 4689--4689
[]\TU/lmtt/m/n/10 ##  $ country      : Factor w/ 142 levels "Afghanistan",..: 1
 1 1 1 1 1 1 1 1 1 ...[] 
 []


Overfull \hbox (120.25pt too wide) in paragraph at lines 4689--4689
[]\TU/lmtt/m/n/10 ##  $ continent    : Factor w/ 5 levels "Africa","Americas",.
.: 3 3 3 3 3 3 3 3 3 3 ...[] 
 []


Overfull \hbox (120.25pt too wide) in paragraph at lines 4689--4689
[]\TU/lmtt/m/n/10 ##  $ year         : int [1:1704] 1952 1957 1962 1967 1972 19
77 1982 1987 1992 1997 ...[] 
 []

[124]
Overfull \hbox (319.75pt too wide) in paragraph at lines 4689--4689
[]\TU/lmtt/m/n/10 ##  $ pop          : int [1:1704] 8425333 9240934 10267083 11
537966 13079460 14880372 12881816 13867957 16317921 22227415 ...[] 
 []


Overfull \hbox (94.0pt too wide) in paragraph at lines 4689--4689
[]\TU/lmtt/m/n/10 ##  $ TotalGDP     : num [1:1704] 6.57e+09 7.59e+09 8.76e+09 
9.65e+09 9.68e+09 ...[] 
 []


Overfull \hbox (99.25pt too wide) in paragraph at lines 4712--4712
[]\TU/lmtt/m/n/10 ##  $ country      : Factor w/ 142 levels "Afghanistan",..: 1
 1 1 1 1 1 1 1 1 1 ...[] 
 []


Overfull \hbox (120.25pt too wide) in paragraph at lines 4712--4712
[]\TU/lmtt/m/n/10 ##  $ continent    : Factor w/ 5 levels "Africa","Americas",.
.: 3 3 3 3 3 3 3 3 3 3 ...[] 
 []


Overfull \hbox (120.25pt too wide) in paragraph at lines 4712--4712
[]\TU/lmtt/m/n/10 ##  $ year         : int [1:1704] 1952 1957 1962 1967 1972 19
77 1982 1987 1992 1997 ...[] 
 []


Overfull \hbox (319.75pt too wide) in paragraph at lines 4712--4712
[]\TU/lmtt/m/n/10 ##  $ pop          : int [1:1704] 8425333 9240934 10267083 11
537966 13079460 14880372 12881816 13867957 16317921 22227415 ...[] 
 []


Overfull \hbox (94.0pt too wide) in paragraph at lines 4712--4712
[]\TU/lmtt/m/n/10 ##  $ TotalGDP     : num [1:1704] 6.57e+09 7.59e+09 8.76e+09 
9.65e+09 9.68e+09 ...[] 
 []


Overfull \hbox (78.25pt too wide) in paragraph at lines 4729--4729
[]\TU/lmtt/m/n/10 ##  $ country  : Factor w/ 142 levels "Afghanistan",..: 1 1 1
 1 1 1 1 1 1 1 ...[] 
 []


Overfull \hbox (99.25pt too wide) in paragraph at lines 4729--4729
[]\TU/lmtt/m/n/10 ##  $ continent: Factor w/ 5 levels "Africa","Americas",..: 3
 3 3 3 3 3 3 3 3 3 ...[] 
 []


Overfull \hbox (99.25pt too wide) in paragraph at lines 4729--4729
[]\TU/lmtt/m/n/10 ##  $ year     : int [1:1704] 1952 1957 1962 1967 1972 1977 1
982 1987 1992 1997 ...[] 
 []


Overfull \hbox (298.75pt too wide) in paragraph at lines 4729--4729
[]\TU/lmtt/m/n/10 ##  $ pop      : int [1:1704] 8425333 9240934 10267083 115379
66 13079460 14880372 12881816 13867957 16317921 22227415 ...[] 
 []

[125] [126] [127] [128] [129] [130] [131]
Underfull \hbox (badness 1721) in paragraph at lines 5098--5099
[]\TU/lmr/m/n/10 Here we specify the data frame (\TU/lmtt/m/n/10 data = religio
nLong\TU/lmr/m/n/10 ), the column
 []

[132] [133]
LaTeX Font Info:    Font shape `TU/lmtt/bx/n' in size <12> not available
(Font)              Font shape `TU/lmtt/b/n' tried instead on input line 5175.
[134] [135] [136]
Overfull \hbox (130.75pt too wide) in paragraph at lines 5332--5332
[]\TU/lmtt/m/n/10 ##  $ country  : chr [1:1704] "Afghanistan" "Afghanistan" "Af
ghanistan" "Afghanistan" ...[] 
 []


Overfull \hbox (99.25pt too wide) in paragraph at lines 5332--5332
[]\TU/lmtt/m/n/10 ##  $ year     : int [1:1704] 1952 1957 1962 1967 1972 1977 1
982 1987 1992 1997 ...[] 
 []


Overfull \hbox (62.5pt too wide) in paragraph at lines 5332--5332
[]\TU/lmtt/m/n/10 ##  $ pop      : num [1:1704] 8425333 9240934 10267083 115379
66 13079460 ...[] 
 []

[137] [138] [139] [140] [141] [142] [143] [144] [145] [146] [147] [148] [149] [
150] [151] [152] [153] [154] [155]
Underfull \vbox (badness 10000) has occurred while \output is active []


Overfull \hbox (336.25pt too wide) has occurred while \output is active
[]
 []


Underfull \vbox (badness 10000) has occurred while \output is active []


Overfull \hbox (336.25pt too wide) has occurred while \output is active
[]
 []


Underfull \vbox (badness 10000) has occurred while \output is active []


Overfull \hbox (336.25pt too wide) has occurred while \output is active
[]
 []


Underfull \vbox (badness 10000) has occurred while \output is active []


Overfull \hbox (336.25pt too wide) has occurred while \output is active
[]
 []


Underfull \hbox (badness 10000) has occurred while \output is active
 [][][][] 
 []

[156

]
Underfull \vbox (badness 10000) detected at line 6283
 []


Overfull \hbox (336.25pt too wide) detected at line 6283
[]
 []


Underfull \vbox (badness 10000) detected at line 6283
 []


Overfull \hbox (336.25pt too wide) detected at line 6283
[]
 []


Underfull \vbox (badness 10000) detected at line 6283
 []


Overfull \hbox (336.25pt too wide) detected at line 6283
[]
 []


Underfull \vbox (badness 10000) detected at line 6283
 []


Overfull \hbox (336.25pt too wide) detected at line 6283
[]
 []

Chapter 7.

Underfull \hbox (badness 10000) has occurred while \output is active
 [][][][] 
 []

[157

] [158] [159] [160] [161] [162]
Overfull \hbox (62.5pt too wide) in paragraph at lines 6602--6602
[]\TU/lmtt/m/n/10 ## Error in paired_t(1:5, 1:4): The input vectors  must have 
the same length[] 
 []

[163] [164]
Overfull \hbox (109.75pt too wide) in paragraph at lines 6726--6726
[]\TU/lmtt/m/n/10 ## Error in paired_t(1:5, 2:6, cl = 15): The confidence level
 must be between 0 and 1[] 
 []

[165] [166] [167] [168] [169] [170] [171]
Underfull \hbox (badness 10000) detected at line 7163
 [][]
 []


Underfull \hbox (badness 10000) detected at line 7163
[][][]
 []


Underfull \hbox (badness 10000) detected at line 7183
 [][]
 []


Underfull \hbox (badness 10000) detected at line 7183
[][][]
 []

[172] [173] [174] [175]
Underfull \hbox (badness 10000) detected at line 7393
 [][]
 []


Underfull \hbox (badness 10000) detected at line 7393
[][][]
 []


Underfull \hbox (badness 10000) detected at line 7395
 [][]
 []


Underfull \hbox (badness 10000) detected at line 7395
[][][]
 []


Underfull \hbox (badness 10000) detected at line 7397
 [][]
 []


Underfull \hbox (badness 10000) detected at line 7397
[][][]
 []


Overfull \hbox (83.5pt too wide) in paragraph at lines 7426--7426
[]\TU/lmtt/m/n/10 ## Error in tmp_function(1, f = 2): argument 2 matches multip
le formal arguments[] 
 []

[176]
Overfull \hbox (30.0pt too wide) in paragraph at lines 7435--7435
|  
 []

[177]
Overfull \hbox (25.75pt too wide) in paragraph at lines 7508--7508
[]\TU/lmtt/m/n/10 ## function (file, header = TRUE, sep = ",", quote = "\"", de
c = ".",[] 
 []


Overfull \hbox (25.75pt too wide) in paragraph at lines 7508--7508
[]\TU/lmtt/m/n/10 ## read.table(file = file, header = header, sep = sep, quote 
= quote,[] 
 []


Overfull \hbox (10.0pt too wide) in paragraph at lines 7545--7545
[]\TU/lmtt/m/n/10 ## Error in print(a * b): argument "b" is missing, with no de
fault[] 
 []

[178] [179]
Underfull \vbox (badness 10000) has occurred while \output is active []


Overfull \hbox (336.25pt too wide) has occurred while \output is active
[]
 []


Underfull \vbox (badness 10000) has occurred while \output is active []


Overfull \hbox (336.25pt too wide) has occurred while \output is active
[]
 []


Underfull \vbox (badness 10000) has occurred while \output is active []


Overfull \hbox (336.25pt too wide) has occurred while \output is active
[]
 []


Underfull \vbox (badness 10000) has occurred while \output is active []


Overfull \hbox (336.25pt too wide) has occurred while \output is active
[]
 []


Underfull \hbox (badness 10000) has occurred while \output is active
 [][][][] 
 []

[180

]
Underfull \vbox (badness 10000) detected at line 7580
 []


Overfull \hbox (336.25pt too wide) detected at line 7580
[]
 []


Underfull \vbox (badness 10000) detected at line 7580
 []


Overfull \hbox (336.25pt too wide) detected at line 7580
[]
 []


Underfull \vbox (badness 10000) detected at line 7580
 []


Overfull \hbox (336.25pt too wide) detected at line 7580
[]
 []


Underfull \vbox (badness 10000) detected at line 7580
 []


Overfull \hbox (336.25pt too wide) detected at line 7580
[]
 []

Chapter 8.
File: ../figures/Raster_vector_tikz.png Graphic file (type bmp)
<../figures/Raster_vector_tikz.png>

Underfull \hbox (badness 10000) has occurred while \output is active
 [][][][] 
 []

[181

] [182] [183] [184] [185] [186]
Overfull \hbox (109.75pt too wide) in paragraph at lines 7849--7849
[]\TU/lmtt/m/n/10 ## Source: "/home/jeffdoser/Dropbox/teaching/for875/textbook/
PEF", layer: "MU-bounds"[] 
 []

[187] [188]
Underfull \hbox (badness 10000) detected at line 7916
 [][]
 []


Underfull \hbox (badness 10000) detected at line 7916
[][][]
 []


Underfull \hbox (badness 10000) detected at line 7918
 [][]
 []


Underfull \hbox (badness 10000) detected at line 7918
[][][]
 []

[189] [190]
File: bookdown_files/figure-latex/unnamed-chunk-223-1.pdf Graphic file (type pd
f)
<use bookdown_files/figure-latex/unnamed-chunk-223-1.pdf>
[191]
Overfull \hbox (15.25pt too wide) in paragraph at lines 8014--8014
[]\TU/lmtt/m/n/10 ##  $ easting         : num  529699 529777 529774 529814 5298
50 ...[] 
 []


Overfull \hbox (41.5pt too wide) in paragraph at lines 8014--8014
[]\TU/lmtt/m/n/10 ##  $ northing        : num  4966333 4966471 4966265 4966336 
4966402 ...[] 
 []


Overfull \hbox (99.25pt too wide) in paragraph at lines 8014--8014
[]\TU/lmtt/m/n/10 ##  $ stems_ha        : int  5453 2629 3385 7742 7980 10047 5
039 5831 2505 7325 ...[] 
 []


Overfull \hbox (41.5pt too wide) in paragraph at lines 8014--8014
[]\TU/lmtt/m/n/10 ##  $ diameter_cm     : num  4.8 6.9 6.1 3.1 4.7 1.6 4.1 5.2 
5.7 3.3 ...[] 
 []


Overfull \hbox (62.5pt too wide) in paragraph at lines 8014--8014
[]\TU/lmtt/m/n/10 ##  $ basal_area_m2_ha: num  22 23.2 23 16.1 29.2 19.1 14.1 2
7.4 21.6 15 ...[] 
 []

[192] [193]
File: bookdown_files/figure-latex/unnamed-chunk-229-1.pdf Graphic file (type pd
f)
<use bookdown_files/figure-latex/unnamed-chunk-229-1.pdf>
[194] [195]
File: bookdown_files/figure-latex/unnamed-chunk-232-1.pdf Graphic file (type pd
f)
<use bookdown_files/figure-latex/unnamed-chunk-232-1.pdf>

Underfull \hbox (badness 10000) in paragraph at lines 8173--8173
[][][]\TU/lmr/m/n/8 Install the \TU/lmtt/m/n/8 RColorBrewer \TU/lmr/m/n/8 packa
ge and run \TU/lmtt/m/n/8 library(RColorBrewer);
 []

[196]
Overfull \hbox (88.75pt too wide) in paragraph at lines 8186--8186
[]\TU/lmtt/m/n/10 ## Source: "/home/jeffdoser/Dropbox/teaching/for875/textbook/
PEF", layer: "roads"[] 
 []


Overfull \hbox (151.75pt too wide) in paragraph at lines 8197--8197
[]\TU/lmtt/m/n/10 ## Warning in proj4string(mu): CRS object has comment, which 
is lost in output; in tests, see[] 
 []


Overfull \hbox (46.75pt too wide) in paragraph at lines 8197--8197
[]\TU/lmtt/m/n/10 ## https://cran.r-project.org/web/packages/sp/vignettes/CRS_w
arnings.html[] 
 []

File: bookdown_files/figure-latex/unnamed-chunk-233-1.pdf Graphic file (type pd
f)
<use bookdown_files/figure-latex/unnamed-chunk-233-1.pdf>
[197]
Underfull \hbox (badness 10000) detected at line 8240
 [][]
 []


Underfull \hbox (badness 10000) detected at line 8240
[][][]
 []

[198]
Underfull \hbox (badness 10000) detected at line 8242
 [][]
 []


Underfull \hbox (badness 10000) detected at line 8242
[][][]
 []


Underfull \hbox (badness 10000) in paragraph at lines 8242--8244
[]\TU/lmr/m/n/10 Add data layers to the map using layer functions
 []


Underfull \hbox (badness 10000) in paragraph at lines 8242--8244
\TU/lmr/m/n/10 such as, \TU/lmtt/m/n/10 addTiles()\TU/lmr/m/n/10 , \TU/lmtt/m/n
/10 addMarkers()\TU/lmr/m/n/10 , \TU/lmtt/m/n/10 addPolygons()\TU/lmr/m/n/10 ,
 []


Underfull \hbox (badness 10000) in paragraph at lines 8242--8244
\TU/lmtt/m/n/10 addCircleMarkers()\TU/lmr/m/n/10 , \TU/lmtt/m/n/10 addPolylines
()\TU/lmr/m/n/10 , \TU/lmtt/m/n/10 addRasterImage()
 []


Underfull \hbox (badness 10000) detected at line 8244
 [][]
 []


Underfull \hbox (badness 10000) detected at line 8244
[][][]
 []


Underfull \hbox (badness 10000) detected at line 8246
 [][]
 []


Underfull \hbox (badness 10000) detected at line 8246
[][][]
 []

File: ../figures/leaflet-here-i-am.png Graphic file (type bmp)
<../figures/leaflet-here-i-am.png>

Underfull \hbox (badness 10000) in paragraph at lines 8263--8265
[][][][]
 []

[199] [200]
File: bookdown_files/figure-latex/unnamed-chunk-239-1.pdf Graphic file (type pd
f)
<use bookdown_files/figure-latex/unnamed-chunk-239-1.pdf>
[201]
File: bookdown_files/figure-latex/unnamed-chunk-240-1.pdf Graphic file (type pd
f)
<use bookdown_files/figure-latex/unnamed-chunk-240-1.pdf>
[202] [203]
File: bookdown_files/figure-latex/unnamed-chunk-243-1.pdf Graphic file (type pd
f)
<use bookdown_files/figure-latex/unnamed-chunk-243-1.pdf>
[204]
Underfull \hbox (badness 10000) detected at line 8440
 [][]
 []


Underfull \hbox (badness 10000) detected at line 8440
[][][]
 []


Underfull \hbox (badness 10000) detected at line 8442
 [][]
 []


Underfull \hbox (badness 10000) detected at line 8442
[][][]
 []


Underfull \hbox (badness 10000) detected at line 8444
 [][]
 []


Underfull \hbox (badness 10000) detected at line 8444
[][][]
 []


Underfull \hbox (badness 10000) detected at line 8446
 [][]
 []


Underfull \hbox (badness 10000) detected at line 8446
[][][]
 []


Underfull \hbox (badness 10000) detected at line 8448
 [][]
 []


Underfull \hbox (badness 10000) detected at line 8448
[][][]
 []


Overfull \vbox (0.90009pt too high) detected at line 8474
 []

[205]
File: bookdown_files/figure-latex/unnamed-chunk-246-1.pdf Graphic file (type pd
f)
<use bookdown_files/figure-latex/unnamed-chunk-246-1.pdf>
[206]
Underfull \hbox (badness 1817) in paragraph at lines 8506--8506
\TU/lmr/m/n/8 gon IDs. Therefore a more reliable approach to getting a unique I
D is to use
 []

[207]
File: bookdown_files/figure-latex/unnamed-chunk-248-1.pdf Graphic file (type pd
f)
<use bookdown_files/figure-latex/unnamed-chunk-248-1.pdf>
[208]
File: bookdown_files/figure-latex/unnamed-chunk-249-1.pdf Graphic file (type pd
f)
<use bookdown_files/figure-latex/unnamed-chunk-249-1.pdf>
[209] [210]
Underfull \vbox (badness 10000) detected at line 8596
 []


Overfull \hbox (336.25pt too wide) detected at line 8596
[]
 []


Underfull \vbox (badness 10000) detected at line 8596
 []


Overfull \hbox (336.25pt too wide) detected at line 8596
[]
 []


Underfull \vbox (badness 10000) detected at line 8596
 []


Overfull \hbox (336.25pt too wide) detected at line 8596
[]
 []


Underfull \vbox (badness 10000) detected at line 8596
 []


Overfull \hbox (336.25pt too wide) detected at line 8596
[]
 []

Chapter 9.
File: figures/hello_shiny.png Graphic file (type bmp)
<figures/hello_shiny.png>

Underfull \hbox (badness 10000) has occurred while \output is active
 [][][][] 
 []

[211


] [212]
Underfull \hbox (badness 10000) detected at line 8640
 [][]
 []


Underfull \hbox (badness 10000) detected at line 8640
[][][]
 []


Underfull \hbox (badness 10000) detected at line 8642
 [][]
 []


Underfull \hbox (badness 10000) detected at line 8642
[][][]
 []


Underfull \hbox (badness 10000) detected at line 8644
 [][]
 []


Underfull \hbox (badness 10000) detected at line 8644
[][][]
 []


Underfull \hbox (badness 10000) detected at line 8646
 [][]
 []


Underfull \hbox (badness 10000) detected at line 8646
[][][]
 []

File: ../figures/appSimple.png Graphic file (type bmp)
<../figures/appSimple.png>
[213] [214] [215] [216] [217] [218]
Overfull \hbox (78.25pt too wide) in paragraph at lines 8871--8871
[]\TU/lmtt/m/n/10 ##  $ OBJECTID   : int  10330 10331 5986 5987 5988 5989 5990 
5991 5992 5993 ...[] 
 []


Overfull \hbox (52.0pt too wide) in paragraph at lines 8871--8871
[]\TU/lmtt/m/n/10 ##  $ Type       : Factor w/ 1 level "Campground": 1 1 1 1 1 
1 1 1 1 1 ...[] 
 []


Overfull \hbox (73.0pt too wide) in paragraph at lines 8871--8871
[]\TU/lmtt/m/n/10 ##  $ Detail_Type: Factor w/ 2 levels "","State Park": 2 2 2 
2 2 2 2 2 2 2 ...[] 
 []


Overfull \hbox (109.75pt too wide) in paragraph at lines 8871--8871
[]\TU/lmtt/m/n/10 ##  $ DISTRICT   : Factor w/ 8 levels "Baraga","Bay City",..:
 8 8 8 8 8 8 6 6 6 4 ...[] 
 []


Overfull \hbox (151.75pt too wide) in paragraph at lines 8871--8871
[]\TU/lmtt/m/n/10 ##  $ COUNTY     : Factor w/ 50 levels "Alcona","Baraga",..: 
10 10 27 27 27 27 47 47 47 7 ...[] 
 []


Overfull \hbox (130.75pt too wide) in paragraph at lines 8871--8871
[]\TU/lmtt/m/n/10 ##  $ FACILITY   : Factor w/ 76 levels "Algonac State Park",.
.: 58 58 7 7 6 7 1 1 1 2 ...[] 
 []


Overfull \hbox (115.0pt too wide) in paragraph at lines 8871--8871
[]\TU/lmtt/m/n/10 ##  $ Camp_type  : Factor w/ 7 levels "Equestrian","Group",..
: 3 5 3 5 6 6 3 3 5 3 ...[] 
 []


Overfull \hbox (157.0pt too wide) in paragraph at lines 8871--8871
[]\TU/lmtt/m/n/10 ##  $ name       : Factor w/ 114 levels "Algonac State Park  
",..: 88 88 11 9 8 10 2 3 1 4 ...[] 
 []


Overfull \hbox (25.75pt too wide) in paragraph at lines 8871--8871
[]\TU/lmtt/m/n/10 ##  $ Ownership  : Factor w/ 1 level "State": 1 1 1 1 1 1 1 1
 1 1 ...[] 
 []


Overfull \hbox (15.25pt too wide) in paragraph at lines 8871--8871
[]\TU/lmtt/m/n/10 ##  $ Management : Factor w/ 1 level "DNR": 1 1 1 1 1 1 1 1 1
 1 ...[] 
 []


Overfull \hbox (20.5pt too wide) in paragraph at lines 8871--8871
[]\TU/lmtt/m/n/10 ##  $ Surface    : Factor w/ 1 level "Dirt": 1 1 1 1 1 1 1 1 
1 1 ...[] 
 []


Overfull \hbox (73.0pt too wide) in paragraph at lines 8871--8871
[]\TU/lmtt/m/n/10 ##  $ Use_       : Factor w/ 2 levels "","Recreation": 2 2 2 
2 2 2 2 2 2 2 ...[] 
 []


Overfull \hbox (78.25pt too wide) in paragraph at lines 8871--8871
[]\TU/lmtt/m/n/10 ##  $ Condition  : Factor w/ 2 levels "Good","Unknown": 2 2 2
 2 2 2 2 2 2 2 ...[] 
 []

[219]
Underfull \vbox (badness 10000) detected at line 8973
 []


Underfull \vbox (badness 10000) detected at line 8973
 []

[220] [221]
Overfull \hbox (15.98001pt too wide) in paragraph at lines 8994--9005
 [][] 
 []

[222] [223]
Underfull \vbox (badness 10000) detected at line 9151
 []


Overfull \vbox (1.44005pt too high) detected at line 9151
 []

[224]
Underfull \vbox (badness 10000) detected at line 9151
 []


Underfull \vbox (badness 10000) detected at line 9151
 []

[225]
Underfull \vbox (badness 1210) detected at line 9191
 []

[226] [227]
Underfull \vbox (badness 10000) has occurred while \output is active []


Overfull \hbox (336.25pt too wide) has occurred while \output is active
[]
 []


Underfull \vbox (badness 10000) has occurred while \output is active []


Overfull \hbox (336.25pt too wide) has occurred while \output is active
[]
 []


Underfull \vbox (badness 10000) has occurred while \output is active []


Overfull \hbox (336.25pt too wide) has occurred while \output is active
[]
 []


Underfull \vbox (badness 10000) has occurred while \output is active []


Overfull \hbox (336.25pt too wide) has occurred while \output is active
[]
 []


Underfull \hbox (badness 10000) has occurred while \output is active
 [][][][] 
 []

[228

]
Underfull \vbox (badness 10000) detected at line 9216
 []


Overfull \hbox (336.25pt too wide) detected at line 9216
[]
 []


Underfull \vbox (badness 10000) detected at line 9216
 []


Overfull \hbox (336.25pt too wide) detected at line 9216
[]
 []


Underfull \vbox (badness 10000) detected at line 9216
 []


Overfull \hbox (336.25pt too wide) detected at line 9216
[]
 []


Underfull \vbox (badness 10000) detected at line 9216
 []


Overfull \hbox (336.25pt too wide) detected at line 9216
[]
 []

Chapter 10.

Underfull \hbox (badness 10000) has occurred while \output is active
 [][][][] 
 []

[229

]
File: bookdown_files/figure-latex/unnamed-chunk-261-1.pdf Graphic file (type pd
f)
<use bookdown_files/figure-latex/unnamed-chunk-261-1.pdf>
[230]
Overfull \hbox (52.0pt too wide) in paragraph at lines 9312--9312
[]\TU/lmtt/m/n/10 ## Call:  glm(formula = diabetes ~ glu, family = binomial, da
ta = Pima.tr)[] 
 []

[231]
Overfull \hbox (15.25pt too wide) in paragraph at lines 9347--9347
[]\TU/lmtt/m/n/10 ## glm(formula = diabetes ~ glu, family = binomial, data = Pi
ma.tr)[] 
 []

[232]
File: bookdown_files/figure-latex/unnamed-chunk-266-1.pdf Graphic file (type pd
f)
<use bookdown_files/figure-latex/unnamed-chunk-266-1.pdf>
[233]
File: bookdown_files/figure-latex/unnamed-chunk-267-1.pdf Graphic file (type pd
f)
<use bookdown_files/figure-latex/unnamed-chunk-267-1.pdf>
[234] [235]
Overfull \hbox (83.5pt too wide) in paragraph at lines 9520--9520
[]\TU/lmtt/m/n/10 ## Call:  glm(formula = diabetes ~ glu + bmi, family = binomi
al, data = Pima.tr)[] 
 []


Overfull \hbox (46.75pt too wide) in paragraph at lines 9557--9557
[]\TU/lmtt/m/n/10 ## glm(formula = diabetes ~ glu + bmi, family = binomial, dat
a = Pima.tr)[] 
 []

[236] [237]
File: bookdown_files/figure-latex/unnamed-chunk-272-1.pdf Graphic file (type pd
f)
<use bookdown_files/figure-latex/unnamed-chunk-272-1.pdf>
[238]
Overfull \hbox (10.0pt too wide) in paragraph at lines 9679--9679
[]\TU/lmtt/m/n/10 ##  $ Sepal.Width : num  3.5 3 3.2 3.1 3.6 3.9 3.4 3.4 2.9 3.
1 ...[] 
 []


Overfull \hbox (20.5pt too wide) in paragraph at lines 9679--9679
[]\TU/lmtt/m/n/10 ##  $ Petal.Length: num  1.4 1.4 1.3 1.5 1.4 1.7 1.4 1.5 1.4 
1.5 ...[] 
 []


Overfull \hbox (20.5pt too wide) in paragraph at lines 9679--9679
[]\TU/lmtt/m/n/10 ##  $ Petal.Width : num  0.2 0.2 0.2 0.2 0.2 0.4 0.3 0.2 0.2 
0.1 ...[] 
 []


Overfull \hbox (125.5pt too wide) in paragraph at lines 9679--9679
[]\TU/lmtt/m/n/10 ##  $ Species     : Factor w/ 3 levels "setosa","versicolor",
..: 1 1 1 1 1 1 1 1 1 1 ...[] 
 []

File: bookdown_files/figure-latex/unnamed-chunk-273-1.pdf Graphic file (type pd
f)
<use bookdown_files/figure-latex/unnamed-chunk-273-1.pdf>
[239]
File: bookdown_files/figure-latex/unnamed-chunk-273-2.pdf Graphic file (type pd
f)
<use bookdown_files/figure-latex/unnamed-chunk-273-2.pdf>
[240]
Overfull \hbox (67.75pt too wide) in paragraph at lines 9755--9755
[]\TU/lmtt/m/n/10 ## vglm(formula = Species ~ Petal.Width + Petal.Length, famil
y = multinomial,[] 
 []

[241]
Overfull \hbox (31.0pt too wide) in paragraph at lines 9755--9755
[]\TU/lmtt/m/n/10 ## Warning: Hauck-Donner effect detected in the following est
imate(s):[] 
 []


Overfull \hbox (31.0pt too wide) in paragraph at lines 9755--9755
[]\TU/lmtt/m/n/10 ## [](Intercept):1[], [](Intercept):2[], []Petal.Width:1[], [
]Petal.Length:1[][] 
 []

[242] [243] [244]
File: bookdown_files/figure-latex/unnamed-chunk-279-1.pdf Graphic file (type pd
f)
<use bookdown_files/figure-latex/unnamed-chunk-279-1.pdf>
[245] [246]
Overfull \hbox (41.5pt too wide) in paragraph at lines 10004--10004
[]\TU/lmtt/m/n/10 ##  $ x1      : num  -2.6 -2.5 -2.4 -2.3 -2.2 -2.1 -2 -1.9 -1
.8 -1.7 ...[] 
 []


Overfull \hbox (31.0pt too wide) in paragraph at lines 10004--10004
[]\TU/lmtt/m/n/10 ##   .. ..$ x1: chr [1:69] "x1=-2.6" "x1=-2.5" "x1=-2.4" "x1=
-2.3" ...[] 
 []


Overfull \hbox (31.0pt too wide) in paragraph at lines 10004--10004
[]\TU/lmtt/m/n/10 ##   .. ..$ x2: chr [1:50] "x2=-2.0" "x2=-1.9" "x2=-1.8" "x2=
-1.7" ...[] 
 []

File: bookdown_files/figure-latex/unnamed-chunk-282-1.pdf Graphic file (type pd
f)
<use bookdown_files/figure-latex/unnamed-chunk-282-1.pdf>
[247]
Overfull \hbox (41.5pt too wide) in paragraph at lines 10072--10072
[]\TU/lmtt/m/n/10 ##  $ x1      : num  -2.6 -2.5 -2.4 -2.3 -2.2 -2.1 -2 -1.9 -1
.8 -1.7 ...[] 
 []


Overfull \hbox (31.0pt too wide) in paragraph at lines 10072--10072
[]\TU/lmtt/m/n/10 ##   .. ..$ x1: chr [1:69] "x1=-2.6" "x1=-2.5" "x1=-2.4" "x1=
-2.3" ...[] 
 []


Overfull \hbox (31.0pt too wide) in paragraph at lines 10072--10072
[]\TU/lmtt/m/n/10 ##   .. ..$ x2: chr [1:50] "x2=-2.0" "x2=-1.9" "x2=-1.8" "x2=
-1.7" ...[] 
 []

[248]
File: bookdown_files/figure-latex/unnamed-chunk-283-1.pdf Graphic file (type pd
f)
<use bookdown_files/figure-latex/unnamed-chunk-283-1.pdf>
[249] [250] [251] [252]
Underfull \vbox (badness 10000) detected at line 10224
 []


Overfull \hbox (336.25pt too wide) detected at line 10224
[]
 []


Underfull \vbox (badness 10000) detected at line 10224
 []


Overfull \hbox (336.25pt too wide) detected at line 10224
[]
 []


Underfull \vbox (badness 10000) detected at line 10224
 []


Overfull \hbox (336.25pt too wide) detected at line 10224
[]
 []


Underfull \vbox (badness 10000) detected at line 10224
 []


Overfull \hbox (336.25pt too wide) detected at line 10224
[]
 []

Chapter 11.

Underfull \hbox (badness 10000) has occurred while \output is active
 [][][][] 
 []

[253


]
Overfull \hbox (4.75pt too wide) in paragraph at lines 10269--10269
[]    \TU/lmtt/m/n/10 by phobos.labs.example.com (Postfix) with ESMTP id 5AC994
415F[] 
 []


Overfull \hbox (57.25pt too wide) in paragraph at lines 10269--10269
[]    \TU/lmtt/m/n/10 for zzzz@localhost (single-drop); Fri, 23 Aug 2002 11:02:
59 +0100 (IST)[] 
 []


Overfull \hbox (52.0pt too wide) in paragraph at lines 10305--10305
[]\TU/lmtt/m/n/10 The Project Gutenberg EBook of Moby Dick; or The Whale, by He
rman Melville[] 
 []


Overfull \hbox (20.5pt too wide) in paragraph at lines 10305--10305
[]\TU/lmtt/m/n/10 almost no restrictions whatsoever.  You may copy it, give it 
away or[] 
 []


Overfull \hbox (15.25pt too wide) in paragraph at lines 10305--10305
[]\TU/lmtt/m/n/10 re-use it under the terms of the Project Gutenberg License in
cluded[] 
 []

[254]
Overfull \hbox (25.75pt too wide) in paragraph at lines 10305--10305
[]\TU/lmtt/m/n/10 *** START OF THIS PROJECT GUTENBERG EBOOK MOBY DICK; OR THE W
HALE ***[] 
 []

[255]
Overfull \hbox (25.75pt too wide) in paragraph at lines 10370--10370
[]\TU/lmtt/m/n/10 ##  [1] "From safety33o@l11.newnamedns.com  Fri Aug 23 11:03:
37 2002"[] 
 []


Overfull \hbox (46.75pt too wide) in paragraph at lines 10370--10370
[]\TU/lmtt/m/n/10 ##  [5] "\tby phobos.labs.example.com (Postfix) with ESMTP id
 5AC994415F"[] 
 []


Overfull \hbox (36.25pt too wide) in paragraph at lines 10370--10370
[]\TU/lmtt/m/n/10 ##  [6] "\tfor <zzzz@localhost>; Fri, 23 Aug 2002 06:02:59 -0
400 (EDT)"[] 
 []


Overfull \hbox (99.25pt too wide) in paragraph at lines 10370--10370
[]\TU/lmtt/m/n/10 ##  [9] "\tfor zzzz@localhost (single-drop); Fri, 23 Aug 2002
 11:02:59 +0100 (IST)"[] 
 []


Overfull \hbox (104.5pt too wide) in paragraph at lines 10412--10412
[]\TU/lmtt/m/n/10 ##  [1] "The Project Gutenberg EBook of Moby Dick; or The Wha
le, by Herman Melville"[] 
 []


Overfull \hbox (52.0pt too wide) in paragraph at lines 10412--10412
[]\TU/lmtt/m/n/10 ##  [2] "This eBook is for the use of anyone anywhere at no c
ost and with"[] 
 []


Overfull \hbox (73.0pt too wide) in paragraph at lines 10412--10412
[]\TU/lmtt/m/n/10 ##  [3] "almost no restrictions whatsoever.  You may copy it,
 give it away or"[] 
 []

[256]
Overfull \hbox (67.75pt too wide) in paragraph at lines 10412--10412
[]\TU/lmtt/m/n/10 ##  [4] "re-use it under the terms of the Project Gutenberg L
icense included"[] 
 []


Overfull \hbox (78.25pt too wide) in paragraph at lines 10412--10412
[]\TU/lmtt/m/n/10 ## [12] "*** START OF THIS PROJECT GUTENBERG EBOOK MOBY DICK;
 OR THE WHALE ***"[] 
 []


Overfull \hbox (67.75pt too wide) in paragraph at lines 10412--10412
[]\TU/lmtt/m/n/10 ## [17] "This text is a combination of etexts, one from the n
ow-defunct ERIS"[] 
 []


Overfull \hbox (88.75pt too wide) in paragraph at lines 10412--10412
[]\TU/lmtt/m/n/10 ## [18] "project at Virginia Tech and one from Project Gutenb
erg[]s archives. The"[] 
 []


Overfull \hbox (88.75pt too wide) in paragraph at lines 10412--10412
[]\TU/lmtt/m/n/10 ## [19] "proofreaders of this version are indebted to The Uni
versity of Adelaide"[] 
 []


Overfull \hbox (78.25pt too wide) in paragraph at lines 10412--10412
[]\TU/lmtt/m/n/10 ## [20] "Library for preserving the Virginia Tech version. Th
e resulting etext"[] 
 []


Overfull \hbox (52.0pt too wide) in paragraph at lines 10412--10412
[]\TU/lmtt/m/n/10 ## [21] "was compared with a public domain hard copy version 
of the text."[] 
 []


Overfull \hbox (78.25pt too wide) in paragraph at lines 10412--10412
[]\TU/lmtt/m/n/10 ## [22] "In chapters 24, 89, and 90, we substituted a capital
 L for the symbol"[] 
 []


Overfull \hbox (20.5pt too wide) in paragraph at lines 10412--10412
[]\TU/lmtt/m/n/10 ## [25] "(Supplied by a Late Consumptive Usher to a Grammar S
chool)"[] 
 []


Overfull \hbox (78.25pt too wide) in paragraph at lines 10440--10440
[]\TU/lmtt/m/n/10 ## [2] "Call me Ishmael. Some years ago--never mind how long 
precisely--having"[] 
 []


Overfull \hbox (88.75pt too wide) in paragraph at lines 10440--10440
[]\TU/lmtt/m/n/10 ## [3] "little or no money in my purse, and nothing particula
r to interest me on"[] 
 []


Overfull \hbox (83.5pt too wide) in paragraph at lines 10440--10440
[]\TU/lmtt/m/n/10 ## [4] "shore, I thought I would sail about a little and see 
the watery part of"[] 
 []

[257]
Overfull \hbox (88.75pt too wide) in paragraph at lines 10454--10454
[]\TU/lmtt/m/n/10 ## [1] "they glided by as if with padlocks on their mouths; t
he savage sea-hawks"[] 
 []


Overfull \hbox (88.75pt too wide) in paragraph at lines 10454--10454
[]\TU/lmtt/m/n/10 ## [2] "sailed with sheathed beaks. On the second day, a sail
 drew near, nearer,"[] 
 []


Overfull \hbox (73.0pt too wide) in paragraph at lines 10454--10454
[]\TU/lmtt/m/n/10 ## [3] "and picked me up at last. It was the devious-cruising
 Rachel, that in"[] 
 []


Overfull \hbox (62.5pt too wide) in paragraph at lines 10454--10454
[]\TU/lmtt/m/n/10 ## [4] "her retracing search after her missing children, only
 found another"[] 
 []

[258] [259]
File: bookdown_files/figure-latex/cointoss-1.pdf Graphic file (type pdf)
<use bookdown_files/figure-latex/cointoss-1.pdf>
[260]
File: bookdown_files/figure-latex/cointoss-2.pdf Graphic file (type pdf)
<use bookdown_files/figure-latex/cointoss-2.pdf>
[261] [262] [263] [264] [265] [266] [267] [268]
File: bookdown_files/figure-latex/unnamed-chunk-312-1.pdf Graphic file (type pd
f)
<use bookdown_files/figure-latex/unnamed-chunk-312-1.pdf>
[269]
File: bookdown_files/figure-latex/unnamed-chunk-314-1.pdf Graphic file (type pd
f)
<use bookdown_files/figure-latex/unnamed-chunk-314-1.pdf>
[270] [271] [272] [273]
Underfull \vbox (badness 10000) has occurred while \output is active []


Overfull \hbox (336.25pt too wide) has occurred while \output is active
[]
 []


Underfull \vbox (badness 10000) has occurred while \output is active []


Overfull \hbox (336.25pt too wide) has occurred while \output is active
[]
 []


Underfull \vbox (badness 10000) has occurred while \output is active []


Overfull \hbox (336.25pt too wide) has occurred while \output is active
[]
 []


Underfull \vbox (badness 10000) has occurred while \output is active []


Overfull \hbox (336.25pt too wide) has occurred while \output is active
[]
 []


Underfull \hbox (badness 10000) has occurred while \output is active
 [][][][] 
 []

[274

]
Underfull \vbox (badness 10000) detected at line 11322
 []


Overfull \hbox (336.25pt too wide) detected at line 11322
[]
 []


Underfull \vbox (badness 10000) detected at line 11322
 []


Overfull \hbox (336.25pt too wide) detected at line 11322
[]
 []


Underfull \vbox (badness 10000) detected at line 11322
 []


Overfull \hbox (336.25pt too wide) detected at line 11322
[]
 []


Underfull \vbox (badness 10000) detected at line 11322
 []


Overfull \hbox (336.25pt too wide) detected at line 11322
[]
 []

Chapter 12.

Underfull \hbox (badness 10000) has occurred while \output is active
 [][][][] 
 []

[275

] [276]
Underfull \hbox (badness 10000) detected at line 11406
 [][]
 []


Underfull \hbox (badness 10000) detected at line 11406
[][][]
 []


Underfull \hbox (badness 10000) detected at line 11409
 [][]
 []


Underfull \hbox (badness 10000) detected at line 11409
[][][]
 []


Underfull \hbox (badness 5878) in paragraph at lines 11410--11411
[]\TU/lmtt/m/n/10 using namespace Rcpp;\TU/lmr/m/n/10 : allows us to call funct
ions from
 []


Underfull \hbox (badness 3291) in paragraph at lines 11410--11411
\TU/lmr/m/n/10 the Rcpp header file by writing \TU/lmtt/m/n/10 functionname \TU
/lmr/m/n/10 instead of
 []


Underfull \hbox (badness 10000) detected at line 11413
 [][]
 []


Underfull \hbox (badness 10000) detected at line 11413
[][][]
 []


Underfull \hbox (badness 10000) detected at line 11417
 [][]
 []


Underfull \hbox (badness 10000) detected at line 11417
[][][]
 []


Underfull \hbox (badness 10000) detected at line 11421
 [][]
 []


Underfull \hbox (badness 10000) detected at line 11421
[][][]
 []

[277] [278] [279] [280] [281] [282]
Underfull \hbox (badness 2376) in paragraph at lines 11700--11702
[]\TU/lmr/m/n/10 We create a new numeric vector of length n with a constructor:

 []

[283] [284]
Underfull \vbox (badness 10000) detected at line 11771
 []


Overfull \hbox (336.25pt too wide) detected at line 11771
[]
 []


Underfull \vbox (badness 10000) detected at line 11771
 []


Overfull \hbox (336.25pt too wide) detected at line 11771
[]
 []


Underfull \vbox (badness 10000) detected at line 11771
 []


Overfull \hbox (336.25pt too wide) detected at line 11771
[]
 []


Underfull \vbox (badness 10000) detected at line 11771
 []


Overfull \hbox (336.25pt too wide) detected at line 11771
[]
 []

Chapter 13.

Underfull \hbox (badness 10000) has occurred while \output is active
 [][][][] 
 []

[285


]
Underfull \hbox (badness 10000) detected at line 11798
 [][]
 []


Underfull \hbox (badness 10000) detected at line 11798
[][][]
 []


Underfull \hbox (badness 10000) detected at line 11800
 [][]
 []


Underfull \hbox (badness 10000) detected at line 11800
[][][]
 []


Underfull \hbox (badness 10000) detected at line 11802
 [][]
 []


Underfull \hbox (badness 10000) detected at line 11802
[][][]
 []

[286]
Underfull \hbox (badness 10000) detected at line 11826
 [][]
 []


Underfull \hbox (badness 10000) detected at line 11826
[][][]
 []


Underfull \hbox (badness 10000) detected at line 11828
 [][]
 []


Underfull \hbox (badness 10000) detected at line 11828
[][][]
 []


Underfull \hbox (badness 10000) detected at line 11830
 [][]
 []


Underfull \hbox (badness 10000) detected at line 11830
[][][]
 []

[287]
Underfull \hbox (badness 10000) detected at line 11869
 [][]
 []


Underfull \hbox (badness 10000) detected at line 11869
[][][]
 []


Underfull \hbox (badness 10000) detected at line 11871
 [][]
 []


Underfull \hbox (badness 10000) detected at line 11871
[][][]
 []


Underfull \hbox (badness 10000) detected at line 11873
 [][]
 []


Underfull \hbox (badness 10000) detected at line 11873
[][][]
 []

[288]
Underfull \hbox (badness 1038) in paragraph at lines 11885--11886
\TU/lmtt/m/n/10 dplyr \TU/lmr/m/n/10 communicate with the SQL engine, install t
he \TU/lmtt/m/n/10 dbplyr \TU/lmr/m/n/10 package
 []


Underfull \hbox (badness 1142) in paragraph at lines 11885--11886
\TU/lmr/m/n/10 using \TU/lmtt/m/n/10 install.packages("dbplyr")\TU/lmr/m/n/10 .
 Next we need the \TU/lmtt/m/n/10 RSQLite \TU/lmr/m/n/10 pack-
 []


Underfull \hbox (badness 1112) in paragraph at lines 11885--11886
\TU/lmr/m/n/10 age for interfacing with the SQLite database. Install this by ru
nning
 []

[289]
Overfull \hbox (104.5pt too wide) in paragraph at lines 11920--11920
[]\TU/lmtt/m/n/10 ## src:  sqlite 3.38.5 [/home/jeffdoser/Dropbox/teaching/for8
75/textbook/chinook.db][] 
 []


Overfull \hbox (20.5pt too wide) in paragraph at lines 11951--11951
[]\TU/lmtt/m/n/10 ## #   [/home/jeffdoser/Dropbox/teaching/for875/textbook/chin
ook.db][] 
 []

[290]
Overfull \hbox (20.5pt too wide) in paragraph at lines 11980--11980
[]\TU/lmtt/m/n/10 ## #   [/home/jeffdoser/Dropbox/teaching/for875/textbook/chin
ook.db][] 
 []


Overfull \hbox (20.5pt too wide) in paragraph at lines 12001--12001
[]\TU/lmtt/m/n/10 ## #   [/home/jeffdoser/Dropbox/teaching/for875/textbook/chin
ook.db][] 
 []

[291]
Overfull \hbox (20.5pt too wide) in paragraph at lines 12021--12021
[]\TU/lmtt/m/n/10 ## #   [/home/jeffdoser/Dropbox/teaching/for875/textbook/chin
ook.db][] 
 []


Overfull \hbox (20.5pt too wide) in paragraph at lines 12045--12045
[]\TU/lmtt/m/n/10 ## #   [/home/jeffdoser/Dropbox/teaching/for875/textbook/chin
ook.db][] 
 []

[292]
File: bookdown_files/figure-latex/unnamed-chunk-343-1.pdf Graphic file (type pd
f)
<use bookdown_files/figure-latex/unnamed-chunk-343-1.pdf>
[293]
File: bookdown_files/figure-latex/unnamed-chunk-344-1.pdf Graphic file (type pd
f)
<use bookdown_files/figure-latex/unnamed-chunk-344-1.pdf>
[294]
Underfull \vbox (badness 1571) detected at line 12130
 []

[295] [296] [297] [298]
File: bookdown_files/figure-latex/unnamed-chunk-349-1.pdf Graphic file (type pd
f)
<use bookdown_files/figure-latex/unnamed-chunk-349-1.pdf>
[299] [300] [301]
Underfull \vbox (badness 10000) has occurred while \output is active []


Overfull \hbox (336.25pt too wide) has occurred while \output is active
[]
 []


Underfull \vbox (badness 10000) has occurred while \output is active []


Overfull \hbox (336.25pt too wide) has occurred while \output is active
[]
 []


Underfull \vbox (badness 10000) has occurred while \output is active []


Overfull \hbox (336.25pt too wide) has occurred while \output is active
[]
 []


Underfull \vbox (badness 10000) has occurred while \output is active []


Overfull \hbox (336.25pt too wide) has occurred while \output is active
[]
 []


Underfull \hbox (badness 10000) has occurred while \output is active
 [][][][] 
 []

[302

]
Underfull \vbox (badness 10000) detected at line 12308
 []


Overfull \hbox (336.25pt too wide) detected at line 12308
[]
 []


Underfull \vbox (badness 10000) detected at line 12308
 []


Overfull \hbox (336.25pt too wide) detected at line 12308
[]
 []


Underfull \vbox (badness 10000) detected at line 12308
 []


Overfull \hbox (336.25pt too wide) detected at line 12308
[]
 []


Underfull \vbox (badness 10000) detected at line 12308
 []


Overfull \hbox (336.25pt too wide) detected at line 12308
[]
 []

Chapter 14.

Underfull \hbox (badness 10000) has occurred while \output is active
 [][][][] 
 []

[303

]
File: bookdown_files/figure-latex/analogsignal-1.pdf Graphic file (type pdf)
<use bookdown_files/figure-latex/analogsignal-1.pdf>
File: bookdown_files/figure-latex/digital-1.pdf Graphic file (type pdf)
<use bookdown_files/figure-latex/digital-1.pdf>
[304] [305]
Underfull \hbox (badness 10000) detected at line 12345
 [][]
 []


Underfull \hbox (badness 10000) detected at line 12345
[][][]
 []


Underfull \hbox (badness 10000) detected at line 12347
 [][]
 []


Underfull \hbox (badness 10000) detected at line 12347
[][][]
 []


Underfull \hbox (badness 10000) detected at line 12349
 [][]
 []


Underfull \hbox (badness 10000) detected at line 12349
[][][]
 []


Underfull \hbox (badness 10000) detected at line 12371
 [][]
 []


Underfull \hbox (badness 10000) detected at line 12371
[][][]
 []


Underfull \hbox (badness 10000) detected at line 12373
 [][]
 []


Underfull \hbox (badness 10000) detected at line 12373
[][][]
 []


Underfull \hbox (badness 10000) detected at line 12375
 [][]
 []


Underfull \hbox (badness 10000) detected at line 12375
[][][]
 []

[306]
Underfull \hbox (badness 10000) detected at line 12377
 [][]
 []


Underfull \hbox (badness 10000) detected at line 12377
[][][]
 []

File: bookdown_files/figure-latex/unnamed-chunk-351-1.pdf Graphic file (type pd
f)
<use bookdown_files/figure-latex/unnamed-chunk-351-1.pdf>
[307]
File: bookdown_files/figure-latex/unnamed-chunk-352-1.pdf Graphic file (type pd
f)
<use bookdown_files/figure-latex/unnamed-chunk-352-1.pdf>
[308]
File: bookdown_files/figure-latex/unnamed-chunk-353-1.pdf Graphic file (type pd
f)
<use bookdown_files/figure-latex/unnamed-chunk-353-1.pdf>

Underfull \hbox (badness 10000) in paragraph at lines 12433--12434
[]\TU/lmr/m/n/10 We add noise to the function by adding a random value
 []

[309]
File: bookdown_files/figure-latex/unnamed-chunk-354-1.pdf Graphic file (type pd
f)
<use bookdown_files/figure-latex/unnamed-chunk-354-1.pdf>
[310]
File: bookdown_files/figure-latex/unnamed-chunk-355-1.pdf Graphic file (type pd
f)
<use bookdown_files/figure-latex/unnamed-chunk-355-1.pdf>
File: bookdown_files/figure-latex/unnamed-chunk-356-1.pdf Graphic file (type pd
f)
<use bookdown_files/figure-latex/unnamed-chunk-356-1.pdf>
[311] [312]
File: bookdown_files/figure-latex/filters-1.pdf Graphic file (type pdf)
<use bookdown_files/figure-latex/filters-1.pdf>
[313]
File: bookdown_files/figure-latex/unnamed-chunk-357-1.pdf Graphic file (type pd
f)
<use bookdown_files/figure-latex/unnamed-chunk-357-1.pdf>
File: bookdown_files/figure-latex/unnamed-chunk-358-1.pdf Graphic file (type pd
f)
<use bookdown_files/figure-latex/unnamed-chunk-358-1.pdf>
[314] [315]
File: figures/cedarWaxwing.jpg Graphic file (type bmp)
<figures/cedarWaxwing.jpg>
[316] [317] [318] [319] [320]
File: figures/sampleSpectrogram.jpg Graphic file (type bmp)
<figures/sampleSpectrogram.jpg>

Overfull \hbox (83.0939pt too wide) in paragraph at lines 12727--12727
[][][][] 
 []


LaTeX Warning: Float too large for page by 22.00389pt on input line 12728.

File: figures/annotatedSpec.jpeg Graphic file (type bmp)
<figures/annotatedSpec.jpeg>

Overfull \hbox (83.0991pt too wide) in paragraph at lines 12774--12774
[][][][] 
 []


LaTeX Warning: Float too large for page by 22.0106pt on input line 12775.

[321] [322] [323]
Overfull \vbox (0.91017pt too high) detected at line 12828
 []

[324]
File: bookdown_files/figure-latex/unnamed-chunk-371-1.pdf Graphic file (type pd
f)
<use bookdown_files/figure-latex/unnamed-chunk-371-1.pdf>
[325] [326]
Underfull \vbox (badness 10000) detected at line 12859
 []


Overfull \hbox (336.25pt too wide) detected at line 12859
[]
 []


Underfull \vbox (badness 10000) detected at line 12859
 []


Overfull \hbox (336.25pt too wide) detected at line 12859
[]
 []


Underfull \vbox (badness 10000) detected at line 12859
 []


Overfull \hbox (336.25pt too wide) detected at line 12859
[]
 []


Underfull \vbox (badness 10000) detected at line 12859
 []


Overfull \hbox (336.25pt too wide) detected at line 12859
[]
 []

Chapter 15.

Overfull \hbox (10.0pt too wide) in paragraph at lines 12880--12880
[]\TU/lmtt/m/n/10 ##  $ Sepal.Width : num  3.5 3 3.2 3.1 3.6 3.9 3.4 3.4 2.9 3.
1 ...[] 
 []


Overfull \hbox (20.5pt too wide) in paragraph at lines 12880--12880
[]\TU/lmtt/m/n/10 ##  $ Petal.Length: num  1.4 1.4 1.3 1.5 1.4 1.7 1.4 1.5 1.4 
1.5 ...[] 
 []


Overfull \hbox (20.5pt too wide) in paragraph at lines 12880--12880
[]\TU/lmtt/m/n/10 ##  $ Petal.Width : num  0.2 0.2 0.2 0.2 0.2 0.4 0.3 0.2 0.2 
0.1 ...[] 
 []


Overfull \hbox (125.5pt too wide) in paragraph at lines 12880--12880
[]\TU/lmtt/m/n/10 ##  $ Species     : Factor w/ 3 levels "setosa","versicolor",
..: 1 1 1 1 1 1 1 1 1 1 ...[] 
 []

File: bookdown_files/figure-latex/unnamed-chunk-373-1.pdf Graphic file (type pd
f)
<use bookdown_files/figure-latex/unnamed-chunk-373-1.pdf>

Underfull \hbox (badness 10000) has occurred while \output is active
 [][][][] 
 []

[327


]
File: bookdown_files/figure-latex/unnamed-chunk-374-1.pdf Graphic file (type pd
f)
<use bookdown_files/figure-latex/unnamed-chunk-374-1.pdf>
[328]
File: bookdown_files/figure-latex/unnamed-chunk-375-1.pdf Graphic file (type pd
f)
<use bookdown_files/figure-latex/unnamed-chunk-375-1.pdf>

Underfull \hbox (badness 10000) detected at line 12922
 [][]
 []


Underfull \hbox (badness 10000) detected at line 12922
[][][]
 []


Underfull \hbox (badness 10000) detected at line 12924
 [][]
 []


Underfull \hbox (badness 10000) detected at line 12924
[][][]
 []


Underfull \hbox (badness 10000) detected at line 12926
 [][]
 []


Underfull \hbox (badness 10000) detected at line 12926
[][][]
 []


Underfull \hbox (badness 10000) detected at line 12928
 [][]
 []


Underfull \hbox (badness 10000) detected at line 12928
[][][]
 []

[329]
File: bookdown_files/figure-latex/unnamed-chunk-376-1.pdf Graphic file (type pd
f)
<use bookdown_files/figure-latex/unnamed-chunk-376-1.pdf>
File: bookdown_files/figure-latex/unnamed-chunk-377-1.pdf Graphic file (type pd
f)
<use bookdown_files/figure-latex/unnamed-chunk-377-1.pdf>
[330]
File: bookdown_files/figure-latex/unnamed-chunk-378-1.pdf Graphic file (type pd
f)
<use bookdown_files/figure-latex/unnamed-chunk-378-1.pdf>
[331]
File: bookdown_files/figure-latex/unnamed-chunk-379-1.pdf Graphic file (type pd
f)
<use bookdown_files/figure-latex/unnamed-chunk-379-1.pdf>
[332]
File: bookdown_files/figure-latex/unnamed-chunk-380-1.pdf Graphic file (type pd
f)
<use bookdown_files/figure-latex/unnamed-chunk-380-1.pdf>
[333]
File: bookdown_files/figure-latex/unnamed-chunk-381-1.pdf Graphic file (type pd
f)
<use bookdown_files/figure-latex/unnamed-chunk-381-1.pdf>
[334]
Overfull \hbox (73.0pt too wide) in paragraph at lines 13050--13050
[]\TU/lmtt/m/n/10 ##  $ state              : chr  "Alabama " "Alaska " "Arizona
 " "Arkansas" ...[] 
 []


Overfull \hbox (46.75pt too wide) in paragraph at lines 13050--13050
[]\TU/lmtt/m/n/10 ##  $ murder             : num  8.2 4.8 7.5 6.7 6.9 3.7 2.9 4
.4 5 6.2 ...[] 
 []


Overfull \hbox (88.75pt too wide) in paragraph at lines 13050--13050
[]\TU/lmtt/m/n/10 ##  $ Forcible_rate      : num  34.3 81.1 33.8 42.9 26 43.4 2
0 44.7 37.1 23.6 ...[] 
 []

[335]
Overfull \hbox (267.25pt too wide) in paragraph at lines 13050--13050
[]\TU/lmtt/m/n/10 ##  $ population         : int  4627851 686293 6500180 285539
0 36756666 4861515 3501252 873092 18328340 9685744 ...[] 
 []

File: bookdown_files/figure-latex/unnamed-chunk-382-1.pdf Graphic file (type pd
f)
<use bookdown_files/figure-latex/unnamed-chunk-382-1.pdf>
File: bookdown_files/figure-latex/unnamed-chunk-383-1.pdf Graphic file (type pd
f)
<use bookdown_files/figure-latex/unnamed-chunk-383-1.pdf>
[336]
File: bookdown_files/figure-latex/unnamed-chunk-384-1.pdf Graphic file (type pd
f)
<use bookdown_files/figure-latex/unnamed-chunk-384-1.pdf>
[337]
File: bookdown_files/figure-latex/unnamed-chunk-385-1.pdf Graphic file (type pd
f)
<use bookdown_files/figure-latex/unnamed-chunk-385-1.pdf>
[338]
File: bookdown_files/figure-latex/unnamed-chunk-386-1.pdf Graphic file (type pd
f)
<use bookdown_files/figure-latex/unnamed-chunk-386-1.pdf>
[339]
File: bookdown_files/figure-latex/unnamed-chunk-387-1.pdf Graphic file (type pd
f)
<use bookdown_files/figure-latex/unnamed-chunk-387-1.pdf>
[340]
File: bookdown_files/figure-latex/unnamed-chunk-389-1.pdf Graphic file (type pd
f)
<use bookdown_files/figure-latex/unnamed-chunk-389-1.pdf>
[341] [342]
File: bookdown_files/figure-latex/unnamed-chunk-391-1.pdf Graphic file (type pd
f)
<use bookdown_files/figure-latex/unnamed-chunk-391-1.pdf>
File: bookdown_files/figure-latex/unnamed-chunk-392-1.pdf Graphic file (type pd
f)
<use bookdown_files/figure-latex/unnamed-chunk-392-1.pdf>
[343]
File: bookdown_files/figure-latex/unnamed-chunk-393-1.pdf Graphic file (type pd
f)
<use bookdown_files/figure-latex/unnamed-chunk-393-1.pdf>
[344]
File: bookdown_files/figure-latex/unnamed-chunk-394-1.pdf Graphic file (type pd
f)
<use bookdown_files/figure-latex/unnamed-chunk-394-1.pdf>
[345]
File: bookdown_files/figure-latex/unnamed-chunk-395-1.pdf Graphic file (type pd
f)
<use bookdown_files/figure-latex/unnamed-chunk-395-1.pdf>
[346]
File: bookdown_files/figure-latex/unnamed-chunk-397-1.pdf Graphic file (type pd
f)
<use bookdown_files/figure-latex/unnamed-chunk-397-1.pdf>
[347]
File: bookdown_files/figure-latex/unnamed-chunk-398-1.pdf Graphic file (type pd
f)
<use bookdown_files/figure-latex/unnamed-chunk-398-1.pdf>
File: bookdown_files/figure-latex/unnamed-chunk-399-1.pdf Graphic file (type pd
f)
<use bookdown_files/figure-latex/unnamed-chunk-399-1.pdf>
[348]
File: bookdown_files/figure-latex/unnamed-chunk-400-1.pdf Graphic file (type pd
f)
<use bookdown_files/figure-latex/unnamed-chunk-400-1.pdf>
File: bookdown_files/figure-latex/unnamed-chunk-401-1.pdf Graphic file (type pd
f)
<use bookdown_files/figure-latex/unnamed-chunk-401-1.pdf>
[349] [350]
Underfull \hbox (badness 10000) detected at line 13422
 [][]
 []


Underfull \hbox (badness 10000) detected at line 13422
[][][]
 []


Underfull \hbox (badness 10000) detected at line 13444
 [][]
 []


Underfull \hbox (badness 10000) detected at line 13444
[][][]
 []


Underfull \hbox (badness 10000) detected at line 13446
 [][]
 []


Underfull \hbox (badness 10000) detected at line 13446
[][][]
 []


Underfull \hbox (badness 10000) detected at line 13448
 [][]
 []


Underfull \hbox (badness 10000) detected at line 13448
[][][]
 []


Underfull \hbox (badness 10000) detected at line 13450
 [][]
 []


Underfull \hbox (badness 10000) detected at line 13450
[][][]
 []


Underfull \hbox (badness 10000) detected at line 13452
 [][]
 []


Underfull \hbox (badness 10000) detected at line 13452
[][][]
 []


Underfull \hbox (badness 10000) detected at line 13454
 [][]
 []


Underfull \hbox (badness 10000) detected at line 13454
[][][]
 []

[351] [352]
Underfull \vbox (badness 10000) detected at line 13467
 []


Overfull \hbox (336.25pt too wide) detected at line 13467
[]
 []


Underfull \vbox (badness 10000) detected at line 13467
 []


Overfull \hbox (336.25pt too wide) detected at line 13467
[]
 []


Underfull \vbox (badness 10000) detected at line 13467
 []


Overfull \hbox (336.25pt too wide) detected at line 13467
[]
 []


Underfull \vbox (badness 10000) detected at line 13467
 []


Overfull \hbox (336.25pt too wide) detected at line 13467
[]
 []

Chapter 16.

Underfull \hbox (badness 10000) has occurred while \output is active
 [][][][] 
 []

[353


] [354] [355] [356] (./bookdown.bbl [357]
Underfull \vbox (badness 10000) has occurred while \output is active []


Overfull \hbox (336.25pt too wide) has occurred while \output is active
[]
 []


Underfull \vbox (badness 10000) has occurred while \output is active []


Overfull \hbox (336.25pt too wide) has occurred while \output is active
[]
 []


Underfull \vbox (badness 10000) has occurred while \output is active []


Overfull \hbox (336.25pt too wide) has occurred while \output is active
[]
 []


Underfull \vbox (badness 10000) has occurred while \output is active []


Overfull \hbox (336.25pt too wide) has occurred while \output is active
[]
 []


Underfull \hbox (badness 10000) has occurred while \output is active
 [][][][] 
 []

[358

]
Underfull \vbox (badness 10000) detected at line 1
 []


Overfull \hbox (336.25pt too wide) detected at line 1
[]
 []


Underfull \vbox (badness 10000) detected at line 1
 []


Overfull \hbox (336.25pt too wide) detected at line 1
[]
 []


Underfull \vbox (badness 10000) detected at line 1
 []


Overfull \hbox (336.25pt too wide) detected at line 1
[]
 []


Underfull \vbox (badness 10000) detected at line 1
 []


Overfull \hbox (336.25pt too wide) detected at line 1
[]
 []


Underfull \hbox (badness 10000) detected at line 1
[]
 []

) (./bookdown.ind)
Underfull \hbox (badness 10000) has occurred while \output is active
 [][][][] 
 []

[359

] (./bookdown.aux)

LaTeX Warning: There were multiply-defined labels.

 ) 
Here is how much of TeX's memory you used:
 24381 strings out of 476191
 473435 string characters out of 5812072
 937554 words of memory out of 5000000
 44580 multiletter control sequences out of 15000+600000
 492921 words of font info for 101 fonts, out of 8000000 for 9000
 1348 hyphenation exceptions out of 8191
 86i,10n,121p,1801b,667s stack positions out of 5000i,500n,10000p,200000b,80000s

Output written on bookdown.pdf (373 pages).
